table,id,parent,name,url,keywords,pic,preview,photo,active,sort,group,announce_text,body_text,body_chars
maskaradkid_mod_articles_list,1,1,Золотой ключик,/detskii-prazdnik/zolotoi-klyuchik.html,"Золотой ключик, детский праздник, сказка с Буратино, Мальвина, Алиса, Базилио",articles_listing1_2.jpg,articles_listing1_1.jpg,listing1.jpg,1,74,show,,,0
maskaradkid_mod_articles_list,3,1,Винни пух и все все все,/detskii-prazdnik/vinni-puh.html,"Винни пух и все все все: пятачок, ослик иа иа, умный кролик и сова, заказать винни пуха, организация детских праздников",articles_listing3_2.jpg,articles_listing3_1.jpg,listing3.jpg,1,2,show,,,0
maskaradkid_mod_articles_list,2,1,Сказка Шрека,/detskii-prazdnik/skazka-shreka.html,"Сказка Шрека, детский праздник, Феона, осел, волшебница, кот в сапогах, Шрек",articles_listing2_2.jpg,articles_listing2_1.jpg,listing2.jpg,1,163,show,,,0
maskaradkid_mod_articles_list,4,1,Волшебная фея,/detskii-prazdnik/volshebnaya-feya.html,"Волшебная фея, детские праздники, детский праздник дома, детский день рождения, день рождения ребенка",articles_listing4_2.jpg,articles_listing4_1.jpg,listing4.jpg,1,166,show,,,0
maskaradkid_mod_articles_list,7,1,Золушка,/detskii-prazdnik/zolushka.html,"Золушка, хрустальная туфелька, принц, фея и злая мачеха, золушка на праздник, аниматор золушка",articles_listing7_2.jpg,articles_listing7_1.jpg,articles_listing7.jpg,1,1,show,,,0
maskaradkid_mod_articles_list,6,2,Оформление воздушными шарами,/detskie-uslugi/oformlenie-sharami.html,"Оформление воздушными шарами, украшение детского праздника",articles_listing6_2.jpg,articles_listing6_1.jpg,listing6.jpg,1,10,service,,,0
maskaradkid_mod_articles_list,5,1,Ледниковый период,/detskii-prazdnik/lednikovyi-period.html,"Ледниковый период, Манфред, Сид, Диего, Элли и белка с орехом",articles_listing5_2.jpg,articles_listing5_1.jpg,articles_listing5.jpg,1,44,show,,,0
maskaradkid_mod_articles_list,533,77,Сестрица,,,,articles_listing533_1.jpg,articles_listing533.jpg,1,9,no-url,,,0
maskaradkid_mod_articles_list,534,77,Какой ужас,,,,articles_listing534_1.jpg,articles_listing534.jpg,0,10,no-url,,,0
maskaradkid_mod_articles_list,535,77,Иду на бал,,,,articles_listing535_1.jpg,articles_listing535.jpg,1,11,no-url,,,0
maskaradkid_mod_articles_list,983,98,portraits.su,http://www.karpovich.ru/wave/pr005.html,,,,,1,6,other,,,0
maskaradkid_mod_articles_list,984,96,imperia-r.ru,http://www.nersys.ru/urls_partner_0.html,,,,,1,246,other,,,0
maskaradkid_mod_articles_list,537,77,вот твое место,,,,articles_listing537_1.jpg,articles_listing537.jpg,0,13,no-url,,,0
maskaradkid_mod_articles_list,545,86,Вперед к звездам,,,,articles_listing545_1.jpg,articles_listing545.jpg,0,11,no-url,,,0
maskaradkid_mod_articles_list,8,3,Ребенок рождает родителей,,Ребенок рождает родителей,,,,1,1,no-url,,,0
maskaradkid_mod_articles_list,9,3,"Родители - настолько простые устройства, что ими могут управлять даже дети.",,"Родители - настолько простые устройства, что ими могут управлять даже дети.",,,,1,12,no-url,,,0
maskaradkid_mod_articles_list,10,3,Непросто поставить детей на ноги - особенно ранним утром.,,,,,,1,13,no-url,,,0
maskaradkid_mod_articles_list,224,22,"Прыгай на шест, получишь банан",,,,gallery_listing168_1.jpg,gallery_listing168.jpg,1,24,no-url,,,0
maskaradkid_mod_articles_list,225,22,"Не шевелись, а то упадешь",,,,gallery_listing169_1.jpg,gallery_listing169.jpg,1,25,no-url,,,0
maskaradkid_mod_articles_list,226,22,Стой ровно!,,,,gallery_listing170_1.jpg,gallery_listing170.jpg,1,26,no-url,,,0
maskaradkid_mod_articles_list,227,22,Мастеру за труд,,,,gallery_listing171_1.jpg,gallery_listing171.jpg,1,27,no-url,,,0
maskaradkid_mod_articles_list,228,22,Фокус,,,,gallery_listing172_1.jpg,gallery_listing172.jpg,1,28,no-url,,,0
maskaradkid_mod_articles_list,229,22,"А это, дети, квадрат",,,,gallery_listing173_1.jpg,gallery_listing173.jpg,1,29,no-url,,,0
maskaradkid_mod_articles_list,230,22,Черный ящик в студию!,,,,gallery_listing174_1.jpg,gallery_listing174.jpg,1,30,no-url,,,0
maskaradkid_mod_articles_list,231,22,Сим салабим!,,,,gallery_listing175_1.jpg,gallery_listing175.jpg,1,31,no-url,,,0
maskaradkid_mod_articles_list,232,22,Аплодисменты маме,,,,gallery_listing176_1.jpg,gallery_listing176.jpg,1,32,no-url,,,0
maskaradkid_mod_articles_list,233,22,Общее фото,,,,gallery_listing177_1.jpg,gallery_listing177.jpg,1,33,no-url,,,0
maskaradkid_mod_articles_list,234,22,УРА!!!!,,,,gallery_listing178_1.jpg,gallery_listing178.jpg,1,34,no-url,,,0
maskaradkid_mod_articles_list,235,22,Часовых дел мастер,,,,gallery_listing179_1.jpg,gallery_listing179.jpg,1,35,no-url,,,0
maskaradkid_mod_articles_list,236,22,Праздничный торт от алисы,,,,gallery_listing180_1.jpg,gallery_listing180.jpg,1,36,no-url,,,0
maskaradkid_mod_articles_list,237,22,Эйфория!,,,,gallery_listing181_1.jpg,gallery_listing181.jpg,1,37,no-url,,,0
maskaradkid_mod_articles_list,238,23,"Кристофер Робин, Винни Пух и Пятачек",,,,gallery_listing182_1.jpg,gallery_listing182.jpg,1,1,no-url,,,0
maskaradkid_mod_articles_list,239,23,Просто Пух,,,,gallery_listing183_1.jpg,gallery_listing183.jpg,1,4,no-url,,,0
maskaradkid_mod_articles_list,240,25,Плюшки для Карлсона,,,,gallery_listing184_1.jpg,gallery_listing184.jpg,1,5,no-url,,,0
maskaradkid_mod_articles_list,241,25,Ай да Карлсон - озорник!,,,,gallery_listing185_1.jpg,gallery_listing185.jpg,1,3,no-url,,,0
maskaradkid_mod_articles_list,242,25,Обаятельная Фрекен Бок,,,,gallery_listing186_1.jpg,gallery_listing186.jpg,1,4,no-url,,,0
maskaradkid_mod_articles_list,243,33,Одноглазый Пират,,,,gallery_listing187_1.jpg,gallery_listing187.jpg,0,3,no-url,,,0
maskaradkid_mod_articles_list,244,33,Обаятельная Пиратка,,,,gallery_listing188_1.jpg,gallery_listing188.jpg,0,4,no-url,,,0
maskaradkid_mod_articles_list,245,33,Пират и бутылка рома,,,,gallery_listing189_1.jpg,gallery_listing189.jpg,0,1,no-url,,,0
maskaradkid_mod_articles_list,246,26,"Санта Клаус, Снеговики и Пингвины",,,,gallery_listing190_1.jpg,gallery_listing190.jpg,1,1,no-url,,,0
maskaradkid_mod_articles_list,247,26,Снеговик Художник,,,,gallery_listing191_1.jpg,gallery_listing191.jpg,1,2,no-url,,,0
maskaradkid_mod_articles_list,248,28,Профессиональный стол для грима,,"Аквагрим на праздник, аквагрим на празднике, гримеры на мероприятие, гримеры на новый год",,articles_listing248_1.jpg,articles_listing248.jpg,1,18,no-url,,,0
maskaradkid_mod_articles_list,249,28,Цветочная роспись,,,,gallery_listing193_1.jpg,gallery_listing193.jpg,1,7,no-url,,,0
maskaradkid_mod_articles_list,250,28,Профессиональный гример на праздник,,"Аквагрим на праздник, аквагрим на празднике, гримеры на мероприятие, гримеры на новый год",,articles_listing250_1.jpg,articles_listing250.jpg,1,30,no-url,,,0
maskaradkid_mod_articles_list,251,28,Мартовские коты,,,,gallery_listing195_1.jpg,gallery_listing195.jpg,1,13,no-url,,,0
maskaradkid_mod_articles_list,252,28,Океан,,,,gallery_listing196_1.jpg,gallery_listing196.jpg,1,14,no-url,,,0
maskaradkid_mod_articles_list,253,28,Эскимос,,,,gallery_listing197_1.jpg,gallery_listing197.jpg,1,16,no-url,,,0
maskaradkid_mod_articles_list,254,28,Грим и визаж на праздник,,"Аквагрим на праздник, прически на празднике, на детском празднике аквагрим",,articles_listing254_1.jpg,articles_listing254.jpg,1,31,no-url,,,0
maskaradkid_mod_articles_list,255,28,грим кошечки,,"Аквагрим на праздник, аквагрим на празднике, гримеры на мероприятие, гримеры на новый год",,articles_listing255_1.jpg,articles_listing255.jpg,1,1,no-url,,,0
maskaradkid_mod_articles_list,256,28,Змея,,,,gallery_listing200_1.jpg,gallery_listing200.jpg,1,28,no-url,,,0
maskaradkid_mod_articles_list,257,28,Кобра,,,,gallery_listing201_1.jpg,gallery_listing201.jpg,1,29,no-url,,,0
maskaradkid_mod_articles_list,258,28,Щенок,,,,gallery_listing202_1.jpg,gallery_listing202.jpg,1,32,no-url,,,0
maskaradkid_mod_articles_list,259,28,Аквагрим на детском празднике НГ в AVON,,"Аквагрим на праздник, аквагрим на празднике, гримеры на мероприятие, гримеры на новый год",,articles_listing259_1.jpg,стол гримера 2.jpg,1,19,no-url,,,0
maskaradkid_mod_articles_list,263,29,Поздравляем с днём знаний!,,,,,,1,4,no-url,,,0
maskaradkid_mod_articles_list,264,29,С праздником блинов масленицей!,,,,,,0,5,no-url,,,0
maskaradkid_mod_articles_list,265,29,Поздравляем всех ребятишек с днем защиты детей!,,,,,,1,10,no-url,,,0
maskaradkid_mod_articles_list,266,29,Поздравляем всех деток с наступлением Зимы!,,,,,,1,14,no-url,,,0
maskaradkid_mod_articles_list,267,29,Поздравляем дорогих учителей с Международным Днем Учителя!,,,,,,1,15,no-url,,,0
maskaradkid_mod_articles_list,268,29,Редизайн сайта театра детских праздников Маскарад,,,,,,1,16,no-url,,,0
maskaradkid_mod_articles_list,279,37,Торт Рапунцель-2,,Торт на детский праздник,,articles_listing279_1.jpg,,1,1,no-url,,,0
maskaradkid_mod_articles_list,280,37,Торт Фея,,,,articles_listing280_1.jpg,,1,4,no-url,,,0
maskaradkid_mod_articles_list,281,37,Торт с птицами,,,,articles_listing281_1.jpg,,1,5,no-url,,,0
maskaradkid_mod_articles_list,270,30,ссылки,,,,,,1,1,no-url,,http://apteki-moscow.ru http://logistic.ru http://climatecontrol.ru http://sites.webrostov.ru http://musipusi.ru http://www.1magazin.net http://www.openmarket.ru http://www.tourpoisk.ru http://www.fanat.com.ua http://ww…,100000
maskaradkid_mod_articles_list,271,34,Шрек великолепный,,,,articles_listing271_1.jpg,articles_listing271.jpg,1,1,no-url,,,0
maskaradkid_mod_articles_list,272,34,Очаровательная Феона,,,,articles_listing272_1.jpg,articles_listing272.jpg,1,2,no-url,,,0
maskaradkid_mod_articles_list,273,34,Летающий ослик,,,,articles_listing273_1.jpg,articles_listing273.jpg,1,3,no-url,,,0
maskaradkid_mod_articles_list,274,34,Ласковый кот,,,,articles_listing274_1.jpg,articles_listing274.jpg,1,4,no-url,,,0
maskaradkid_mod_articles_list,275,34,Кот без сопог,,,,articles_listing275_1.jpg,articles_listing275.jpg,1,5,no-url,,,0
maskaradkid_mod_articles_list,276,34,Колдующая волшебница,,,,articles_listing276_1.jpg,articles_listing276.jpg,1,6,no-url,,,0
maskaradkid_mod_articles_list,277,36,Буратино и Мальвина,,,,articles_listing277_1.jpg,articles_listing277.jpg,1,1,no-url,,,0
maskaradkid_mod_articles_list,278,36,Прекрасная мальвина на детский праздник,,"организация детских праздников, мальвина на праздник,",,articles_listing278_1.jpg,articles_listing278.jpg,1,2,no-url,,,0
maskaradkid_mod_articles_list,282,37,Торт Холодное Сердце,,,,articles_listing282_1.jpg,,1,6,no-url,,,0
maskaradkid_mod_articles_list,283,37,Торт Человек паук,,,,articles_listing283_1.jpg,,1,7,no-url,,,0
maskaradkid_mod_articles_list,284,37,Торт Алиса в стране Чудес,,,,articles_listing284_1.jpg,,1,8,no-url,,,0
maskaradkid_mod_articles_list,285,37,Торт Трансформер,,,,articles_listing285_1.jpg,,1,9,no-url,,,0
maskaradkid_mod_articles_list,286,37,Торт Чеширский кот,,,,articles_listing286_1.jpg,,1,10,no-url,,,0
maskaradkid_mod_articles_list,287,37,Торт Алладин,,,,articles_listing287_1.jpg,,1,11,no-url,,,0
maskaradkid_mod_articles_list,288,37,Торт Карета,,,,articles_listing288_1.jpg,,1,12,no-url,,,0
maskaradkid_mod_articles_list,289,37,Торт Паравозик,,,,articles_listing289_1.jpg,,1,13,no-url,,,0
maskaradkid_mod_articles_list,290,37,Торт Гарри Поттер,,,,articles_listing290_1.jpg,,1,14,no-url,,,0
maskaradkid_mod_articles_list,291,37,Торт Пятачок,,,,articles_listing291_1.jpg,,1,15,no-url,,,0
maskaradkid_mod_articles_list,292,37,Торт Снеговик,,,,articles_listing292_1.jpg,,1,16,no-url,,,0
maskaradkid_mod_articles_list,293,37,Торт История Игрушек,,,,articles_listing293_1.jpg,,1,17,no-url,,,0
maskaradkid_mod_articles_list,294,37,Торт Красавица и чудовище,,,,articles_listing294_1.jpg,,1,20,no-url,,,0
maskaradkid_mod_articles_list,295,37,Торт Миньон,,,,articles_listing295_1.jpg,,1,21,no-url,,,0
maskaradkid_mod_articles_list,296,37,Торт Замок,,,,articles_listing296_1.jpg,,1,22,no-url,,,0
maskaradkid_mod_articles_list,297,37,Торт Королева,,,,articles_listing297_1.jpg,,1,23,no-url,,,0
maskaradkid_mod_articles_list,298,37,Торт Замок-2,,,,articles_listing298_1.jpg,,1,24,no-url,,,0
maskaradkid_mod_articles_list,299,37,Торт Корабль,,,,articles_listing299_1.jpg,,1,25,no-url,,,0
maskaradkid_mod_articles_list,300,37,Торт Тыква,,,,articles_listing300_1.jpg,,1,72,no-url,,,0
maskaradkid_mod_articles_list,301,37,Торт Гарри Поттер-2,,,,articles_listing301_1.jpg,,1,73,no-url,,,0
maskaradkid_mod_articles_list,302,37,Торт мышата,,,,articles_listing302_1.jpg,,1,74,no-url,,,0
maskaradkid_mod_articles_list,303,37,Торт пчелка Мая,,,,articles_listing303_1.jpg,,1,75,no-url,,,0
maskaradkid_mod_articles_list,304,37,Торт Легушенок,,,,articles_listing304_1.jpg,,1,76,no-url,,,0
maskaradkid_mod_articles_list,305,37,Торт Венеция,,"Торт на заказ, торт на детский праздник",,articles_listing305_1.jpg,,1,85,no-url,,,0
maskaradkid_mod_articles_list,306,37,Торт Хеллуин,,,,articles_listing306_1.jpg,,1,88,no-url,,,0
maskaradkid_mod_articles_list,307,37,Торт с капкейками,,,,articles_listing307_1.jpg,,1,90,no-url,,,0
maskaradkid_mod_articles_list,308,37,Торт Алиса в стране Чудес-2,,,,articles_listing308_1.jpg,,1,91,no-url,,,0
maskaradkid_mod_articles_list,309,37,Торт Дисней,,Торт на детский день рождения,,articles_listing309_1.jpg,,1,92,no-url,,,0
maskaradkid_mod_articles_list,310,37,Торт Пираты Карибского Моря,,,,articles_listing310_1.jpg,,1,93,no-url,,,0
maskaradkid_mod_articles_list,311,37,Торт Холодное Сердце-2,,"Торт Холодное Сердце на детский праздник, детский день рождения",,articles_listing311_1.jpg,,1,94,no-url,,,0
maskaradkid_mod_articles_list,312,37,Торт Холодное Сердце-3,,,,articles_listing312_1.jpg,,1,95,no-url,,,0
maskaradkid_mod_articles_list,313,37,Торт Миньоны,,,,articles_listing313_1.jpg,,1,96,no-url,,,0
maskaradkid_mod_articles_list,314,37,Торт Кролик в сюртуке,,"Торт на заказ, торт на детский праздник",,articles_listing314_1.jpg,,1,97,no-url,,,0
maskaradkid_mod_articles_list,315,37,Торт Принцесса,,Торт на детский день рождения принцесса,,articles_listing315_1.jpg,,1,99,no-url,,,0
maskaradkid_mod_articles_list,316,37,Торт барби,,,,articles_listing316_1.jpg,,1,98,no-url,,,0
maskaradkid_mod_articles_list,317,37,Торт,,,,,,1,104,no-url,,,0
maskaradkid_mod_articles_list,318,37,Торт Снеговик,,,,articles_listing318_1.jpg,,1,127,no-url,,,0
maskaradkid_mod_articles_list,319,37,Торт Дед Мороз,,,,articles_listing319_1.jpg,,0,128,no-url,,,0
maskaradkid_mod_articles_list,320,37,Торт Футбол,,,,articles_listing320_1.jpg,,0,129,no-url,,,0
maskaradkid_mod_articles_list,321,37,Торт монстры,,,,articles_listing321_1.jpg,,1,130,no-url,,,0
maskaradkid_mod_articles_list,322,37,Торт Паровоз,,,,articles_listing322_1.jpg,,0,133,no-url,,,0
maskaradkid_mod_articles_list,323,37,Торт Мышка и сыр,,,,articles_listing323_1.jpg,,0,134,no-url,,,0
maskaradkid_mod_articles_list,324,37,Торт Паутина,,,,articles_listing324_1.jpg,,0,135,no-url,,,0
maskaradkid_mod_articles_list,325,2,Специальные эффекты,/detskie-uslugi/spetsialnye-effekty.html,"дым машина, снег машина, машина конфетти",articles_listing325_2.jpg,articles_listing325_1.jpg,articles_listing325.jpg,1,36,service,,"Таинственный замок, где томится сказочная принцесса, ожидая спасения, в который спешит прекрасный принц, но на пути его ждет огромный ров, внутри которого, изрыгая ядовитый дым, бурлит раскаленная лава, и огнедышащий др…",790
maskaradkid_mod_articles_list,326,38,Праздничный салют,,Салют фейерверк на детский праздник,,articles_listing326_1.jpg,,1,1,no-url,,,0
maskaradkid_mod_articles_list,327,38,Городское торжество,,,,articles_listing327_1.jpg,,1,3,no-url,,,0
maskaradkid_mod_articles_list,328,38,Фейерверк,,,,articles_listing328_1.jpg,,1,4,no-url,,,0
maskaradkid_mod_articles_list,334,40,Снег,,,,articles_listing334_1.jpg,articles_listing334.jpg,1,3,no-url,,,0
maskaradkid_mod_articles_list,336,40,Мыльный пузырь,,"шоу мыльных пузырей на праздник, заказать шоу мыльных пузырей, мыльное шоу на праздник",,articles_listing336_1.jpg,articles_listing336.jpg,1,4,no-url,,,0
maskaradkid_mod_articles_list,337,41,Мальчик и девочка фигуры из шаров,,оформление шарами на праздник,,articles_listing337_1.jpg,articles_listing337.jpg,1,3,no-url,,,0
maskaradkid_mod_articles_list,338,41,Человечки из шаров,,"оформление шарами на праздник, организация праздника, человечки из шариков, оформление детского праздника",,articles_listing338_1.jpg,articles_listing338.jpg,1,4,no-url,,,0
maskaradkid_mod_articles_list,339,41,Пираты,,,,articles_listing339_1.jpg,articles_listing339.jpg,1,9,no-url,,,0
maskaradkid_mod_articles_list,343,43,Дым внутри,,,,articles_listing343_1.jpg,articles_listing343.jpg,1,2,no-url,,,0
maskaradkid_mod_articles_list,344,43,Корона,,,,articles_listing344_1.jpg,articles_listing344.jpg,1,4,no-url,,,0
maskaradkid_mod_articles_list,345,43,Мыльный дождь,,,,articles_listing345_1.jpg,articles_listing345.jpg,1,5,no-url,,,0
maskaradkid_mod_articles_list,346,43,Мыльный мост,,,,articles_listing346_1.jpg,articles_listing346.jpg,1,6,no-url,,,0
maskaradkid_mod_articles_list,347,43,Спектакль-шоу мыльных пузырей на праздник,,"шоу мыльных пузырей на праздник, заказать шоу мыльных пузырей, мыльное шоу на праздник",,articles_listing347_1.jpg,articles_listing347.jpg,1,7,no-url,,,0
maskaradkid_mod_articles_list,348,43,Мыльное покрывало,,,,articles_listing348_1.jpg,articles_listing348.jpg,1,10,no-url,,,0
maskaradkid_mod_articles_list,349,43,Мыльная цепочка,,,,articles_listing349_1.jpg,articles_listing349.jpg,1,11,no-url,,,0
maskaradkid_mod_articles_list,350,43,Мыльная радуга,,,,articles_listing350_1.jpg,articles_listing350.jpg,1,12,no-url,,,0
maskaradkid_mod_articles_list,351,2,Дрессированые животные,/detskie-uslugi/dressirovanye-zhivotnye.html,"Дрессированные животные на детский праздник, организация детского праздника, праздник под ключ",articles_listing351_2.jpg,articles_listing351_1.jpg,articles_listing351.jpg,1,4,service,,,0
maskaradkid_mod_articles_list,352,19,Дрессированая собачка,,,,articles_listing352_1.jpg,articles_listing352.jpg,1,9,no-url,,,0
maskaradkid_mod_articles_list,353,19,Почтовый голубь,,,,articles_listing353_1.jpg,articles_listing353.jpg,1,10,no-url,,,0
maskaradkid_mod_articles_list,354,19,Рыжий кот,,,,articles_listing354_1.jpg,articles_listing354.jpg,1,11,no-url,,,0
maskaradkid_mod_articles_list,355,19,Ловкий кот,,,,articles_listing355_1.jpg,articles_listing355.jpg,1,12,no-url,,,0
maskaradkid_mod_articles_list,356,19,Белый голубь,,,,articles_listing356_1.jpg,articles_listing356.jpg,1,13,no-url,,,0
maskaradkid_mod_articles_list,357,2,Фотосъемка,/detskie-uslugi/foto.html,,articles_listing357_2.jpg,articles_listing357_1.jpg,articles_listing357.jpg,1,37,service,,,0
maskaradkid_mod_articles_list,358,2,Видеосъемка,/detskie-uslugi/video.html,,articles_listing358_2.jpg,articles_listing358_1.jpg,articles_listing358.jpg,1,55,service,,,0
maskaradkid_mod_articles_list,359,7,Праздники в школе,/detskie-prazdniki/shkolnye-prazdniki.html,,articles_listing359_2.jpg,articles_listing359_1.jpg,articles_listing359.jpg,1,64,celebration,,,0
maskaradkid_mod_articles_list,360,44,Питон,,,,articles_listing360_1.jpg,articles_listing360.jpg,0,5,no-url,,,0
maskaradkid_mod_articles_list,361,44,Обезьянка на самокате,,,,articles_listing361_1.jpg,articles_listing361.jpg,0,6,no-url,,,0
maskaradkid_mod_articles_list,362,44,Свинка,,,,articles_listing362_1.jpg,articles_listing362.jpg,0,7,no-url,,,0
maskaradkid_mod_articles_list,363,44,Собака,,,,articles_listing363_1.jpg,articles_listing363.jpg,0,8,no-url,,,0
maskaradkid_mod_articles_list,364,44,Свинка в красном,,,,articles_listing364_1.jpg,articles_listing364.jpg,0,9,no-url,,,0
maskaradkid_mod_articles_list,365,44,Умная свинка,,,,articles_listing365_1.jpg,articles_listing365.jpg,0,10,no-url,,,0
maskaradkid_mod_articles_list,366,44,Собака и дрессировщик,,,,articles_listing366_1.jpg,articles_listing366.jpg,0,11,no-url,,,0
maskaradkid_mod_articles_list,367,44,Свинка играет в кегли,,,,articles_listing367_1.jpg,articles_listing367.jpg,0,12,no-url,,,0
maskaradkid_mod_articles_list,368,44,Обруч и свинка,,,,articles_listing368_1.jpg,articles_listing368.jpg,0,13,no-url,,,0
maskaradkid_mod_articles_list,369,44,Дрессированый питон,,,,articles_listing369_1.jpg,articles_listing369.jpg,0,14,no-url,,,0
maskaradkid_mod_articles_list,370,44,Укращенная змея,,,,articles_listing370_1.jpg,articles_listing370.jpg,0,15,no-url,,,0
maskaradkid_mod_articles_list,371,44,Крокодил,,,,articles_listing371_1.jpg,articles_listing371.jpg,0,16,no-url,,,0
maskaradkid_mod_articles_list,372,50,BASF,,,articles_listing372_2.jpg,articles_listing372_1.gif,articles_listing372.gif,1,11,no-url,,,0
maskaradkid_mod_articles_list,373,50,DHL,,,articles_listing373_2.jpg,articles_listing373_1.gif,articles_listing373.gif,1,12,no-url,,,0
maskaradkid_mod_articles_list,374,50,Богемия-Люкс,,,articles_listing374_2.jpg,articles_listing374_1.gif,articles_listing374.gif,1,99,no-url,,,0
maskaradkid_mod_articles_list,375,50,Международная Туристская Ярмарка,,,articles_listing375_2.jpg,articles_listing375_1.gif,articles_listing375.gif,1,100,no-url,,,0
maskaradkid_mod_articles_list,378,50,Научный центр сердечно-сосудистой хирургии им. А.Н.Бакулева,,,articles_listing378_2.jpg,articles_listing378_1.gif,articles_listing378.gif,1,105,no-url,,,0
maskaradkid_mod_articles_list,377,50,Управа района Южное Медведково города Москвы,,,articles_listing377_2.jpg,articles_listing377_1.gif,articles_listing377.gif,1,101,no-url,,,0
maskaradkid_mod_articles_list,379,50,Паркет-Холл,,,articles_listing379_2.jpg,articles_listing379_1.gif,articles_listing379.gif,1,106,no-url,,,0
maskaradkid_mod_articles_list,380,50,Студия Артемия Лебедева,,,articles_listing380_2.gif,articles_listing380_1.gif,articles_listing380.gif,1,110,no-url,,,0
maskaradkid_mod_articles_list,381,50,Гостиница Новотель Москва-Центр,,,articles_listing381_2.jpg,articles_listing381_1.gif,articles_listing381.gif,1,111,no-url,,,0
maskaradkid_mod_articles_list,382,7,Корпоративные детские праздники,/detskie-prazdniki/korporativnye-prazdniki.html,организация и проведение корпоративных детских праздников,articles_listing382_2.jpg,articles_listing382_1.jpg,articles_listing382.jpg,1,65,celebration,,,0
maskaradkid_mod_articles_list,701,96,www.clouns.ru,http://www.clouns.ru/clouns/partners/links_1150379405_2.html,,,,,1,27,other,,,0
maskaradkid_mod_articles_list,383,1,Белоснежка и семь гномов,/detskii-prazdnik/belosnezhka.html,Инерактивный детский спектакль Белоснежка и семь гномов,articles_listing383_2.jpg,articles_listing383_1.jpg,articles_listing383.jpg,1,43,show,,,0
maskaradkid_mod_articles_list,384,43,Мыльная радуга,,,,articles_listing384_1.jpg,articles_listing384.jpg,1,13,no-url,,,0
maskaradkid_mod_articles_list,385,43,Дым в мыльном пузыре,,"шоу мыльных пузырей на праздник, заказать шоу мыльных пузырей, мыльное шоу на праздник",,articles_listing385_1.jpg,articles_listing385.jpg,1,1,no-url,,,0
maskaradkid_mod_articles_list,386,43,Мыльный пузырь на празднике,,"шоу мыльных пузырей на праздник, заказать шоу мыльных пузырей, мыльное шоу на праздник",,articles_listing386_1.jpg,articles_listing386.jpg,1,15,no-url,,,0
maskaradkid_mod_articles_list,388,43,Королева пузырей,,,,articles_listing388_1.jpg,articles_listing388.jpg,1,22,no-url,,,0
maskaradkid_mod_articles_list,389,43,Мыльный туман,,,,articles_listing389_1.jpg,articles_listing389.jpg,1,23,no-url,,,0
maskaradkid_mod_articles_list,391,78,Мыльный костюм,,,,articles_listing391_1.jpg,articles_listing391.jpg,1,7,no-url,,,0
maskaradkid_mod_articles_list,392,78,Наблюдаем чудо на празднике в Турандот,,Праздник в ресторане Турандот,,articles_listing392_1.jpg,articles_listing392.jpg,1,1,no-url,,,0
maskaradkid_mod_articles_list,393,78,Торт от Маши Колесниковой,,,,articles_listing393_1.jpg,articles_listing393.jpg,0,4,no-url,,,0
maskaradkid_mod_articles_list,394,78,Ваня Григорьев-Аполлонов и ежик Сема,,,,articles_listing394_1.jpg,articles_listing394.jpg,0,6,no-url,,,0
maskaradkid_mod_articles_list,395,78,Аквагрим,,,,articles_listing395_1.jpg,articles_listing395.jpg,0,5,no-url,,,0
maskaradkid_mod_articles_list,396,53,timeout,,,,,,1,23,no-url,,,0
maskaradkid_mod_articles_list,398,78,"Гном, Андрей Малахов и Маликов",,"Гном, Андрей Малахов и Маликов",,articles_listing398_1.jpg,articles_listing398.jpg,1,3,no-url,,,0
maskaradkid_mod_articles_list,399,1,Пятый элемент,/detskii-prazdnik/pyatyi-element.html,детский праздник по сценарю интерактивного спектакля Пятый элемент,articles_listing399_2.jpg,articles_listing399_1.jpg,articles_listing399.jpg,1,146,show,,,0
maskaradkid_mod_articles_list,421,60,Смета,,,,,,1,2,no-url,,,0
maskaradkid_mod_articles_list,400,1,Пираты карибского моря,/detkii-prazdnik/piraty-karibskogo-morya.html,,articles_listing400_2.jpg,articles_listing400_1.jpg,articles_listing400.jpg,1,46,show,,,0
maskaradkid_mod_articles_list,420,60,Анонс,,,,articles_listing420_1.jpg,articles_listing420.jpg,1,1,no-url,,,0
maskaradkid_mod_articles_list,401,76,В бой! Пираты,,пираты на детский праздник,,articles_listing401_1.jpg,articles_listing401.jpg,1,1,no-url,,,0
maskaradkid_mod_articles_list,402,76,"А карта то здесь, смекаешь?",,,,articles_listing402_1.jpg,articles_listing402.jpg,1,3,no-url,,,0
maskaradkid_mod_articles_list,403,76,Команда на празднике,,"заказать пиратов карибского моря на праздник, заказать пиратов детям",,articles_listing403_1.jpg,articles_listing403.jpg,1,4,no-url,,,0
maskaradkid_mod_articles_list,404,1,Питер Пен,/detkii-prazdnik/piter-pen.html,Интерактивный спектакль Питер Пен,articles_listing404_2.jpg,articles_listing404_1.jpg,articles_listing404.jpg,1,67,show,,,0
maskaradkid_mod_articles_list,538,86,Питер и Динь,,,,articles_listing538_1.jpg,articles_listing538.jpg,0,1,no-url,,,0
maskaradkid_mod_articles_list,539,86,Веселый питер Пен и Динь,,,,articles_listing539_1.jpg,articles_listing539.jpg,0,3,no-url,,,0
maskaradkid_mod_articles_list,540,86,Питер помолчи немного,,,,articles_listing540_1.jpg,articles_listing540.jpg,0,4,no-url,,,0
maskaradkid_mod_articles_list,541,86,Звездная пыль,,,,articles_listing541_1.jpg,articles_listing541.jpg,0,5,no-url,,,0
maskaradkid_mod_articles_list,542,86,Летающий Питер,,,,articles_listing542_1.jpg,articles_listing542.jpg,0,6,no-url,,,0
maskaradkid_mod_articles_list,543,86,"Приземляйся, Питер!",,,,articles_listing543_1.jpg,articles_listing543.jpg,0,7,no-url,,,0
maskaradkid_mod_articles_list,544,86,Как это у меня поучилось?,,,,articles_listing544_1.jpg,articles_listing544.jpg,0,10,no-url,,,0
maskaradkid_mod_articles_list,417,59,Анонс,,детский праздник по сценарию интерактивного праздника Незнайка,,articles_listing417_1.jpg,articles_listing417.jpg,1,1,no-url,,,0
maskaradkid_mod_articles_list,405,55,Анонс,,,,articles_listing405_1.jpg,articles_listing405.jpg,1,1,no-url,,,0
maskaradkid_mod_articles_list,406,55,Сценарий,,,,,,1,3,no-url,,,0
maskaradkid_mod_articles_list,407,55,Смета,,,,,,1,4,no-url,,,0
maskaradkid_mod_articles_list,590,94,Мардж,,,,articles_listing590_1.jpg,articles_listing590.jpg,0,3,no-url,,,0
maskaradkid_mod_articles_list,408,58,Анонс,,,,articles_listing408_1.jpg,articles_listing408.jpg,1,1,no-url,,,0
maskaradkid_mod_articles_list,409,58,Сценарий,,,,,,1,2,no-url,,,0
maskaradkid_mod_articles_list,410,58,Смета,,,,,,1,3,no-url,,,0
maskaradkid_mod_articles_list,411,57,Анонс,,,,articles_listing411_1.jpg,articles_listing411.jpg,1,1,no-url,,,0
maskaradkid_mod_articles_list,412,57,Сценарий,,,,,,1,4,no-url,,Сценарий: Знакомство с Венди . Театральная сценка. Раскрывает образ Венди . Готовит участников к приключениям и знакомству с Питером Пеном . Знакомство с Питером Пеном . Театральная сценка. Раскрывает образ Питера Пена…,1214
maskaradkid_mod_articles_list,413,57,Смета,,,,,,1,5,no-url,,,0
maskaradkid_mod_articles_list,414,56,Анонс,,Джек Воробей на детский день рождения,,articles_listing414_1.jpg,articles_listing414.jpg,1,1,no-url,,,0
maskaradkid_mod_articles_list,415,56,Сценарий,,,,,,1,5,no-url,,,0
maskaradkid_mod_articles_list,416,56,Смета,,,,,,1,6,no-url,,,0
maskaradkid_mod_articles_list,418,1,Незнайка в цветочном городе,/detkii-prazdnik/neznaika-v-tsvetochnom-gorode.html,детский праздник по сценарию интерактивного праздника Незнайка,articles_listing418_2.jpg,articles_listing418_1.jpg,articles_listing418.jpg,0,168,show,,,0
maskaradkid_mod_articles_list,419,59,Смета,,,,,,1,2,no-url,,,0
maskaradkid_mod_articles_list,422,62,Анонс,,,,articles_listing422_1.jpg,articles_listing422.jpg,1,1,no-url,,,0
maskaradkid_mod_articles_list,423,62,Смета,,,,,,1,2,no-url,,,0
maskaradkid_mod_articles_list,424,63,Анонс,,,,articles_listing424_1.jpg,articles_listing424.jpg,1,1,no-url,,,0
maskaradkid_mod_articles_list,425,63,Смета,,,,,,1,4,no-url,,,0
maskaradkid_mod_articles_list,433,67,Смета,,,,,,1,3,no-url,,,0
maskaradkid_mod_articles_list,427,64,Анонс,,,,articles_listing427_1.jpg,articles_listing427.jpg,1,1,no-url,,,0
maskaradkid_mod_articles_list,428,64,Смета,,,,,,1,2,no-url,,,0
maskaradkid_mod_articles_list,429,65,Анонс,,,,articles_listing429_1.jpg,articles_listing429.jpg,1,1,no-url,,,0
maskaradkid_mod_articles_list,430,65,Смета,,,,,,1,2,no-url,,,0
maskaradkid_mod_articles_list,431,66,Смета,,,,,,1,14,no-url,,,0
maskaradkid_mod_articles_list,432,66,Анонс,,,,articles_listing432_1.jpg,articles_listing432.jpg,1,1,no-url,,,0
maskaradkid_mod_articles_list,434,67,Анонс,,бременские музыканты на праздник,,articles_listing434_1.jpg,articles_listing434.jpg,1,1,no-url,,,0
maskaradkid_mod_articles_list,435,68,Анонс,,,,articles_listing435_1.jpg,articles_listing435.jpg,1,1,no-url,,,0
maskaradkid_mod_articles_list,436,68,Смета,,,,,,1,2,no-url,,,0
maskaradkid_mod_articles_list,437,69,Анонс,,,,articles_listing437_1.jpg,articles_listing437.jpg,1,1,no-url,,,0
maskaradkid_mod_articles_list,438,69,Смета,,,,,,1,2,no-url,,,0
maskaradkid_mod_articles_list,439,70,Анонс,,,,articles_listing439_1.jpg,articles_listing439.jpg,1,1,no-url,,,0
maskaradkid_mod_articles_list,440,70,Смета,,,,,,1,2,no-url,,,0
maskaradkid_mod_articles_list,441,71,Анонс,,,articles_listing441_2.jpg,articles_listing441_1.jpg,articles_listing441.jpg,1,1,no-url,,,0
maskaradkid_mod_articles_list,442,71,Смета,,,,,,1,6,no-url,,,0
maskaradkid_mod_articles_list,443,23,Винни и Пятачок,,,,articles_listing443_1.jpg,articles_listing443.jpg,1,5,no-url,,,0
maskaradkid_mod_articles_list,444,23,Ослик,,,,articles_listing444_1.jpg,articles_listing444.jpg,1,6,no-url,,,0
maskaradkid_mod_articles_list,445,72,Ежик и грибы,,,,articles_listing445_1.jpg,articles_listing445.jpg,1,1,no-url,,,0
maskaradkid_mod_articles_list,446,72,Ежик в березовом лесу,,,,articles_listing446_1.jpg,articles_listing446.jpg,1,2,no-url,,,0
maskaradkid_mod_articles_list,447,44,Ежик на самокате,,,,articles_listing447_1.jpg,articles_listing447.jpg,1,17,no-url,,,0
maskaradkid_mod_articles_list,448,73,Смета,,,,,,1,2,no-url,,,0
maskaradkid_mod_articles_list,449,73,Анонс,,,,articles_listing449_1.jpg,articles_listing449.jpg,1,1,no-url,,,0
maskaradkid_mod_articles_list,450,74,Оппосумы и Белка на праздник детям,,"Опоссумы на детский праздник, организация праздника, ледниковый период на праздник",,articles_listing450_1.jpg,articles_listing450.jpg,1,1,no-url,,,0
maskaradkid_mod_articles_list,451,74,Веселые опоссумы на праздник,,"Опоссумы на детский праздник, организация праздника, ледниковый период на праздник",,articles_listing451_1.jpg,articles_listing451.jpg,1,3,no-url,,,0
maskaradkid_mod_articles_list,452,74,Два аппосума,,,,articles_listing452_1.jpg,articles_listing452.jpg,1,5,no-url,,,0
maskaradkid_mod_articles_list,453,74,Сид и Белка,,,,articles_listing453_1.jpg,articles_listing453.jpg,1,6,no-url,,,0
maskaradkid_mod_articles_list,454,74,Аппосум,,,,articles_listing454_1.jpg,articles_listing454.jpg,1,7,no-url,,,0
maskaradkid_mod_articles_list,455,74,Белка,,,,articles_listing455_1.jpg,articles_listing455.jpg,1,8,no-url,,,0
maskaradkid_mod_articles_list,456,6,Белоснежка и семь гномов для STARhit,,,articles_listing456_2.jpg,articles_listing456_1.jpg,articles_listing456.jpg,1,22,no-url,,,0
maskaradkid_mod_articles_list,457,7,Выпускной праздник,,,,articles_listing457_1.gif,articles_listing457.gif,0,63,no-url,,,0
maskaradkid_mod_articles_list,458,75,Выпускной праздник для 11 класса,/detskie-prazdniki/vypusknoi/starsheklassniki.html,,,articles_listing458_1.gif,articles_listing458.gif,1,1,celebration,,,0
maskaradkid_mod_articles_list,459,75,Выпускной праздник для начальных классов,/detskie-prazdniki/vypusknoi/mladsheklassniki.html,"Выпускной праздник в школе, выпускной начальной школы",,articles_listing459_1.gif,articles_listing459.gif,1,2,celebration,,,0
maskaradkid_mod_articles_list,460,75,Выпускной праздник для детского сада,/detskie-prazdniki/vypusknoi/detskii-sad.html,,,articles_listing460_1.gif,articles_listing460.gif,1,9,celebration,,,0
maskaradkid_mod_articles_list,461,71,Сценарий,,,,,,1,5,no-url,,,0
maskaradkid_mod_articles_list,462,54,Джек,,"Джек Воробей на детский день рождения, организация детского праздника",,articles_listing462_1.jpg,articles_listing462.jpg,1,1,no-url,,,0
maskaradkid_mod_articles_list,463,54,Запарило,,,,articles_listing463_1.jpg,articles_listing463.jpg,1,3,no-url,,,0
maskaradkid_mod_articles_list,464,54,В ушко,,,,articles_listing464_1.jpg,articles_listing464.jpg,1,4,no-url,,,0
maskaradkid_mod_articles_list,465,54,Джек Воробей,,,,articles_listing465_1.jpg,articles_listing465.jpg,1,5,no-url,,,0
maskaradkid_mod_articles_list,466,54,Элизабет,,,,articles_listing466_1.jpg,articles_listing466.jpg,1,6,no-url,,,0
maskaradkid_mod_articles_list,467,54,Сокровища,,,,articles_listing467_1.jpg,articles_listing467.jpg,1,7,no-url,,,0
maskaradkid_mod_articles_list,468,77,Мечтающий принц,,"Принц на детский праздник, принц на детский день рождения",,articles_listing468_1.jpg,articles_listing468.jpg,1,1,no-url,,,0
maskaradkid_mod_articles_list,469,77,Как же хороша!,,,,articles_listing469_1.jpg,articles_listing469.jpg,1,3,no-url,,,0
maskaradkid_mod_articles_list,470,77,Манящий принц,,,,articles_listing470_1.jpg,articles_listing470.jpg,1,4,no-url,,,0
maskaradkid_mod_articles_list,471,77,Старшая сестра,,,,articles_listing471_1.jpg,articles_listing471.jpg,0,5,no-url,,,0
maskaradkid_mod_articles_list,472,77,Вот вам всем,,,,articles_listing472_1.jpg,articles_listing472.jpg,0,6,no-url,,,0
maskaradkid_mod_articles_list,473,77,Мачеха,,,,articles_listing473_1.jpg,articles_listing473.jpg,0,7,no-url,,,0
maskaradkid_mod_articles_list,474,77,Знай свое место,,,,articles_listing474_1.jpg,articles_listing474.jpg,1,8,no-url,,,0
maskaradkid_mod_articles_list,475,52,Белоснежка и два гнома на праздник,,Белоснежка на детский праздник,,articles_listing475_1.jpg,articles_listing475.jpg,1,1,no-url,,,0
maskaradkid_mod_articles_list,476,52,Белоснежка и фонарик,,,,articles_listing476_1.jpg,articles_listing476.jpg,1,3,no-url,,,0
maskaradkid_mod_articles_list,477,52,Ворчуня,,,,articles_listing477_1.jpg,articles_listing477.jpg,1,4,no-url,,,0
maskaradkid_mod_articles_list,478,52,Весельчак,,,,articles_listing478_1.jpg,articles_listing478.jpg,1,5,no-url,,,0
maskaradkid_mod_articles_list,479,52,Умник,,,,articles_listing479_1.jpg,articles_listing479.jpg,1,6,no-url,,,0
maskaradkid_mod_articles_list,480,52,Соня,,,,articles_listing480_1.jpg,articles_listing480.jpg,1,7,no-url,,,0
maskaradkid_mod_articles_list,481,52,Простачек,,,,articles_listing481_1.jpg,articles_listing481.jpg,1,8,no-url,,,0
maskaradkid_mod_articles_list,482,52,Белоснежка,,,,articles_listing482_1.jpg,articles_listing482.jpg,1,9,no-url,,,0
maskaradkid_mod_articles_list,483,52,Белоснежка с фонариком,,,,articles_listing483_1.jpg,articles_listing483.jpg,1,10,no-url,,,0
maskaradkid_mod_articles_list,484,52,Белоснежка и семь гномов,,,,articles_listing484_1.jpg,articles_listing484.jpg,1,11,no-url,,,0
maskaradkid_mod_articles_list,485,33,Пираты,,,,articles_listing485_1.jpg,articles_listing485.jpg,1,5,no-url,,,0
maskaradkid_mod_articles_list,486,33,Ром,,,,articles_listing486_1.jpg,articles_listing486.jpg,1,6,no-url,,,0
maskaradkid_mod_articles_list,487,33,Никто не получит,,,,articles_listing487_1.jpg,articles_listing487.jpg,1,7,no-url,,,0
maskaradkid_mod_articles_list,488,33,Что там впереди,,,,articles_listing488_1.jpg,articles_listing488.jpg,1,8,no-url,,,0
maskaradkid_mod_articles_list,489,33,Джим и пират,,,,articles_listing489_1.jpg,articles_listing489.jpg,1,9,no-url,,,0
maskaradkid_mod_articles_list,490,33,Джим Хоккинс,,,,articles_listing490_1.jpg,articles_listing490.jpg,1,10,no-url,,,0
maskaradkid_mod_articles_list,491,79,Больше так не будешь Карлсон,,Карлсон на детский день рождения,,articles_listing491_1.jpg,articles_listing491.jpg,1,1,no-url,,,0
maskaradkid_mod_articles_list,492,79,Карлсон,,,,articles_listing492_1.jpg,articles_listing492.jpg,1,3,no-url,,,0
maskaradkid_mod_articles_list,493,79,Вот мой пропеллер,,,,articles_listing493_1.jpg,articles_listing493.jpg,1,4,no-url,,,0
maskaradkid_mod_articles_list,494,79,Фрекенбок,,,,articles_listing494_1.jpg,articles_listing494.jpg,1,5,no-url,,,0
maskaradkid_mod_articles_list,495,79,Карлсон и Фрекенбок,,,,articles_listing495_1.jpg,articles_listing495.jpg,1,6,no-url,,,0
maskaradkid_mod_articles_list,496,79,В каком ухе у меня жужжит?,,,,articles_listing496_1.jpg,articles_listing496.jpg,1,7,no-url,,,0
maskaradkid_mod_articles_list,497,80,Певунья,,,,articles_listing497_1.jpg,articles_listing497.jpg,1,1,no-url,,,0
maskaradkid_mod_articles_list,498,80,Инопланетянка,,,,articles_listing498_1.jpg,articles_listing498.jpg,1,3,no-url,,,0
maskaradkid_mod_articles_list,499,80,Утонченная инопланетянка,,,,articles_listing499_1.jpg,articles_listing499.jpg,1,5,no-url,,,0
maskaradkid_mod_articles_list,500,80,Громогласная певунья,,,,articles_listing500_1.jpg,articles_listing500.jpg,1,6,no-url,,,0
maskaradkid_mod_articles_list,501,1,Алладин и Жасмин,/detkii-prazdnik/alladin-zhasmin.html,детский праздник по сценарию интерактивного спектакля Алладин и Жасмин,articles_listing501_2.jpg,articles_listing501_1.jpg,articles_listing501.jpg,1,147,show,,,0
maskaradkid_mod_articles_list,502,81,Анонс,,"детский праздник по сценарию интерактивного спектакля Алладин и Жасмин, организация праздника",articles_listing502_2.jpg,articles_listing502_1.jpg,articles_listing502.jpg,1,1,no-url,,,0
maskaradkid_mod_articles_list,503,81,Смета,,,,,,1,5,no-url,,,0
maskaradkid_mod_articles_list,504,82,Алладин с лампой на праздник,,"алладин на детский праздник, алладин и жасмин, организация детского праздника, заказать аниматора алладина",,articles_listing504_1.jpg,articles_listing504.jpg,1,1,no-url,,,0
maskaradkid_mod_articles_list,505,82,Алладин трет лампу,,,,articles_listing505_1.jpg,articles_listing505.jpg,1,3,no-url,,,0
maskaradkid_mod_articles_list,506,82,Зубами лампу,,,,articles_listing506_1.jpg,articles_listing506.jpg,1,4,no-url,,,0
maskaradkid_mod_articles_list,507,82,лампа обшее счастье,,,,articles_listing507_1.jpg,articles_listing507.jpg,1,5,no-url,,,0
maskaradkid_mod_articles_list,508,82,она наша,,,,articles_listing508_1.jpg,articles_listing508.jpg,1,6,no-url,,,0
maskaradkid_mod_articles_list,509,82,Жасмин,,,,articles_listing509_1.jpg,articles_listing509.jpg,1,12,no-url,,,0
maskaradkid_mod_articles_list,510,82,Жасмин жестока,,алладин и жасмин,,articles_listing510_1.jpg,articles_listing510.jpg,1,13,no-url,,,0
maskaradkid_mod_articles_list,511,82,Мы с востока,,,,articles_listing511_1.jpg,articles_listing511.jpg,1,15,no-url,,,0
maskaradkid_mod_articles_list,512,83,ссылки_allsubmitter,,,,,,1,1,no-url,,http://individu.valuehost.ru http://www.essko.ru http://labokka.org.ua http://inter-cat.net http://catalog.klasstour.ru http://lookfor.ws http://uoziod.ru http://catalog.elgrad.net http://free.westtrade.ru http://rating…,100000
maskaradkid_mod_articles_list,513,84,Что это?,,,,articles_listing513_1.jpg,articles_listing513.jpg,1,1,no-url,,,0
maskaradkid_mod_articles_list,514,84,Очень радостные эльфы,,,,articles_listing514_1.jpg,articles_listing514.jpg,1,2,no-url,,,0
maskaradkid_mod_articles_list,515,84,Что там на горизонте?,,,,articles_listing515_1.jpg,articles_listing515.jpg,1,3,no-url,,,0
maskaradkid_mod_articles_list,516,84,Вот и ты,,,,articles_listing516_1.jpg,articles_listing516.jpg,1,4,no-url,,,0
maskaradkid_mod_articles_list,517,84,Крадущиеся эльфы,,,,articles_listing517_1.jpg,articles_listing517.jpg,1,5,no-url,,,0
maskaradkid_mod_articles_list,518,84,Ты что здесь делаешь?,,,,articles_listing518_1.jpg,articles_listing518.jpg,1,6,no-url,,,0
maskaradkid_mod_articles_list,519,84,Весело,,,,articles_listing519_1.jpg,articles_listing519.jpg,1,7,no-url,,,0
maskaradkid_mod_articles_list,520,84,Эльфы на праздник,,"Эксклюзивные праздники, необычные персонажи, эльф на праздник, эльфы на день рождения, детский праздник, детский день рождения",,articles_listing520_1.jpg,articles_listing520.jpg,1,8,no-url,,,0
maskaradkid_mod_articles_list,521,84,Эльфы вперед,,,,articles_listing521_1.jpg,articles_listing521.jpg,1,11,no-url,,,0
maskaradkid_mod_articles_list,522,85,Белка и орех,,,,articles_listing522_1.jpg,articles_listing522.jpg,1,1,no-url,,,0
maskaradkid_mod_articles_list,523,85,Вкусный орех,,,,articles_listing523_1.jpg,articles_listing523.jpg,1,2,no-url,,,0
maskaradkid_mod_articles_list,524,85,Белка,,,,articles_listing524_1.jpg,articles_listing524.jpg,1,3,no-url,,,0
maskaradkid_mod_articles_list,525,85,Не отдам,,,,articles_listing525_1.jpg,articles_listing525.jpg,1,4,no-url,,,0
maskaradkid_mod_articles_list,526,85,Белка и Сид,,,,articles_listing526_1.jpg,articles_listing526.jpg,1,5,no-url,,,0
maskaradkid_mod_articles_list,527,85,Один на один,,,,articles_listing527_1.jpg,articles_listing527.jpg,1,6,no-url,,,0
maskaradkid_mod_articles_list,528,85,верни обратно,,,,articles_listing528_1.jpg,articles_listing528.jpg,1,7,no-url,,,0
maskaradkid_mod_articles_list,529,85,Белка и Сид дерутся за орех,,,,articles_listing529_1.jpg,articles_listing529.jpg,1,8,no-url,,,0
maskaradkid_mod_articles_list,530,85,Вся компания,,,,articles_listing530_1.jpg,articles_listing530.jpg,1,9,no-url,,,0
maskaradkid_mod_articles_list,531,85,Сид и аппосум,,,,articles_listing531_1.jpg,articles_listing531.jpg,1,10,no-url,,,0
maskaradkid_mod_articles_list,532,85,веселье,,,,articles_listing532_1.jpg,articles_listing532.jpg,1,11,no-url,,,0
maskaradkid_mod_articles_list,546,86,Непривычно летать,,,,articles_listing546_1.jpg,articles_listing546.jpg,0,12,no-url,,,0
maskaradkid_mod_articles_list,547,86,Звездная пыль,,,,articles_listing547_1.jpg,articles_listing547.jpg,0,19,no-url,,,0
maskaradkid_mod_articles_list,548,86,"Тяжело, Динь!",,,,articles_listing548_1.jpg,articles_listing548.jpg,0,20,no-url,,,0
maskaradkid_mod_articles_list,549,86,Питер Пен,,,,articles_listing549_1.jpg,articles_listing549.jpg,0,21,no-url,,,0
maskaradkid_mod_articles_list,550,36,Дважды два четыре,,,,articles_listing550_1.jpg,articles_listing550.jpg,1,5,no-url,,,0
maskaradkid_mod_articles_list,551,36,Ой какой кошмар,,,,articles_listing551_1.jpg,articles_listing551.jpg,1,6,no-url,,,0
maskaradkid_mod_articles_list,552,36,Мальвина,,,,articles_listing552_1.jpg,articles_listing552.jpg,1,7,no-url,,,0
maskaradkid_mod_articles_list,553,36,Хлопаем в ладоши,,,,articles_listing553_1.jpg,articles_listing553.jpg,1,8,no-url,,,0
maskaradkid_mod_articles_list,554,2,Образовательные праздники,/detskie-prazdniki/obrazovatelnye-prazdniki.html,,articles_listing554_2.jpg,articles_listing554_1.jpg,articles_listing554.jpg,1,56,celebration,,,0
maskaradkid_mod_articles_list,555,87,Ультрафиолет,,,,articles_listing555_1.jpg,articles_listing555.jpg,1,1,no-url,,,0
maskaradkid_mod_articles_list,556,87,Клубы дыма,,,,articles_listing556_1.jpg,articles_listing556.jpg,1,3,no-url,,,0
maskaradkid_mod_articles_list,557,87,Электрический шар,,,,articles_listing557_1.jpg,articles_listing557.jpg,1,4,no-url,,,0
maskaradkid_mod_articles_list,558,88,Внимание,,,,articles_listing558_1.jpg,articles_listing558.jpg,1,1,no-url,,,0
maskaradkid_mod_articles_list,559,88,Интересный конус,,,,articles_listing559_1.jpg,articles_listing559.jpg,1,2,no-url,,,0
maskaradkid_mod_articles_list,560,88,Сумашедший химик,,,,articles_listing560_1.jpg,articles_listing560.jpg,1,3,no-url,,,0
maskaradkid_mod_articles_list,561,88,Опыт,,,,articles_listing561_1.jpg,articles_listing561.jpg,1,4,no-url,,,0
maskaradkid_mod_articles_list,562,88,Надуваем,,,,articles_listing562_1.jpg,articles_listing562.jpg,1,5,no-url,,,0
maskaradkid_mod_articles_list,563,88,Делаем вату,,,,articles_listing563_1.jpg,articles_listing563.jpg,1,6,no-url,,,0
maskaradkid_mod_articles_list,564,2,Аренда теплоходов,/detskie-uslugi/arenda-teplohodov/,,articles_listing564_2.jpg,articles_listing564_1.jpg,articles_listing564.jpg,1,64,service,,,0
maskaradkid_mod_articles_list,565,91,Алегрия,,,,articles_listing565_1.jpg,articles_listing565.jpg,1,1,no-url,,,0
maskaradkid_mod_articles_list,566,91,Дельфин,,,,articles_listing566_1.jpg,articles_listing566.jpg,1,2,no-url,,,0
maskaradkid_mod_articles_list,567,91,Кармель,,,,articles_listing567_1.jpg,articles_listing567.jpg,1,3,no-url,,,0
maskaradkid_mod_articles_list,568,91,Москвич,,,,articles_listing568_1.jpg,articles_listing568.jpg,1,4,no-url,,,0
maskaradkid_mod_articles_list,569,91,Симфония,,,,articles_listing569_1.jpg,articles_listing569.jpg,1,5,no-url,,,0
maskaradkid_mod_articles_list,570,2,Аттракционы,/detskie-uslugi/attraktsiony.html,,articles_listing570_2.jpg,articles_listing570_1.jpg,articles_listing570.jpg,1,62,service,,,0
maskaradkid_mod_articles_list,571,90,Надувной дом,,,,articles_listing571_1.jpg,articles_listing571.jpg,1,1,no-url,,,0
maskaradkid_mod_articles_list,572,90,Надувной замок для детей,,"батут, батуты на праздник, организация праздника, заказать батут",,articles_listing572_1.jpg,articles_listing572.jpg,1,2,no-url,,,0
maskaradkid_mod_articles_list,573,90,Полоса препядствий,,,,articles_listing573_1.jpg,articles_listing573.jpg,1,4,no-url,,,0
maskaradkid_mod_articles_list,574,90,Лыжи на праздник,,"тимбилдинг, тимбилдинг для детей",,articles_listing574_1.jpg,articles_listing574.jpg,1,5,no-url,,,0
maskaradkid_mod_articles_list,575,2,Кейтеринг,/detskie-uslugi/keitering.html,,articles_listing575_2.jpg,articles_listing575_1.jpg,articles_listing575.jpg,1,63,service,,,0
maskaradkid_mod_articles_list,576,92,Кейтеринг на концерте,,,,articles_listing576_1.jpg,articles_listing576.jpg,1,1,no-url,,,0
maskaradkid_mod_articles_list,577,92,Стена из стаканов,,,,articles_listing577_1.jpg,articles_listing577.jpg,1,2,no-url,,,0
maskaradkid_mod_articles_list,578,92,Праздничный кейтеринг,,,,articles_listing578_1.jpg,articles_listing578.jpg,1,3,no-url,,,0
maskaradkid_mod_articles_list,579,92,Массовый кейтеринг,,,,articles_listing579_1.jpg,articles_listing579.jpg,1,4,no-url,,,0
maskaradkid_mod_articles_list,580,92,Кейтеринг на природе,,,,articles_listing580_1.jpg,articles_listing580.jpg,1,5,no-url,,,0
maskaradkid_mod_articles_list,581,92,Кейтеринг в лесу,,,,articles_listing581_1.jpg,articles_listing581.jpg,1,6,no-url,,,0
maskaradkid_mod_articles_list,582,29,НОВЫЙ спектакль СИМПСОНЫ!,,,,,,1,17,no-url,,,0
maskaradkid_mod_articles_list,583,6,Благодарность фее «Динь-динь» и Питеру Пену!,,,,,,1,21,no-url,,,0
maskaradkid_mod_articles_list,584,1,Симпсоны,/detskii-prazdnik/simpsony.html,"Детский спектакль Симпсоны - Барт и Лиза, Гомер и Мардж, детский праздник",articles_listing584_2.jpg,articles_listing584_1.jpg,articles_listing584.jpg,1,161,show,,,0
maskaradkid_mod_articles_list,585,93,Анонс,,"Симпсоны, Гомер и Мардж, Лиза и Барт",articles_listing585_2.jpg,articles_listing585_1.jpg,articles_listing585.jpg,1,1,no-url,,,0
maskaradkid_mod_articles_list,586,93,Сценарий,,,,,,0,4,no-url,,,0
maskaradkid_mod_articles_list,587,93,Смета,,,,,,1,5,no-url,,,0
maskaradkid_mod_articles_list,588,94,Лиза и Барт,,,,articles_listing588_1.jpg,articles_listing588.jpg,0,1,no-url,,,0
maskaradkid_mod_articles_list,589,94,Гомер и Мардж,,,,articles_listing589_1.jpg,articles_listing589.jpg,0,2,no-url,,,0
maskaradkid_mod_articles_list,592,4,Партнеры,,,,,,1,3,no-url,,,0
maskaradkid_mod_articles_list,682,104,"проведение детских праздников, детский праздник в новый год",,,,,,1,3,no-url,,,0
maskaradkid_mod_articles_list,681,104,"проведение детских праздников, детский праздник 8 марта",,,,,,1,3,no-url,,,0
maskaradkid_mod_articles_list,680,104,"проведение детских праздников, выпускной в школе",,,,,,1,3,no-url,,,0
maskaradkid_mod_articles_list,679,104,"проведение детских праздников, выпускной в детском саду",,,,,,1,3,no-url,,,0
maskaradkid_mod_articles_list,678,104,"проведение детских праздников, выпускной праздник",,,,,,1,3,no-url,,,0
maskaradkid_mod_articles_list,677,104,"проведение детских праздников, праздник в детском саду",,,,,,1,3,no-url,,,0
maskaradkid_mod_articles_list,676,104,"проведение детских праздников, детский праздник в Москве",,,,,,1,3,no-url,,,0
maskaradkid_mod_articles_list,675,104,"проведение детских праздников, детский сад праздник",,,,,,1,3,no-url,,,0
maskaradkid_mod_articles_list,674,104,"проведение детских праздников, детский день рождения",,,,,,1,3,no-url,,,0
maskaradkid_mod_articles_list,673,104,"проведение детских праздников, день рождения ребенка",,,,,,1,3,no-url,,,0
maskaradkid_mod_articles_list,672,104,"организация детских праздников, детский праздник 23 февраля",,,,,,1,3,no-url,,,0
maskaradkid_mod_articles_list,671,104,"организация детских праздников, масленица",,,,,,1,3,no-url,,,0
maskaradkid_mod_articles_list,670,104,"организация детских праздников, дед мороз и снегурочка",,,,,,1,3,no-url,,,0
maskaradkid_mod_articles_list,669,104,"организация детских праздников, новый год",,,,,,1,3,no-url,,,0
maskaradkid_mod_articles_list,668,104,"организация детских праздников, новогодний праздник",,,,,,1,3,no-url,,,0
maskaradkid_mod_articles_list,667,104,"организация детских праздников, детский новогодний праздник",,,,,,1,3,no-url,,,0
maskaradkid_mod_articles_list,666,104,"организация детских праздников, детский праздник в новый год",,,,,,1,3,no-url,,,0
maskaradkid_mod_articles_list,665,104,"организация детских праздников, детский праздник 8 марта",,,,,,1,3,no-url,,,0
maskaradkid_mod_articles_list,664,104,"организация детских праздников, выпускной в школе",,,,,,1,3,no-url,,,0
maskaradkid_mod_articles_list,663,104,"организация детских праздников, выпускной в детском саду",,,,,,1,3,no-url,,,0
maskaradkid_mod_articles_list,662,104,"организация детских праздников, выпускной праздник",,,,,,1,3,no-url,,,0
maskaradkid_mod_articles_list,661,104,"организация детских праздников, праздник в детском саду",,,,,,1,3,no-url,,,0
maskaradkid_mod_articles_list,660,104,"организация детских праздников, детский праздник в Москве",,,,,,1,3,no-url,,,0
maskaradkid_mod_articles_list,659,104,"организация детских праздников, детский сад праздник",,,,,,1,3,no-url,,,0
maskaradkid_mod_articles_list,658,104,"организация детских праздников, детский день рождения",,,,,,1,3,no-url,,,0
maskaradkid_mod_articles_list,657,104,"организация детских праздников, день рождения ребенка",,,,,,1,3,no-url,,,0
maskaradkid_mod_articles_list,656,104,"детские праздники, детский праздник 23 февраля",,,,,,1,3,no-url,,,0
maskaradkid_mod_articles_list,655,104,"детские праздники, масленица",,,,,,1,3,no-url,,,0
maskaradkid_mod_articles_list,654,104,"детские праздники, дед мороз и снегурочка",,,,,,1,3,no-url,,,0
maskaradkid_mod_articles_list,653,104,"детские праздники, новый год",,,,,,1,3,no-url,,,0
maskaradkid_mod_articles_list,652,104,"детские праздники, новогодний праздник",,,,,,1,3,no-url,,,0
maskaradkid_mod_articles_list,651,104,"детские праздники, детский новогодний праздник",,,,,,1,3,no-url,,,0
maskaradkid_mod_articles_list,650,104,"детские праздники, детский праздник в новый год",,,,,,1,3,no-url,,,0
maskaradkid_mod_articles_list,649,104,"детские праздники, детский праздник 8 марта",,,,,,1,3,no-url,,,0
maskaradkid_mod_articles_list,648,104,"детские праздники, выпускной в школе",,,,,,1,3,no-url,,,0
maskaradkid_mod_articles_list,647,104,"детские праздники, выпускной в детском саду",,,,,,1,3,no-url,,,0
maskaradkid_mod_articles_list,646,104,"детские праздники, выпускной праздник",,,,,,1,3,no-url,,,0
maskaradkid_mod_articles_list,645,104,"детские праздники, праздник в детском саду",,,,,,1,3,no-url,,,0
maskaradkid_mod_articles_list,644,104,"детские праздники, детский праздник в Москве",,,,,,1,3,no-url,,,0
maskaradkid_mod_articles_list,643,104,"детские праздники, детский сад праздник",,,,,,1,3,no-url,,,0
maskaradkid_mod_articles_list,642,104,"детские праздники, детский день рождения",,,,,,1,3,no-url,,,0
maskaradkid_mod_articles_list,641,104,"детские праздники, день рождения ребенка",,,,,,1,1,no-url,,,0
maskaradkid_mod_articles_list,683,104,"проведение детских праздников, детский новогодний праздник",,,,,,1,3,no-url,,,0
maskaradkid_mod_articles_list,684,104,"проведение детских праздников, новогодний праздник",,,,,,1,3,no-url,,,0
maskaradkid_mod_articles_list,685,104,"проведение детских праздников, новый год",,,,,,1,3,no-url,,,0
maskaradkid_mod_articles_list,686,104,"проведение детских праздников, дед мороз и снегурочка",,,,,,1,3,no-url,,,0
maskaradkid_mod_articles_list,687,104,"проведение детских праздников, масленица",,,,,,1,3,no-url,,,0
maskaradkid_mod_articles_list,688,104,"проведение детских праздников, детский праздник 23 февраля",,,,,,1,3,no-url,,,0
maskaradkid_mod_articles_list,689,96,svadby.org,/partnery/list/art/m/1076/p/96/,,,,,1,1,other,,,0
maskaradkid_mod_articles_list,692,96,futaji.com,http://www.futaji.com/index.php?show_aux_page=10,,,,,1,4,other,,,0
maskaradkid_mod_articles_list,693,96,moscowflot.ru,http://www.moscowflot.ru/linki-prazdnik.php,,,,,1,6,other,,,0
maskaradkid_mod_articles_list,694,96,grimery.ru,http://www.grimery.ru/show.html?id=67,,,,,1,7,other,,,0
maskaradkid_mod_articles_list,695,96,plesir.ru,http://plesir.ru/topic/links/party-organization/2/,,,,,1,15,other,,,0
maskaradkid_mod_articles_list,696,96,musheev.ru,http://www.musheev.ru/show.html?id=80,,,,,1,16,other,,,0
maskaradkid_mod_articles_list,697,96,www.zahar-show.ru,http://www.zahar-show.ru/links/holiday5.htm,,,,,1,20,other,,,0
maskaradkid_mod_articles_list,698,96,www.orange-cat.ru,http://www.orange-cat.ru/links/holiday3.htm,,,,,1,22,other,,,0
maskaradkid_mod_articles_list,700,96,www.netglamou.ru,http://www.netglamou.ru/netglamou/partners/links_1150379405_2.html,,,,,1,26,other,,,0
maskaradkid_mod_articles_list,702,96,www.vypusknye.ru,http://www.vypusknye.ru/vypusknye/friend/links_1150379405_3.html,,,,,1,28,other,,,0
maskaradkid_mod_articles_list,704,96,www.clowns.su,http://www.clowns.su/collegi/links_1150379405_2.html,,,,,1,31,other,,,0
maskaradkid_mod_articles_list,719,104,"проведение детского праздника, детский спектакль",,,,,,1,3,no-url,,,0
maskaradkid_mod_articles_list,718,104,"организация детского праздника, детский спектакль",,,,,,1,3,no-url,,,0
maskaradkid_mod_articles_list,717,104,"детский праздник, детский спектакль",,,,,,1,3,no-url,,,0
maskaradkid_mod_articles_list,727,104,"организация детских праздников, детское представление",,,,,,1,3,no-url,,,0
maskaradkid_mod_articles_list,726,104,"детские праздники, детское представление",,,,,,1,3,no-url,,,0
maskaradkid_mod_articles_list,725,104,"проведение детских прадников, детский спектакль",,,,,,1,3,no-url,,,0
maskaradkid_mod_articles_list,724,104,"организация детских праздников, детский спектакль",,,,,,1,3,no-url,,,0
maskaradkid_mod_articles_list,723,104,"детские праздники, детский спектакль",,,,,,1,3,no-url,,,0
maskaradkid_mod_articles_list,722,104,"проведение детского праздника, детское представление",,,,,,1,3,no-url,,,0
maskaradkid_mod_articles_list,721,104,"организация детского праздника, детское представление",,,,,,1,3,no-url,,,0
maskaradkid_mod_articles_list,720,104,"детский праздник, детское представление",,,,,,1,3,no-url,,,0
maskaradkid_mod_articles_list,728,104,"проведение детских праздников, детское представление",,,,,,1,3,no-url,,,0
maskaradkid_mod_articles_list,729,8,Спектакли по возрасту,,интерактивные спектакли,,,,1,5,no-url,,,0
maskaradkid_mod_articles_list,730,9,Детские услуги,,"Аквагрим на праздник, аквагрим на празднике, гримеры на мероприятие, гримеры на новый год",,,,0,13,no-url,,,0
maskaradkid_mod_articles_list,731,96,www.teplohodik.net,http://teplohodik.net/links.php?id=15648&cat=.,,,,,1,32,other,,,0
maskaradkid_mod_articles_list,732,107,Герои,,,articles_listing732_2.jpg,,articles_listing732.jpg,1,1,no-url,,,0
maskaradkid_mod_articles_list,733,107,Белоснежка и гном,,,articles_listing733_2.jpg,,articles_listing733.jpg,1,2,no-url,,,0
maskaradkid_mod_articles_list,734,107,Питер Пен,,,articles_listing734_2.jpg,,articles_listing734.jpg,1,3,no-url,,,0
maskaradkid_mod_articles_list,735,107,Питер,,,articles_listing735_2.jpg,,articles_listing735.jpg,1,4,no-url,,,0
maskaradkid_mod_articles_list,736,107,Бой,,,articles_listing736_2.jpg,,articles_listing736.jpg,1,5,no-url,,,0
maskaradkid_mod_articles_list,737,107,Круэлла Де Виль,,,articles_listing737_2.jpg,,articles_listing737.jpg,1,6,no-url,,,0
maskaradkid_mod_articles_list,738,107,Внимание,,,articles_listing738_2.jpg,,articles_listing738.jpg,1,7,no-url,,,0
maskaradkid_mod_articles_list,739,105,Дуэль,,,articles_listing739_2.jpg,articles_listing739_1.jpg,articles_listing739.jpg,1,1,no-url,,,0
maskaradkid_mod_articles_list,740,105,Крюк и Гарри,,,articles_listing740_2.jpg,,articles_listing740.jpg,1,4,no-url,,,0
maskaradkid_mod_articles_list,741,105,Танец,,,articles_listing741_2.jpg,,articles_listing741.jpg,1,5,no-url,,,0
maskaradkid_mod_articles_list,742,105,Все вместе,,,articles_listing742_2.jpg,,articles_listing742.jpg,1,6,no-url,,,0
maskaradkid_mod_articles_list,743,105,Игры,,,articles_listing743_2.jpg,,articles_listing743.jpg,1,7,no-url,,,0
maskaradkid_mod_articles_list,744,106,Мушкетер,,,articles_listing744_2.jpg,,articles_listing744.jpg,1,1,no-url,,,0
maskaradkid_mod_articles_list,745,106,Кардинал и МиЛеди,,,articles_listing745_2.jpg,,articles_listing745.jpg,1,2,no-url,,,0
maskaradkid_mod_articles_list,746,106,Минует,,,articles_listing746_2.jpg,,articles_listing746.jpg,1,3,no-url,,,0
maskaradkid_mod_articles_list,747,108,Анонс,,,articles_listing747_2.jpg,articles_listing747_1.jpg,articles_listing747.jpg,1,1,no-url,,,0
maskaradkid_mod_articles_list,748,109,Анонс,,,articles_listing748_2.jpg,articles_listing748_1.jpg,articles_listing748.jpg,1,1,no-url,,,0
maskaradkid_mod_articles_list,749,1,Три мушкетера,/detskii-prazdnik/tri-mushketera.html,,articles_listing749_2.jpg,articles_listing749_1.jpg,articles_listing749.jpg,0,66,show,,,0
maskaradkid_mod_articles_list,750,1,Сказочный балаганчик,/detskii-prazdnik/balaganchik.html,,articles_listing750_2.jpg,articles_listing750_1.jpg,articles_listing750.jpg,1,42,show,,,0
maskaradkid_mod_articles_list,751,108,Смета,,,,,,1,4,no-url,,,0
maskaradkid_mod_articles_list,752,108,Сценарий,,,,,,1,3,no-url,,,0
maskaradkid_mod_articles_list,753,111,Дед Мороз и Снегурочка,,,articles_listing753_2.jpg,,articles_listing753.jpg,1,1,no-url,,,0
maskaradkid_mod_articles_list,754,111,Эльфы,,,articles_listing754_2.jpg,,articles_listing754.jpg,1,2,no-url,,,0
maskaradkid_mod_articles_list,755,111,Лесные жители,,,articles_listing755_2.jpg,,articles_listing755.jpg,1,3,no-url,,,0
maskaradkid_mod_articles_list,756,7,Эксклюзивные праздники,/detskie-prazdniki/exlusive.html,,articles_listing756_2.jpg,articles_listing756_1.jpg,articles_listing756.jpg,1,25,celebration,,,0
maskaradkid_mod_articles_list,761,24,Пират,,,articles_listing761_2.jpg,,articles_listing761.jpg,1,1,no-url,,,0
maskaradkid_mod_articles_list,762,24,Пираты,,,articles_listing762_2.jpg,,articles_listing762.jpg,1,3,no-url,,,0
maskaradkid_mod_articles_list,763,24,Песня,,,articles_listing763_2.jpg,,articles_listing763.jpg,1,4,no-url,,,0
maskaradkid_mod_articles_list,764,113,Мачеха и сестра,,,articles_listing764_2.jpg,,articles_listing764.jpg,1,2,no-url,,,0
maskaradkid_mod_articles_list,765,113,Грим на празднике,,"грим на праздник, аквагрим, аквагрим на праздник,",articles_listing765_2.jpg,,articles_listing765.jpg,1,3,no-url,,,0
maskaradkid_mod_articles_list,766,113,Танец с принцем,,,articles_listing766_2.jpg,,articles_listing766.jpg,1,6,no-url,,,0
maskaradkid_mod_articles_list,767,113,Вторая сестрица,,,,,,0,7,no-url,,,0
maskaradkid_mod_articles_list,768,112,Питер Пен,,,articles_listing768_2.jpg,,articles_listing768.jpg,1,1,no-url,,,0
maskaradkid_mod_articles_list,769,112,Гномик,,,articles_listing769_2.jpg,,articles_listing769.jpg,1,3,no-url,,,0
maskaradkid_mod_articles_list,770,112,Белоснежка,,,articles_listing770_2.jpg,,articles_listing770.jpg,1,4,no-url,,,0
maskaradkid_mod_articles_list,771,112,Эльфы,,,articles_listing771_2.jpg,,articles_listing771.jpg,1,5,no-url,,,0
maskaradkid_mod_articles_list,772,112,Креулла Де Виль,,,articles_listing772_2.jpg,,articles_listing772.jpg,1,6,no-url,,,0
maskaradkid_mod_articles_list,773,114,Анонс,,,articles_listing773_2.jpg,articles_listing773_1.jpg,articles_listing773.jpg,1,1,no-url,,,0
maskaradkid_mod_articles_list,774,114,Смета,,,,,,1,4,no-url,,,0
maskaradkid_mod_articles_list,775,135,Новогодний экспресс,/detskii-prazdnik/exspress.html,,articles_listing775_2.jpg,articles_listing775_1.jpg,articles_listing775.jpg,1,1,show,,,0
maskaradkid_mod_articles_list,776,96,den-rozhden.ru,http://www.den-rozhden.ru/?page=links&cat=2,,,,,1,33,other,,,0
maskaradkid_mod_articles_list,777,11,Сотрудничество,,,articles_listing777_2.jpg,articles_listing777_1.jpg,articles_listing777.jpg,1,160,no-url,,,0
maskaradkid_mod_articles_list,778,96,russiantur.ru,http://www.russiantur.ru/links-prazdnik.php,,,,,1,34,other,,,0
maskaradkid_mod_articles_list,779,96,igorkorovin.ru,http://www.igorkorovin.ru/show.html?id=408,,,,,1,35,other,,,0
maskaradkid_mod_articles_list,780,96,www.winterparty.ru,http://www.winterparty.ru/links/detskiy_nov_god1.htm,,,,,1,38,other,,,0
maskaradkid_mod_articles_list,781,96,otprazdnui.ru,http://www.otprazdnui.ru/partners/1.htm,,,,,1,39,other,,,0
maskaradkid_mod_articles_list,782,96,olimpik-show.ru,http://www.olimpik-show.ru/show.html?id=30,,,,,1,40,other,,,0
maskaradkid_mod_articles_list,783,96,motocycl.ru,http://www.motocycl.ru/show.html?id=60,,,,,1,41,other,,,0
maskaradkid_mod_articles_list,784,96,kingsyard.ru,http://www.kingsyard.ru/links-holy.php,,,,,1,42,other,,,0
maskaradkid_mod_articles_list,785,96,dedmoroz-snegurochka.ru,/dimoheha1@yandex.ru,,,,,1,48,other,,,0
maskaradkid_mod_articles_list,786,96,muzzona.ru,http://www.muzzona.ru/links/prazdnik4.htm,,,,,1,50,other,,,0
maskaradkid_mod_articles_list,787,96,profsound.ru,http://www.profsound.ru/links/holiday12.htm,,,,,1,52,other,,,0
maskaradkid_mod_articles_list,788,96,banket-moscow.ru,http://www.banket-moscow.ru/ssylki-prazdnik.php,,,,,1,53,other,,,0
maskaradkid_mod_articles_list,789,96,izwoz.ru,http://www.izwoz.ru/show.html?id=566,,,,,1,54,other,,,0
maskaradkid_mod_articles_list,790,96,sobytie.net,http://www.sobytie.net/?p=links,,,,,1,55,other,,,0
maskaradkid_mod_articles_list,791,96,kinoakter.com,http://kinoakter.com/links/prazdnik1.htm,,,,,1,56,other,,,0
maskaradkid_mod_articles_list,792,96,bstreet.ru,http://www.bstreet.ru/links/prazdnik1.htm,,,,,1,57,other,,,0
maskaradkid_mod_articles_list,793,96,dedki.ru,http://dedki.ru/links/ded_moroz1.htm,,,,,1,65,other,,,0
maskaradkid_mod_articles_list,794,96,annarai.ru,http://www.annarai.ru/links/detskie1.htm,,,,,1,66,other,,,0
maskaradkid_mod_articles_list,795,96,elegance-kvartet,http://www.elegance-kvartet.ru/catalog/prazd_org/s3p1.html,,,,,1,69,other,,,0
maskaradkid_mod_articles_list,796,96,elegance-show,http://www.elegance-show.ru/prazdnik/children01.php,,,,,1,70,other,,,0
maskaradkid_mod_articles_list,797,96,piano-quartet,http://www.piano-quartet.ru/catalog/prazdnic15.htm,,,,,1,71,other,,,0
maskaradkid_mod_articles_list,798,96,marutaev.ru,http://www.marutaev.ru/friends/prazd02.htm,,,,,1,75,other,,,0
maskaradkid_mod_articles_list,799,96,duet-sharm,http://www.duet-sharm.ru/prazdnik/childr01.htm,,,,,1,76,other,,,0
maskaradkid_mod_articles_list,800,96,kuzmicheva,http://www.kuzmicheva.ru/friends/prazd02.htm,,,,,1,79,other,,,0
maskaradkid_mod_articles_list,801,96,zolotoyveter,http://www.zolotoyveter.com/catalog/children01.php,,,,,1,80,other,,,0
maskaradkid_mod_articles_list,802,96,dream-prazdnik,http://www.dream-prazdnik.ru/topic/links_1148487856_8.html,,,,,1,81,other,,,0
maskaradkid_mod_articles_list,803,96,убить,http://www.otprazdnui.ru/partners/1.htm,,,,,1,82,other,,,0
maskaradkid_mod_articles_list,804,96,greetings.su,,,,,,1,83,no-url,,,0
maskaradkid_mod_articles_list,805,96,spb-events.ru,http://www.spb-events.ru/thematic3.htm,,,,,1,88,other,,,0
maskaradkid_mod_articles_list,806,96,fashionspace.ru,http://www.fashionspace.ru/links/link.php?id=12,,,,,1,95,other,,,0
maskaradkid_mod_articles_list,807,96,nighttrust.ru,http://nighttrust.ru/cncat/house/child/,,,,,1,99,other,,,0
maskaradkid_mod_articles_list,808,99,benata.ru,http://www.benata.ru/govorcvet5.html,,,,,1,1,other,,,0
maskaradkid_mod_articles_list,809,96,musdom.ru,http://musdom.ru/links1.html,,,,,1,100,other,,,0
maskaradkid_mod_articles_list,810,96,pozdrav.ru,http://www.pozdrav.ru/link/orgpraz-0.html,,,,,1,101,other,,,0
maskaradkid_mod_articles_list,811,96,class-jazz.ru,http://class-jazz.ru/LinkE/links_1190640359_2.html,,,,,1,106,other,,,0
maskaradkid_mod_articles_list,812,98,podarkov.com,http://www.podarkov.com/cat/univers0.php,,,,,1,1,other,,,0
maskaradkid_mod_articles_list,813,96,anyparty.ru,http://www.anyparty.ru/links/cat/3/page/0,,,,,1,107,other,,,0
maskaradkid_mod_articles_list,814,116,Часы кролика,,"часы кролика в сюртуке, организация праздника, декорации к празднику, бутафория на праздник",articles_listing814_2.jpg,,articles_listing814.jpg,1,1,no-url,,,0
maskaradkid_mod_articles_list,815,116,Декорация 4.5x2.5метра,,"декорации к алисе в стране чудес, бутафория алиса, бутафория карты, организация праздника, растяжка, баннер",articles_listing815_2.jpg,,articles_listing815.jpg,1,10,no-url,,,0
maskaradkid_mod_articles_list,816,116,Гриб гусеницы,,,articles_listing816_2.jpg,,articles_listing816.jpg,1,17,no-url,,,0
maskaradkid_mod_articles_list,817,116,Кальян гусеницы,,,articles_listing817_2.jpg,,articles_listing817.jpg,1,8,no-url,,,0
maskaradkid_mod_articles_list,818,117,Анонс,,"Новый год, детский новогодний праздник, дед мороз и снегурочка, интерактивный спектакль",articles_listing818_2.jpg,articles_listing818_1.jpg,articles_listing818.jpg,1,1,no-url,,,0
maskaradkid_mod_articles_list,819,117,Смета,,,,,,1,5,no-url,,,0
maskaradkid_mod_articles_list,820,118,Анонс,,Новогодняя сказка Эльфов с Дедом Морозом и Снегурочкой,articles_listing820_2.jpg,articles_listing820_1.jpg,articles_listing820.jpg,1,1,no-url,,,0
maskaradkid_mod_articles_list,821,118,Смета,,,,,,1,5,no-url,,"Интерактивный спектакль: Новогодняя сказка Эльфов и Деда Мороза Возраст детей: 4 - 12 лет Пол: мальчик или девочка Число актеров: от 2 до 7 Персонажи: Дед Мороз, Снегурочка, Ледниковая королева, гном Труссо, Эльфина Тил…",359
maskaradkid_mod_articles_list,822,119,Шляпник на праздник,,"Шляпник на детский день рождения, организация праздника, детский день рождения, шляпник,",,articles_listing822_1.jpg,articles_listing822.jpg,1,2,no-url,,,0
maskaradkid_mod_articles_list,823,119,Игра,,,,articles_listing823_1.jpg,articles_listing823.jpg,1,6,no-url,,,0
maskaradkid_mod_articles_list,824,119,Король и Додо,,,,articles_listing824_1.jpg,articles_listing824.jpg,1,7,no-url,,,0
maskaradkid_mod_articles_list,825,119,Чеширский кот,,,,articles_listing825_1.jpg,articles_listing825.jpg,1,8,no-url,,,0
maskaradkid_mod_articles_list,826,119,Гусеница с кальяном,,,,articles_listing826_1.jpg,articles_listing826.jpg,1,9,no-url,,,0
maskaradkid_mod_articles_list,827,119,Шляпник притаился,,,,articles_listing827_1.jpg,articles_listing827.jpg,1,10,no-url,,,0
maskaradkid_mod_articles_list,828,119,Червовая королева,,,,articles_listing828_1.jpg,articles_listing828.jpg,1,11,no-url,,,0
maskaradkid_mod_articles_list,829,119,Дети под грибом,,,,articles_listing829_1.jpg,articles_listing829.jpg,1,12,no-url,,,0
maskaradkid_mod_articles_list,830,119,Королева и Роза,,,,articles_listing830_1.jpg,articles_listing830.jpg,1,13,no-url,,,0
maskaradkid_mod_articles_list,831,119,Роза,,,,articles_listing831_1.jpg,articles_listing831.jpg,1,14,no-url,,,0
maskaradkid_mod_articles_list,832,119,Внимание,,,,articles_listing832_1.jpg,articles_listing832.jpg,1,15,no-url,,,0
maskaradkid_mod_articles_list,833,119,Все в тоннель,,,,articles_listing833_1.jpg,articles_listing833.jpg,1,16,no-url,,,0
maskaradkid_mod_articles_list,834,119,В кругу,,,,articles_listing834_1.jpg,articles_listing834.jpg,1,17,no-url,,,0
maskaradkid_mod_articles_list,835,119,Фея,,,,articles_listing835_1.jpg,articles_listing835.jpg,1,18,no-url,,,0
maskaradkid_mod_articles_list,836,119,Полетели,,,,articles_listing836_1.jpg,articles_listing836.jpg,1,19,no-url,,,0
maskaradkid_mod_articles_list,837,119,Фея и Чеширский кот,,,,articles_listing837_1.jpg,articles_listing837.jpg,1,20,no-url,,,0
maskaradkid_mod_articles_list,838,119,Гусеница,,,,articles_listing838_1.jpg,articles_listing838.jpg,1,21,no-url,,,0
maskaradkid_mod_articles_list,839,119,Птица Додо,,,,articles_listing839_1.jpg,articles_listing839.jpg,1,22,no-url,,,0
maskaradkid_mod_articles_list,840,119,Чай для мартовского заяца,,,,articles_listing840_1.jpg,articles_listing840.jpg,1,23,no-url,,,0
maskaradkid_mod_articles_list,841,119,Белый заяц и его часы,,,,articles_listing841_1.jpg,articles_listing841.jpg,1,24,no-url,,,0
maskaradkid_mod_articles_list,842,119,Белый заяц,,,,articles_listing842_1.jpg,articles_listing842.jpg,1,25,no-url,,,0
maskaradkid_mod_articles_list,843,119,Вредная королева,,,,articles_listing843_1.jpg,articles_listing843.jpg,1,26,no-url,,,0
maskaradkid_mod_articles_list,844,119,Удивленный Шляпник,,,,articles_listing844_1.jpg,articles_listing844.jpg,1,27,no-url,,,0
maskaradkid_mod_articles_list,845,119,Мартовский заяц,,,,articles_listing845_1.jpg,articles_listing845.jpg,1,28,no-url,,,0
maskaradkid_mod_articles_list,846,119,Кто играет в крикет,,,,articles_listing846_1.jpg,articles_listing846.jpg,1,29,no-url,,,0
maskaradkid_mod_articles_list,847,119,Додо бъет,,,,articles_listing847_1.jpg,articles_listing847.jpg,1,30,no-url,,,0
maskaradkid_mod_articles_list,848,119,Король и пузыри,,,,articles_listing848_1.jpg,articles_listing848.jpg,1,31,no-url,,,0
maskaradkid_mod_articles_list,849,119,Дуель с чайником,,,,articles_listing849_1.jpg,articles_listing849.jpg,1,32,no-url,,,0
maskaradkid_mod_articles_list,850,119,Гусеница и пузыри,,,,articles_listing850_1.jpg,articles_listing850.jpg,1,33,no-url,,,0
maskaradkid_mod_articles_list,851,119,Король,,,,articles_listing851_1.jpg,articles_listing851.jpg,1,34,no-url,,,0
maskaradkid_mod_articles_list,852,119,Додо,,,,articles_listing852_1.jpg,articles_listing852.jpg,1,35,no-url,,,0
maskaradkid_mod_articles_list,853,119,Королева Червей,,,,articles_listing853_1.jpg,articles_listing853.jpg,1,36,no-url,,,0
maskaradkid_mod_articles_list,854,119,Вместе,,,,articles_listing854_1.jpg,articles_listing854.jpg,1,37,no-url,,,0
maskaradkid_mod_articles_list,855,119,Все вместе,,,,articles_listing855_1.jpg,articles_listing855.jpg,1,38,no-url,,,0
maskaradkid_mod_articles_list,856,119,Руки вверх,,,,articles_listing856_1.jpg,articles_listing856.jpg,1,39,no-url,,,0
maskaradkid_mod_articles_list,857,7,Школьный клиенты,,,,,,1,66,no-url,,,0
maskaradkid_mod_articles_list,858,50,Unite Bottling Group,,,articles_listing858_2.jpg,articles_listing858_1.jpg,articles_listing858.jpg,1,21,no-url,,,0
maskaradkid_mod_articles_list,859,119,Гусеница,,,,articles_listing859_1.gif,articles_listing859.gif,1,40,no-url,,,0
maskaradkid_mod_articles_list,860,53,На Рублевке,,,articles_listing860_2.jpg,articles_listing860_1.jpg,articles_listing860.jpg,1,1,no-url,,,0
maskaradkid_mod_articles_list,861,96,supertamada.ru,http://www.supertamada.ru/links/holiday12.htm,,,,,1,110,other,,,0
maskaradkid_mod_articles_list,862,114,Сценарий,,,,,,1,3,no-url,,,0
maskaradkid_mod_articles_list,863,120,Анонс,,,articles_listing863_2.jpg,articles_listing863_1.jpg,articles_listing863.jpg,1,1,no-url,,,0
maskaradkid_mod_articles_list,864,120,Сценарий,,,,,,1,2,no-url,,,0
maskaradkid_mod_articles_list,865,120,Смета,,,,,,1,3,no-url,,,0
maskaradkid_mod_articles_list,866,135,Новогоднее приключение Винни Пуха,/detskii-prazdnik/novogodnii-vinny-puh.html,корпоративный новогодний праздник,articles_listing866_2.jpg,articles_listing866_1.jpg,articles_listing866.jpg,1,2,show,,,0
maskaradkid_mod_articles_list,867,109,Смета,,,,,,1,3,no-url,,,0
maskaradkid_mod_articles_list,868,96,tamada-roman.ru,http://www.tamada-roman.ru/links/holiday9.htm,,,,,1,111,other,,,0
maskaradkid_mod_articles_list,869,117,Сценарий,,,,,,1,2,no-url,,,0
maskaradkid_mod_articles_list,870,122,Анонс,,,articles_listing870_2.jpg,articles_listing870_1.jpg,articles_listing870.jpg,1,1,no-url,,,0
maskaradkid_mod_articles_list,871,122,Сценарий,,,,,,1,3,no-url,,,0
maskaradkid_mod_articles_list,872,122,Смета,,,,,,1,4,no-url,,,0
maskaradkid_mod_articles_list,873,135,Новый год с Питером Пеном,/detskii-prazdnik/novogodnii-piter-pen.html,,articles_listing873_2.jpg,articles_listing873_1.jpg,articles_listing873.jpg,1,9,show,,,0
maskaradkid_mod_articles_list,874,96,yraprazdnik.ru,http://www.yraprazdnik.ru/links/prazdnik3.htm,,,,,1,112,other,,,0
maskaradkid_mod_articles_list,875,96,sashabelov.ru,http://www.sashabelov.ru/links/holiday4.htm,,,,,1,114,other,,,0
maskaradkid_mod_articles_list,876,96,rulev.com,http://rulev.com/recomend/benefits9.htm,,,,,1,115,other,,,0
maskaradkid_mod_articles_list,877,102,delightstudio.ru,http://www.delightstudio.ru/links/links19.html,,,,,1,1,other,,,0
maskaradkid_mod_articles_list,878,123,Анонс,,,articles_listing878_2.jpg,articles_listing878_1.jpg,articles_listing878.jpg,1,1,no-url,,,0
maskaradkid_mod_articles_list,879,123,Сценарий,,,,,,1,2,no-url,,,0
maskaradkid_mod_articles_list,880,123,Смета,,,,,,1,3,no-url,,,0
maskaradkid_mod_articles_list,881,135,Новогодний ледниковый период,/detskii-prazdnik/novogodnii-ledn-period.html,,articles_listing881_2.jpg,articles_listing881_1.jpg,articles_listing881.jpg,1,10,show,,,0
maskaradkid_mod_articles_list,883,96,przd.su,,,,,,1,116,no-url,,,0
maskaradkid_mod_articles_list,884,124,Анонс,,,articles_listing884_2.jpg,articles_listing884_1.jpg,articles_listing884.jpg,1,1,no-url,,,0
maskaradkid_mod_articles_list,885,135,Новогодняя Страна Чудес,/detskii-prazdnik/novogodnyaya-strana-chudes.html,,articles_listing885_2.jpg,articles_listing885_1.jpg,articles_listing885.jpg,1,8,show,,,0
maskaradkid_mod_articles_list,886,124,Сценарий,,,,,,1,2,no-url,,,0
maskaradkid_mod_articles_list,887,124,Смета,,,,,,1,3,no-url,,,0
maskaradkid_mod_articles_list,888,125,Анонс,,,articles_listing888_2.jpg,articles_listing888_1.jpg,articles_listing888.jpg,1,1,no-url,,,0
maskaradkid_mod_articles_list,889,135,Новый год с Симпсонами,/detskii-prazdnik/novoii-god-simpsons.html,,articles_listing889_2.jpg,articles_listing889_1.jpg,articles_listing889.jpg,1,5,show,,,0
maskaradkid_mod_articles_list,890,125,Сценарий,,,,,,1,2,no-url,,,0
maskaradkid_mod_articles_list,891,125,Смета,,,,,,1,3,no-url,,,0
maskaradkid_mod_articles_list,892,103,kyliemania.ru,http://www.kyliemania.ru/links/fun17.htm,,,,,1,1,other,,,0
maskaradkid_mod_articles_list,893,126,Анонс,,,articles_listing893_2.jpg,articles_listing893_1.jpg,articles_listing893.jpg,1,1,no-url,,,0
maskaradkid_mod_articles_list,894,126,Сценарий,,,,,,1,2,no-url,,,0
maskaradkid_mod_articles_list,895,126,Смета,,,,,,1,4,no-url,,,0
maskaradkid_mod_articles_list,896,135,Новогодняя Золушка,/detskii-prazdnik/novogodnyaa-zolushka.html,,articles_listing896_2.jpg,articles_listing896_1.jpg,articles_listing896.jpg,1,6,show,,,0
maskaradkid_mod_articles_list,897,96,marutaev.ru,http://marutaev.ru/friends/prazd02.htm,,,,,1,117,other,,,0
maskaradkid_mod_articles_list,909,96,dedmoroz.lv,http://www.dedmoroz.lv/linkexchanger/index.php?category=все_категории&page=14,,,,,1,140,other,,,0
maskaradkid_mod_articles_list,908,96,spb-events.ru,http://www.spb-events.ru/thematic3.htm,,,,,1,139,other,,,0
maskaradkid_mod_articles_list,905,96,funhouse.ru,http://www.funhouse.ru/links-26.html,,,,,1,124,other,,,0
maskaradkid_mod_articles_list,906,96,moscowsvadba.ru,http://moscowsvadba.ru/ssylki7.html,,,,,1,125,other,,,0
maskaradkid_mod_articles_list,907,96,okvedu.ru,http://www.okvedu.ru/reference/,,,,,1,136,other,Вам нужен тамада на свадьбу? Тамада Константин поможет Вам в проведении свадебного торжества.,,0
maskaradkid_mod_articles_list,904,96,tamada-smirnov.ru,http://www.tamada-smirnov.ru/lnk/links_1203766114_3.html,,,,,1,123,other,,,0
maskaradkid_mod_articles_list,910,96,tamada.lv,http://www.tamada.lv/linkexchanger/index.php?category=все_категории&page=23,,,,,1,141,other,,,0
maskaradkid_mod_articles_list,911,96,musicriders.com,http://www.musicriders.com/links9.html,,,,,1,142,other,,,0
maskaradkid_mod_articles_list,912,127,Анонс,,,articles_listing912_2.jpg,articles_listing912_1.jpg,articles_listing912.jpg,1,1,no-url,,,0
maskaradkid_mod_articles_list,913,127,Сценарий,,,,,,1,2,no-url,,,0
maskaradkid_mod_articles_list,914,127,Смета,,,,,,1,3,no-url,,,0
maskaradkid_mod_articles_list,915,135,Новогодний Золотой ключик,/detskii-prazdnik/novogodnii-zolotoi-klyuchik.html,,articles_listing915_2.jpg,articles_listing915_1.jpg,articles_listing915.jpg,1,4,show,,,0
maskaradkid_mod_articles_list,916,118,Сценарий,,,,,,1,4,no-url,,"Сценарий: Оживление героев. Войдя в помещение праздника, дети увидят застывших ельфов, и лишь только героев коснется снежинка, они начнут поочередно оживать! Знакомство. Ожившие герои, танцем завлекают детей и знакомятс…",915
maskaradkid_mod_articles_list,917,109,Сценарий,,,,,,1,2,no-url,,,0
maskaradkid_mod_articles_list,918,128,Анонс,,,articles_listing918_2.jpg,articles_listing918_1.jpg,articles_listing918.jpg,1,1,no-url,,,0
maskaradkid_mod_articles_list,919,96,wedding4you.ru,http://www.wedding4you.ru/sites/index.php,,,,,1,147,other,,,0
maskaradkid_mod_articles_list,920,128,Сценарий,,,,,,1,2,no-url,,,0
maskaradkid_mod_articles_list,921,96,funsvadba.com,http://www.funsvadba.com/ssylki9.html,,,,,1,148,other,,,0
maskaradkid_mod_articles_list,922,128,Смета,,,,,,1,5,no-url,,,0
maskaradkid_mod_articles_list,923,135,Новогодний Мадагаскар,/detskii-prazdnik/novoii-god-madagaskar.html,,articles_listing923_2.jpg,articles_listing923_1.jpg,articles_listing923.jpg,1,11,show,,,0
maskaradkid_mod_articles_list,924,96,убить,,,,,,1,151,no-url,,,0
maskaradkid_mod_articles_list,925,96,sveigo.ru,http://sveigo.ru/links.09.htm,,,,,1,164,other,,,0
maskaradkid_mod_articles_list,926,96,Убить,,,,,,1,165,no-url,,,0
maskaradkid_mod_articles_list,927,96,teplohod.net.ru,http://teplohod.net.ru/links.php?text=%EC%E0%F1%EA%E0%F0%E0%E4,,,,,1,168,other,,,0
maskaradkid_mod_articles_list,928,103,narechena.org.ua,http://narechena.org.ua/dirlinks/links_1220102271_1.html,,,,,1,2,other,,,0
maskaradkid_mod_articles_list,929,103,2sa.ru,http://www.2sa.ru/katalog/index.php?category=1205964108&page=16,,,,,1,4,other,,,0
maskaradkid_mod_articles_list,930,96,Убить,,,,,,1,169,no-url,,,0
maskaradkid_mod_articles_list,931,96,svadba-data.ru,http://svadba-data.ru/links/?id=15648&cat=,,,,,1,171,other,,,0
maskaradkid_mod_articles_list,932,96,apipyai.ru,http://www.apipyai.ru/links.php?cat=1&page=9,,,,,1,173,other,,,0
maskaradkid_mod_articles_list,933,96,Убить,,,,,,1,172,no-url,,,0
maskaradkid_mod_articles_list,934,103,kmt2007.ru,http://www.kmt2007.ru/katalog/index.php?category=1204556761&page=2,,,,,1,5,other,,,0
maskaradkid_mod_articles_list,936,96,www.yuk-art.ru,http://www.yuk-art.ru/pen/gm/g005.html,,,,,1,178,other,,,0
maskaradkid_mod_articles_list,937,96,ny-traditions.ru,http://www.ny-traditions.ru/index.php?topic=links3,,,,,1,180,other,,,0
maskaradkid_mod_articles_list,938,96,www.wedfilm.ru,http://www.wedfilm.ru/wedfilm/partners/links_1150379107_6.html,,,,,1,181,other,,,0
maskaradkid_mod_articles_list,939,96,tamada-super.ru,http://www.tamada-super.ru/friend/svadba3.htm,,,,,1,182,other,,,0
maskaradkid_mod_articles_list,940,96,rentsoundpro.ru,http://www.rentsoundpro.ru/links4you/prazdnik19.htm,,,,,1,183,other,,,0
maskaradkid_mod_articles_list,941,96,marinastilist.ru,http://www.marinastilist.ru/index.php?px=68,,,,,1,191,other,,,0
maskaradkid_mod_articles_list,942,96,okstudio.ru,http://okstudio.ru/links.php?id=15648&cat=,,,,,1,194,other,,,0
maskaradkid_mod_articles_list,943,96,zolotov.com,,,,,,1,195,no-url,,,0
maskaradkid_mod_articles_list,944,96,prazdnik4kids.ru,http://www.prazdnik4kids.ru/viplinks/vse_prazdnik13.htm,,,,,1,197,other,,,0
maskaradkid_mod_articles_list,945,96,kreativ-media.ru,http://www.kreativ-media.ru/friends/holiday/4.php,,,,,1,200,other,,,0
maskaradkid_mod_articles_list,946,96,attrax.ru,http://www.attrax.ru/allpartner/childrens2.htm,,,,,1,201,other,,,0
maskaradkid_mod_articles_list,947,96,mgfoto.ru,http://mgfoto.ru/organizatory02.htm,,,,,1,205,other,,,0
maskaradkid_mod_articles_list,948,96,orient-style.ru,,,,,,1,207,no-url,,,0
maskaradkid_mod_articles_list,949,101,www.diving.hit.lv,http://www.diving.hit.lv/linkexchanger/index.php?category=все_категории&page=8,,,,,1,3,other,,,0
maskaradkid_mod_articles_list,950,101,teatr.hit.lv,http://www.teatr.hit.lv/links/index.php?category=все_категории&page=5,,,,,1,4,other,,,0
maskaradkid_mod_articles_list,952,103,novogodnieelki.ru,http://www.novogodnieelki.ru/ssylki1-6.html,,,,,1,12,other,,,0
maskaradkid_mod_articles_list,953,103,shar-design.ru,http://www.shar-design.ru/blinks/children0.html,,,,,1,13,other,,,0
maskaradkid_mod_articles_list,954,96,ruzima.ru,http://ruzima.ru/links/detskie1.htm,,,,,1,208,other,,,0
maskaradkid_mod_articles_list,955,96,yournewyear.ru,http://www.yournewyear.ru/link/index.htm?part=11&page=1,,,,,1,210,other,,,0
maskaradkid_mod_articles_list,956,96,s-trofimov.ru,http://www.s-trofimov.ru/links/index.php?actions=cat&id=20&page=2,,,,,1,211,other,,,0
maskaradkid_mod_articles_list,957,96,jenih-i-nevesta.ru,http://jenih-i-nevesta.ru/tematiksait/wedding2.htm,,,,,1,212,other,,,0
maskaradkid_mod_articles_list,958,96,carnevale.ru,http://www.carnevale.ru/usf/index.php?category=1189899265&page=32,,,,,1,219,other,,,0
maskaradkid_mod_articles_list,959,96,www.prazd.info,,,,,,1,221,no-url,,,0
maskaradkid_mod_articles_list,960,96,grand-servise.ru,http://grand-servise.ru/links/add_organizaciya2.htm,,,,,1,222,other,,,0
maskaradkid_mod_articles_list,961,96,kurzyamov.ru,http://www.kurzyamov.ru/cat/holidays5.htm,,,,,1,224,other,,,0
maskaradkid_mod_articles_list,962,96,bs-agency.ru,,,,,,1,226,no-url,,,0
maskaradkid_mod_articles_list,963,96,agentstvo-yu.ru,http://www.agentstvo-yu.ru/mlinks/holiday2.htm,,,,,1,227,other,,,0
maskaradkid_mod_articles_list,964,96,artstage.ru,,,,,,1,228,no-url,,,0
maskaradkid_mod_articles_list,965,96,magicrings.ru,http://magicrings.ru/cat/holidays2.htm,,,,,1,233,other,,,0
maskaradkid_mod_articles_list,966,96,franksinatra.ru,http://franksinatra.ru/cat/links_1216063814_6.html,,,,,1,234,other,,,0
maskaradkid_mod_articles_list,967,96,na-prazdnik.com,http://www.na-prazdnik.com/item789.html,,,,,1,235,other,,,0
maskaradkid_mod_articles_list,968,103,joker-rim.ru,http://www.joker-rim.ru/cat/holidays1.htm,,,,,1,17,other,,,0
maskaradkid_mod_articles_list,969,103,avflower.com,http://avflower.com/l/marriage.php,,,,,1,18,other,,,0
maskaradkid_mod_articles_list,970,96,avto-standart.ru,http://www.avto-standart.ru/pagelinks8-0.html,,,,,1,236,other,,,0
maskaradkid_mod_articles_list,971,103,bah.ru,http://www.bah.ru/lnk-1-2.html,,,,,1,26,other,,,0
maskaradkid_mod_articles_list,972,96,anshante.ru,http://www.anshante.ru/links/party_organization/page4/,,,,,1,239,other,,,0
maskaradkid_mod_articles_list,973,96,kan-kan.ru,http://kan-kan.ru/view_cat.php?cat=1&page=2,,,,,1,240,other,,,0
maskaradkid_mod_articles_list,974,96,3541555.ru,http://3541555.ru/le2/links_1204968319_1.html,,,,,1,241,other,,,0
maskaradkid_mod_articles_list,975,96,piroff.ru,http://www.piroff.ru/partners-5.htm,,,,,1,244,other,,,0
maskaradkid_mod_articles_list,980,98,karpovich.ru,http://www.karpovich.ru/wave/pr005.html,,,,,1,5,other,,,0
maskaradkid_mod_articles_list,978,98,coronation.ru,http://www.coronation.ru/lorg_prazd_4.html,,,,,1,3,other,,,0
maskaradkid_mod_articles_list,979,98,nevecta.ru,http://www.nevecta.ru/org_prazd_6.html,,,,,1,4,other,,,0
maskaradkid_mod_articles_list,981,96,a-gerasimov.ru,http://a-gerasimov.ru/links/organizers2.htm,,,,,1,245,other,,,0
maskaradkid_mod_articles_list,982,103,donnaflora.ru,http://www.donnaflora.ru/main.cgi?act=links&cat=128,,,,,1,27,other,,,0
maskaradkid_mod_articles_list,985,96,fenix-m.ru,http://fenix-m.ru/linkt/,,,,,1,249,other,,,0
maskaradkid_mod_articles_list,986,96,убить,,,,,,1,250,no-url,,,0
maskaradkid_mod_articles_list,987,96,moscorp.ru,http://www.moscorp.ru/moscorp/sites/index.php,,,,,1,261,other,,,0
maskaradkid_mod_articles_list,988,103,nefm.ru,http://www.nefm.ru/partners.htm,,,,,1,30,other,,,0
maskaradkid_mod_articles_list,989,129,Анонс,,,articles_listing989_2.jpg,articles_listing989_1.jpg,articles_listing989.jpg,1,1,no-url,,,0
maskaradkid_mod_articles_list,993,135,Новогодняя Белоснежка,/detskii-prazdnik/novogodnyaya-belosnezhka.html,,articles_listing993_2.jpg,articles_listing993_1.jpg,articles_listing993.jpg,1,7,show,,,0
maskaradkid_mod_articles_list,992,129,Смета,,,,,,1,5,no-url,,,0
maskaradkid_mod_articles_list,991,129,Сценарий,,,,,,1,4,no-url,,,0
maskaradkid_mod_articles_list,999,96,show-music.ru,http://show-music.ru/links/holiday?&start=6,,,,,1,262,other,,,0
maskaradkid_mod_articles_list,998,103,terradelluomo.ru,http://www.terradelluomo.ru/useful_urls40.htm,,,,,1,31,other,,,0
maskaradkid_mod_articles_list,1000,130,Марти,,,,articles_listing1000_1.jpg,articles_listing1000.jpg,1,1,no-url,,,0
maskaradkid_mod_articles_list,1001,130,Задумчивый Марти,,,,articles_listing1001_1.jpg,articles_listing1001.jpg,0,2,no-url,,,0
maskaradkid_mod_articles_list,1002,130,Марти в вагоне,,,,articles_listing1002_1.jpg,articles_listing1002.jpg,1,3,no-url,,,0
maskaradkid_mod_articles_list,1003,130,Зебра Марти,,,,articles_listing1003_1.jpg,articles_listing1003.jpg,0,4,no-url,,,0
maskaradkid_mod_articles_list,1004,130,Мелман,,,,articles_listing1004_1.jpg,articles_listing1004.jpg,1,5,no-url,,,0
maskaradkid_mod_articles_list,1005,130,Вредный Мелман,,,,articles_listing1005_1.jpg,articles_listing1005.jpg,0,6,no-url,,,0
maskaradkid_mod_articles_list,1006,130,Жираф,,,,articles_listing1006_1.jpg,articles_listing1006.jpg,0,7,no-url,,,0
maskaradkid_mod_articles_list,1007,130,Мелман в метро,,,,articles_listing1007_1.jpg,articles_listing1007.jpg,1,8,no-url,,,0
maskaradkid_mod_articles_list,1008,130,Высокий Жираф,,,,articles_listing1008_1.jpg,articles_listing1008.jpg,0,9,no-url,,,0
maskaradkid_mod_articles_list,1009,130,Пингвин,,,,articles_listing1009_1.jpg,articles_listing1009.jpg,0,10,no-url,,,0
maskaradkid_mod_articles_list,1010,130,Целеустремленный пингвин,,,,articles_listing1010_1.jpg,articles_listing1010.jpg,1,11,no-url,,,0
maskaradkid_mod_articles_list,1011,130,Пингвинчик,,,,articles_listing1011_1.jpg,articles_listing1011.jpg,0,12,no-url,,,0
maskaradkid_mod_articles_list,1012,130,Мартин,,,,articles_listing1012_1.jpg,articles_listing1012.jpg,0,13,no-url,,,0
maskaradkid_mod_articles_list,1013,130,Марти и пингвин,,,,articles_listing1013_1.jpg,articles_listing1013.jpg,0,14,no-url,,,0
maskaradkid_mod_articles_list,1014,130,Жираф Мелман,,,,articles_listing1014_1.jpg,articles_listing1014.jpg,1,15,no-url,,,0
maskaradkid_mod_articles_list,1015,96,mprazdnik.ru,http://www.mprazdnik.ru/links/celebrations_organisation/holiday_agency/?p=5,,,,,1,269,other,,,0
maskaradkid_mod_articles_list,1016,96,livestage.ru,"http://catalog.livestage.ru/Home,%20family-0.html",,,,,1,270,other,,,0
maskaradkid_mod_articles_list,1017,96,idealevent.ru,http://idealevent.ru/index.php?page=links&linkpage=3,,,,,1,271,other,,,0
maskaradkid_mod_articles_list,1018,103,ifiori.ru,http://www.ifiori.ru/ifiori/links/?linkid=39219,,,,,1,34,other,,,0
maskaradkid_mod_articles_list,1019,103,sg-shar.ru,http://www.holidaythis.ru/segment_partner_2.html,,,,,1,35,other,,,0
maskaradkid_mod_articles_list,1020,96,weddingvideo.ru,http://www.weddingvideo.ru/links/index.php?idcat=11&p=3&rating=1,,,,,1,273,other,,,0
maskaradkid_mod_articles_list,1021,96,zotovshow.ru,http://www.zotovshow.ru/ssylki21.html,,,,,1,274,other,,,0
maskaradkid_mod_articles_list,1022,98,minsk-podarok.com,http://minsk-podarok.com/Poleznoe.html,,,,,1,10,other,,,0
maskaradkid_mod_articles_list,1023,98,artzoom.ru,http://www.artzoom.ru/bee/pr/pr005.html,,,,,1,11,other,,,0
maskaradkid_mod_articles_list,1024,103,adamieva.com.ua,http://www.adamieva.com.ua/sitelinks/links_1200131492_1.html,,,,,1,39,other,,,0
maskaradkid_mod_articles_list,1025,96,убить,,,,,,1,275,no-url,,,0
maskaradkid_mod_articles_list,1026,96,убить,,,,,,1,276,no-url,,,0
maskaradkid_mod_articles_list,1027,98,goldturtle.ru,http://goldturtle.ru/links/60.html,,,,,1,13,other,,,0
maskaradkid_mod_articles_list,1028,103,piroff-show.ru,http://www.piroff-show.ru/partners/1,,,,,1,40,other,,,0
maskaradkid_mod_articles_list,1029,103,Убить,,,,,,1,42,no-url,,,0
maskaradkid_mod_articles_list,1030,103,granpri-msk.ru,http://granpri-msk.ru/topic/links/party-organization/2/,,,,,1,46,other,,,0
maskaradkid_mod_articles_list,1031,103,vashprazdnik.com,http://vashprazdnik.com/masters/partners/.,,,,,1,48,other,,,0
maskaradkid_mod_articles_list,1032,96,swadba.by,http://www.swadba.byhttp://www.swadba.by/best.php?actions=cat&id=16,,,,,1,279,other,,,0
maskaradkid_mod_articles_list,1033,96,framestudio.ru,http://framestudio.ru/links.shtml?id=15648&cat=.,,,,,1,281,other,,,0
maskaradkid_mod_articles_list,1034,103,klonator.ru,http://klonator.ru/links/prazdnik1.htm,,,,,1,49,other,,,0
maskaradkid_mod_articles_list,1035,98,newtoys.ru,http://www.newtoys.ru/links/podarks/lst_0/,,,,,1,14,other,,,0
maskaradkid_mod_articles_list,1038,103,nat-florist.ru,http://www.nat-florist.ru/links/mainCat.asp?page=4&catID=12,,,,,1,50,other,,,0
maskaradkid_mod_articles_list,1039,103,Убить,,,,,,1,51,no-url,,,0
maskaradkid_mod_articles_list,1040,103,Убить,,,,,,1,52,no-url,,,0
maskaradkid_mod_articles_list,1041,96,nighttrust.ru,http://www.nighttrust.ru/cncat/item90.html,,,,,1,282,other,,,0
maskaradkid_mod_articles_list,1042,103,Убить,,,,,,1,53,no-url,,,0
maskaradkid_mod_articles_list,1043,103,photospace.ru,http://www.photospace.ru/links/link.php?id=1058,,,,,1,59,other,,,0
maskaradkid_mod_articles_list,1044,96,nevesta.info,http://www.nevesta.info/partners/,,,,,1,283,other,,,0
maskaradkid_mod_articles_list,1045,96,svadba66.ru,http://www.svadba66.ru/partners,,,,,1,284,other,,,0
maskaradkid_mod_articles_list,1046,96,jenimsya.ru,http://www.jenimsya.ru/exchange/tamada-4.html,,,,,1,285,other,,,0
maskaradkid_mod_articles_list,1047,103,dmitrykalinin.ru,http://dmitrykalinin.ru/catalogue/prazdnik-2.html,,,,,1,60,other,,,0
maskaradkid_mod_articles_list,1048,96,belleb.ru,http://www.anyparty.ru/links/cat/3/page/0,,,,,1,286,other,,,0
maskaradkid_mod_articles_list,1049,96,vanilar.ru,http://www.vanilar.ru/links/link.php?id=1094,,,,,1,287,other,,,0
maskaradkid_mod_articles_list,1050,102,vanilar.ru,http://www.vanilar.ru/links/link.php?id=1094,,,,,1,2,other,,,0
maskaradkid_mod_articles_list,1051,102,futaji.ru,http://futaji.ru/index.php?show_aux_page=10,,,,,1,3,other,,,0
maskaradkid_mod_articles_list,1052,103,убить,,,,,,1,61,no-url,,,0
maskaradkid_mod_articles_list,1053,102,proprint.ru,http://www.proprint.ru/le2/index.php?category=1206576305&page=10,,,,,1,7,other,,,0
maskaradkid_mod_articles_list,1054,96,artcatering.ru,http://www.artcatering.ru/useful_urls42.htm,,,,,1,288,other,,,0
maskaradkid_mod_articles_list,1055,98,artjoke.ru,http://www.artjoke.ru/bee/pr005.html,,,,,1,15,other,,,0
maskaradkid_mod_articles_list,1056,102,moswedding.ru,http://www.moswedding.ru/item181.html,,,,,1,8,other,,,0
maskaradkid_mod_articles_list,1057,103,Убить,,,,,,1,62,no-url,,,0
maskaradkid_mod_articles_list,1058,103,Убить,,,,,,1,63,no-url,,,0
maskaradkid_mod_articles_list,1059,102,okfoto.ru,http://www.okfoto.ru/katalog/index.php?category=1205964108&page=8,,,,,1,9,other,,,0
maskaradkid_mod_articles_list,1060,98,veleos.ru,http://www.veleos.ru/linki_dr.html,,,,,1,16,other,,,0
maskaradkid_mod_articles_list,1061,102,ak-studio.ru,http://www.ak-studio.ru/link_izoart9.htm,,,,,1,10,other,,,0
maskaradkid_mod_articles_list,1062,96,v-zags.com,http://v-zags.com/links/org6.htm,,,,,1,289,other,,,0
maskaradkid_mod_articles_list,1063,103,Убить,,,,,,1,64,no-url,,,0
maskaradkid_mod_articles_list,1064,98,tovaroved.biz,http://www.tovaroved.biz/archives/310,,,,,1,17,other,,,0
maskaradkid_mod_articles_list,1065,97,jurconsul.ru,http://www.jurconsul.ru/useful_urls25.htm,,,,,1,1,other,,,0
maskaradkid_mod_articles_list,1066,96,salon-izumi.ru,http://www.salon-izumi.ru/lnk/realty-1.html,,,,,1,290,other,,,0
maskaradkid_mod_articles_list,1067,96,art-svadba.ru,http://www.art-svadba.ru/links/links_1174648569_2.html,,,,,1,291,other,,,0
maskaradkid_mod_articles_list,1068,102,smv.od.ua,http://www.smv.od.ua/index_ssilki7.html,,,,,1,11,other,,,0
maskaradkid_mod_articles_list,1069,131,Снежная планета! Декорация 4.5х2.5 метра,,,articles_listing1069_2.jpg,,articles_listing1069.jpg,1,1,no-url,,,0
maskaradkid_mod_articles_list,1070,132,В пути! Декорация 4.5х2.5 метра,,,articles_listing1070_2.jpg,,articles_listing1070.jpg,1,1,no-url,,,0
maskaradkid_mod_articles_list,1072,132,Дом Деда Мороза! Декорация 4.5х2.5 метра,,,articles_listing1072_2.jpg,,articles_listing1072.jpg,1,2,no-url,,,0
maskaradkid_mod_articles_list,1073,103,yes.com.ua,http://yes.com.ua/catalog/link.19.37.html,,,,,1,69,other,,,0
maskaradkid_mod_articles_list,1074,103,buket.net.ua,http://buket.net.ua/lp/links_1189583212_2.html,,,,,1,70,other,,,0
maskaradkid_mod_articles_list,1075,98,darena.ru,http://www.darena.ru/catalog/1/4.htm,,,,,1,18,other,,,0
maskaradkid_mod_articles_list,1076,102,stalker-next.ucoz.ru,http://stalker-next.ucoz.ru/dir/,,,,,1,12,other,,,0
maskaradkid_mod_articles_list,1077,102,videostart.ru,http://www.videostart.ru/ss/wedd-0.html,,,,,1,15,other,,,0
maskaradkid_mod_articles_list,1078,102,angeymaster.narod.ru,http://www.angeymaster.narod.ru/partners7.html,,,,,1,16,other,,,0
maskaradkid_mod_articles_list,1079,98,confael.ru,http://www.confael.ru/content/files/ssss/con-deti.htm,,,,,1,24,other,,,0
maskaradkid_mod_articles_list,1080,103,theklim.ru,http://www.theklim.ru/?page=links,,,,,1,72,other,,,0
maskaradkid_mod_articles_list,1081,102,master-fo.spb.ru,http://www.master-fo.spb.ru/ssilki3.php,,,,,1,20,other,,,0
maskaradkid_mod_articles_list,1082,102,nikolenko.ucoz.ru,http://nikolenko.ucoz.ru/dir/,,,,,1,21,other,,,0
maskaradkid_mod_articles_list,1114,7,Индивидуальные праздники,/detskie-prazdniki/individualnye-prazdniki.html,,articles_listing1114_2.jpg,articles_listing1114_1.jpg,articles_listing1114.jpg,1,68,celebration,,,0
maskaradkid_mod_articles_list,1083,102,futajist.com,http://www.futajist.com/links.php/lPath/4,,,,,1,22,other,,,0
maskaradkid_mod_articles_list,1084,102,wedding-animation.ru,http://www.wedding-animation.ru/links.php/lPath/1,,,,,1,23,other,,,0
maskaradkid_mod_articles_list,1085,102,light-n-shade.ru,http://www.light-n-shade.ru/catalog/cat/7/,,,,,1,32,other,,,0
maskaradkid_mod_articles_list,1086,102,ritmstyle.ru,http://ritmstyle.ru/photosites/2.htm,,,,,1,33,other,,,0
maskaradkid_mod_articles_list,1087,102,andrews-film.narod.ru,http://andrews-film.narod.ru/links3.html,,,,,1,34,other,,,0
maskaradkid_mod_articles_list,1088,102,SurkovStudio.com,http://www.surkovstudio.com/links.php,,,,,1,35,other,,,0
maskaradkid_mod_articles_list,1089,102,SurkovStudio.ucoz.ru,http://surkovstudio.ucoz.ru/dir/1-1-2,,,,,1,36,other,,,0
maskaradkid_mod_articles_list,1090,102,raspberry.ucoz.ru,http://raspberry.ucoz.ru/dir/2-1-2,,,,,1,40,other,,,0
maskaradkid_mod_articles_list,1092,98,vkaut.narod.ru,http://vkaut.narod.ru/linksHoliday_4.html,,,,,1,25,other,,,0
maskaradkid_mod_articles_list,1096,50,Магистральнефтеоргсинтез,,,articles_listing1096_2.gif,articles_listing1096_1.gif,articles_listing1096.gif,1,23,no-url,,,0
maskaradkid_mod_articles_list,1094,50,Jones Day,,,articles_listing1094_2.gif,articles_listing1094_1.gif,articles_listing1094.gif,1,14,no-url,,,0
maskaradkid_mod_articles_list,1095,50,Департамент Социальной Защиты,,,articles_listing1095_2.gif,articles_listing1095_1.gif,articles_listing1095.gif,1,16,no-url,,,0
maskaradkid_mod_articles_list,1097,50,Индезит,,,articles_listing1097_2.gif,articles_listing1097_1.gif,articles_listing1097.gif,1,8,no-url,,,0
maskaradkid_mod_articles_list,1098,50,Медиа Бюро,,,articles_listing1098_2.gif,articles_listing1098_1.gif,articles_listing1098.gif,1,25,no-url,,,0
maskaradkid_mod_articles_list,1099,50,Премьера мультфильма Нико. Путь к звездам в кинотеатре Художетсвенный,,,articles_listing1099_2.gif,articles_listing1099_1.gif,articles_listing1099.gif,1,9,no-url,,,0
maskaradkid_mod_articles_list,1100,50,Фитнес центр Марк Аврелий,,,articles_listing1100_2.gif,articles_listing1100_1.gif,articles_listing1100.gif,1,19,no-url,,,0
maskaradkid_mod_articles_list,1101,50,Центр социальной реабилитации для детей-инвалидов,,,,,,1,17,no-url,,,0
maskaradkid_mod_articles_list,1102,50,Андрей Малахов и журнал Starhit,,,articles_listing1102_2.gif,articles_listing1102_1.jpg,articles_listing1102.jpg,1,4,no-url,,,0
maskaradkid_mod_articles_list,1103,50,Первая московская гимназия,,,articles_listing1103_2.gif,articles_listing1103_1.gif,articles_listing1103.gif,1,26,no-url,,,0
maskaradkid_mod_articles_list,1104,6,О примьере мультфильма Нико,,,articles_listing1104_2.gif,articles_listing1104_1.gif,articles_listing1104.gif,1,23,no-url,,,0
maskaradkid_mod_articles_list,1105,101,sc-garmoniya.ru,http://sc-garmoniya.ru/catalog/item40.html.,,,,,1,10,other,,,0
maskaradkid_mod_articles_list,1106,133,Анонс,,,articles_listing1106_2.jpg,articles_listing1106_1.jpg,articles_listing1106.jpg,1,1,no-url,,,0
maskaradkid_mod_articles_list,1107,133,Сценарий,,,,,,1,4,no-url,,,0
maskaradkid_mod_articles_list,1108,133,Смета,,,,,,1,5,no-url,,,0
maskaradkid_mod_articles_list,1109,134,Анонс,,,articles_listing1109_2.jpg,articles_listing1109_1.jpg,articles_listing1109.jpg,1,1,no-url,,,0
maskaradkid_mod_articles_list,1110,134,Сценарий,,,,,,1,3,no-url,,,0
maskaradkid_mod_articles_list,1111,134,Смета,,,,,,1,4,no-url,,,0
maskaradkid_mod_articles_list,1112,1,Полярный экспресс,/detskii-prazdnik/polyarnyi-ekspress.html,"детский праздник, детский интерактивный спектакль, поезд, сказка, организация детских праздников, новогодний корпоративный праздник",articles_listing1112_2.jpg,articles_listing1112_1.jpg,articles_listing1112.jpg,1,164,show,,,0
maskaradkid_mod_articles_list,1113,1,Мадагаскар,/detskii-prazdnik/madagaskar.html,"Мадагаскар на детский день рождения, организовать праздник мадагаскар,",articles_listing1113_2.jpg,articles_listing1113_1.jpg,articles_listing1113.jpg,1,15,show,,,0
maskaradkid_mod_articles_list,1115,102,foto-mixer.ru,http://foto-mixer.ru/links7.html,,,,,1,41,other,,,0
maskaradkid_mod_articles_list,1116,102,bombcreator.ru,http://www.bombcreator.ru/links2,,,,,1,42,other,,,0
maskaradkid_mod_articles_list,1117,8,Театрализованные игровые программы,,,articles_listing1117_2.jpg,articles_listing1117_1.jpg,articles_listing1117.jpg,1,7,no-url,,,0
maskaradkid_mod_articles_list,1118,136,Веселое путешествие,,,,articles_listing1118_1.jpg,articles_listing1118.jpg,1,5,no-url,,,0
maskaradkid_mod_articles_list,1119,136,Чуткий лев Алекс,,,,articles_listing1119_1.jpg,articles_listing1119.jpg,1,6,no-url,,,0
maskaradkid_mod_articles_list,1120,136,Непроходимые джунгли,,,,articles_listing1120_1.jpg,articles_listing1120.jpg,1,7,no-url,,,0
maskaradkid_mod_articles_list,1121,136,Учимся танцевать с Мэлвином и Джулией,,,,articles_listing1121_1.jpg,articles_listing1121.jpg,1,8,no-url,,,0
maskaradkid_mod_articles_list,1122,136,Вечеринка в стиле Мадагаскар,,,,articles_listing1122_1.jpg,articles_listing1122.jpg,1,9,no-url,,,0
maskaradkid_mod_articles_list,1123,136,Переплыть океан,,,,articles_listing1123_1.jpg,articles_listing1123.jpg,1,10,no-url,,,0
maskaradkid_mod_articles_list,1124,139,Развлекательную,,,,,,0,1,no-url,,,0
maskaradkid_mod_articles_list,1125,139,Познавательную,,,,,,1,2,no-url,,,0
maskaradkid_mod_articles_list,1126,139,Образовательную,,,,,,1,4,no-url,,,0
maskaradkid_mod_articles_list,1127,139,Развивающую,,,,,,1,5,no-url,,,0
maskaradkid_mod_articles_list,1128,139,Подвижную,,,,,,1,11,no-url,,,0
maskaradkid_mod_articles_list,1129,98,Аня,,,,,,1,26,no-url,,,0
maskaradkid_mod_articles_list,1130,6,4 дня рождения и выпускной вечер в детском саду.,,,,,,1,24,no-url,,,0
maskaradkid_mod_articles_list,1131,11,Благотворительность,,,,,,1,163,no-url,,,0
maskaradkid_mod_articles_list,1132,140,Праздник для детей больных раком,,,articles_listing1132_2.jpg,articles_listing1132_1.jpg,,1,1,no-url,,,0
maskaradkid_mod_articles_list,1133,140,Праздник ко дню знаний,,,articles_listing1133_2.jpg,articles_listing1133_1.jpg,,1,3,no-url,,,0
maskaradkid_mod_articles_list,1134,143,Полярный экспресс,http://video.rutube.ru/240a7a5a62bb90f2521cd7199dbe2b1b,,,,,1,1,other,,,0
maskaradkid_mod_articles_list,1135,143,Снежная планета,http://video.rutube.ru/60d5bf1408289c167a795192a20c956a,,,,,1,2,other,,,0
maskaradkid_mod_articles_list,1136,143,Белоснежка и семь гномов,http://video.rutube.ru/945453e7d45cc4c828a2d6a3458be590,,,,,1,4,other,,,0
maskaradkid_mod_articles_list,1137,143,Пираты Карибского моря,http://video.rutube.ru/d268027d034d8799fce98cb50e4dbdd3,,,,,1,5,other,,,0
maskaradkid_mod_articles_list,1138,143,Ледниковый период,http://video.rutube.ru/2251a577b0a923fb2a784845c1fabb06,,,,,1,6,other,,,0
maskaradkid_mod_articles_list,1139,143,Золушка,http://video.rutube.ru/56b69489d0634f49d5102c54465848b6,,,,,1,7,other,,,0
maskaradkid_mod_articles_list,1140,143,Алиса в стране чудес,http://video.rutube.ru/8402d24c3123b280c5f253f49235a897,,,,,1,8,other,,,0
maskaradkid_mod_articles_list,1141,144,Декорация 4.5х2.5 метра,,,articles_listing1141_2.jpg,articles_listing1141_1.jpg,articles_listing1141.jpg,1,1,no-url,,,0
maskaradkid_mod_articles_list,1142,140,Новогодняя ёлка,,,articles_listing1142_2.jpg,articles_listing1142_1.jpg,,1,4,no-url,,,0
maskaradkid_mod_articles_list,1143,6,Новогоднее мероприятие для детей сотрудников РАТИОФАРМ,,,articles_listing1143_2.jpg,articles_listing1143_1.jpg,,1,25,no-url,,,0
maskaradkid_mod_articles_list,1144,50,Фармацевтический гигант «РАТИОФАРМ»,,,articles_listing1144_2.jpg,articles_listing1144_1.jpg,,1,7,no-url,,,0
maskaradkid_mod_articles_list,1145,50,Кира Пластинина стиль,,,articles_listing1145_2.jpg,articles_listing1145_1.jpg,,1,3,no-url,,,0
maskaradkid_mod_articles_list,1146,50,Российские Железные Дороги,,"Корпоративные клиенты детских праздников, клиенты маскарада, клиенты детского театра маскарад",articles_listing1146_2.jpg,articles_listing1146_1.jpg,,1,1,no-url,,,0
maskaradkid_mod_articles_list,1147,50,Гипермаркет «МЕТРО Кэш энд Керри»,,,articles_listing1147_2.jpg,articles_listing1147_1.jpg,,1,6,no-url,,,0
maskaradkid_mod_articles_list,1148,112,Вагончик,,,articles_listing1148_2.jpg,articles_listing1148_1.jpg,articles_listing1148.jpg,1,7,no-url,,,0
maskaradkid_mod_articles_list,1149,1,Школа волшебниц Винкс,/detskii-prazdnik/winx.html,"Школа волшебниц Винкс, детский праздник Winx club",articles_listing1149_2.jpg,articles_listing1149_1.jpg,articles_listing1149.jpg,1,47,show,,,0
maskaradkid_mod_articles_list,1150,145,Анонс,,"Школа волшебниц Винкс, детский праздник Winx club",articles_listing1150_2.jpg,articles_listing1150_1.jpg,articles_listing1150.jpg,1,1,no-url,,,0
maskaradkid_mod_articles_list,1151,145,Сценарий,,,,,,0,5,no-url,,,0
maskaradkid_mod_articles_list,1152,145,Смета,,,,,,1,6,no-url,,,0
maskaradkid_mod_articles_list,1153,1,Мэри Поппинс на празднике,/detskii-prazdnik/mary-poppins.html,"Мэри Поппинс, организация детского праздника, няня, мисс совершенство",articles_listing1153_2.jpg,articles_listing1153_1.jpg,articles_listing1153.jpg,1,49,show,,,0
maskaradkid_mod_articles_list,1154,146,Анонс,,"Мэри Поппинс, организация детского праздника, няня, мисс совершенство",articles_listing1154_2.jpg,articles_listing1154_1.jpg,articles_listing1154.jpg,1,1,no-url,,,0
maskaradkid_mod_articles_list,1155,146,Сценарий,,,,,,0,6,no-url,,,0
maskaradkid_mod_articles_list,1156,146,Смета,,,,,,1,7,no-url,,,0
maskaradkid_mod_articles_list,1157,147,Фея 1,,,,articles_listing1157_1.jpg,articles_listing1157.jpg,0,1,no-url,,,0
maskaradkid_mod_articles_list,1158,1,Аватар,/detskii-prazdnik/avatar.html,"аватар, детский интерактивный праздник",articles_listing1158_2.jpg,articles_listing1158_1.jpg,articles_listing1158.jpg,1,45,show,,,0
maskaradkid_mod_articles_list,1159,147,Очарование,,,articles_listing1159_2.jpg,articles_listing1159_1.jpg,articles_listing1159.jpg,1,2,no-url,,,0
maskaradkid_mod_articles_list,1160,147,Фея 3,,,,articles_listing1160_1.jpg,articles_listing1160.jpg,0,6,no-url,,,0
maskaradkid_mod_articles_list,1161,147,Шары,,,,articles_listing1161_1.jpg,articles_listing1161.jpg,1,7,no-url,,,0
maskaradkid_mod_articles_list,1162,147,Колдовство,,,,articles_listing1162_1.jpg,articles_listing1162.jpg,1,10,no-url,,,0
maskaradkid_mod_articles_list,1163,147,Мумия,,,,articles_listing1163_1.jpg,articles_listing1163.jpg,1,13,no-url,,,0
maskaradkid_mod_articles_list,1164,148,Аватар 1,,,,articles_listing1164_1.jpg,articles_listing1164.jpg,1,1,no-url,,,0
maskaradkid_mod_articles_list,1165,148,Аватар 2,,,,articles_listing1165_1.jpg,articles_listing1165.jpg,1,2,no-url,,,0
maskaradkid_mod_articles_list,1166,148,Аватар 3,,,,articles_listing1166_1.jpg,articles_listing1166.jpg,1,3,no-url,,,0
maskaradkid_mod_articles_list,1167,149,Анонс,,Детский праздник Аватар,articles_listing1167_2.jpg,articles_listing1167_1.jpg,articles_listing1167.jpg,1,1,no-url,,,0
maskaradkid_mod_articles_list,1168,149,Сценарий,,,,,,0,4,no-url,,,0
maskaradkid_mod_articles_list,1169,149,Смета,,,,,,1,5,no-url,,,0
maskaradkid_mod_articles_list,1170,7,Классические детские спектакли,/detskie-prazdniki/spektakli.html,,,articles_listing1170_1.jpg,articles_listing1170.jpg,1,69,celebration,,,0
maskaradkid_mod_articles_list,1171,153,Кристофер Робин и все все все,,,articles_listing1171_2.jpg,articles_listing1171_1.jpg,articles_listing1171.jpg,1,1,no-url,,,0
maskaradkid_mod_articles_list,1172,153,Кристофер Робин,,,articles_listing1172_2.jpg,articles_listing1172_1.jpg,articles_listing1172.jpg,1,2,no-url,,,0
maskaradkid_mod_articles_list,1173,153,Мама и Кристофер,,,articles_listing1173_2.jpg,articles_listing1173_1.jpg,articles_listing1173.jpg,1,3,no-url,,,0
maskaradkid_mod_articles_list,1174,153,Мама и Кристофер Робин,,,articles_listing1174_2.jpg,articles_listing1174_1.jpg,articles_listing1174.jpg,1,4,no-url,,,0
maskaradkid_mod_articles_list,1175,153,Песня Матери,,,articles_listing1175_2.jpg,articles_listing1175_1.jpg,articles_listing1175.jpg,1,5,no-url,,,0
maskaradkid_mod_articles_list,1176,153,Дед Мороз и Снегурочка,,,articles_listing1176_2.jpg,articles_listing1176_1.jpg,articles_listing1176.jpg,1,6,no-url,,,0
maskaradkid_mod_articles_list,1177,150,Винни пух и все все все,/detskii-spektakl/vinni-puh.html,,articles_listing1177_2.jpg,articles_listing1177_1.jpg,articles_listing1177.jpg,1,1,other,,,0
maskaradkid_mod_articles_list,1178,151,Анонс,,,articles_listing1178_2.jpg,articles_listing1178_1.jpg,articles_listing1178.jpg,1,1,no-url,,,0
maskaradkid_mod_articles_list,1179,151,Сценарий,,,,,,0,4,no-url,,,0
maskaradkid_mod_articles_list,1180,151,Смета,,,,,,0,5,no-url,,,0
maskaradkid_mod_articles_list,1181,143,Спектакль Винни Пух и все все все,http://video.rutube.ru/51c7ef2737f8835b2c160dc86d4c9825,,,,,1,9,other,,,0
maskaradkid_mod_articles_list,1182,154,"Питер, Крюк, Венди и Динь",,,,articles_listing1182_1.jpg,articles_listing1182.jpg,0,1,no-url,,,0
maskaradkid_mod_articles_list,1183,154,Фея Динь Динь,,,,articles_listing1183_1.jpg,articles_listing1183.jpg,1,2,no-url,,,0
maskaradkid_mod_articles_list,1184,154,Венди и Динь Динь,,,,articles_listing1184_1.jpg,articles_listing1184.jpg,0,3,no-url,,,0
maskaradkid_mod_articles_list,1185,154,Динь Динь,,,,articles_listing1185_1.jpg,articles_listing1185.jpg,0,4,no-url,,,0
maskaradkid_mod_articles_list,1186,154,Питер Пэн,,,,articles_listing1186_1.jpg,articles_listing1186.jpg,0,5,no-url,,,0
maskaradkid_mod_articles_list,1187,154,Динь и Венди,,,,articles_listing1187_1.jpg,articles_listing1187.jpg,1,6,no-url,,,0
maskaradkid_mod_articles_list,1214,154,Танцы,,,,articles_listing1214_1.jpg,articles_listing1214.jpg,1,7,no-url,,,0
maskaradkid_mod_articles_list,1188,1,История игрушек,/detskii-prazdnik/istoriya-igrushek.html,,articles_listing1188_2.jpg,articles_listing1188_1.jpg,articles_listing1188.jpg,1,48,show,,,0
maskaradkid_mod_articles_list,1189,155,Анонс,,,articles_listing1189_2.jpg,articles_listing1189_1.jpg,articles_listing1189.jpg,1,1,no-url,,,0
maskaradkid_mod_articles_list,1190,155,Сценарий,,,,,,0,5,no-url,,,0
maskaradkid_mod_articles_list,1191,155,Смета,,,,,,1,6,no-url,,,0
maskaradkid_mod_articles_list,1192,156,Вуди с подругой,,,articles_listing1192_2.jpg,articles_listing1192_1.jpg,articles_listing1192.jpg,1,1,no-url,,,0
maskaradkid_mod_articles_list,1193,156,Ковбои на празднике дарят подарки,,,articles_listing1193_2.jpg,articles_listing1193_1.jpg,articles_listing1193.jpg,1,2,no-url,,,0
maskaradkid_mod_articles_list,1194,156,Вуди и девочка,,,articles_listing1194_2.jpg,articles_listing1194_1.jpg,articles_listing1194.jpg,1,4,no-url,,,0
maskaradkid_mod_articles_list,1195,156,Мыльное шоу,,,articles_listing1195_2.jpg,articles_listing1195_1.jpg,articles_listing1195.jpg,1,8,no-url,,,0
maskaradkid_mod_articles_list,1196,156,Аквагрим,,,articles_listing1196_2.jpg,articles_listing1196_1.jpg,articles_listing1196.jpg,1,9,no-url,,,0
maskaradkid_mod_articles_list,1197,156,Вуди,,,articles_listing1197_2.jpg,articles_listing1197_1.jpg,articles_listing1197.jpg,1,10,no-url,,,0
maskaradkid_mod_articles_list,1198,14,Буратино и компания,,,articles_listing1198_2.jpg,articles_listing1198_1.jpg,articles_listing1198.jpg,1,18,no-url,,,0
maskaradkid_mod_articles_list,1199,14,Мальвина на праздник,/detskii-prazdnik/zolotoi-klyuchik.html,"Мальвина на детский день рождения, мальвина на праздник, мальвина на детский праздник, программа золотой ключик",articles_listing1199_2.jpg,articles_listing1199_1.jpg,articles_listing1199.jpg,1,19,show,,,0
maskaradkid_mod_articles_list,1200,14,Буратино и девочка,,,articles_listing1200_2.jpg,articles_listing1200_1.jpg,articles_listing1200.jpg,1,21,no-url,,,0
maskaradkid_mod_articles_list,1201,14,Буратино великий,,,articles_listing1201_2.jpg,articles_listing1201_1.jpg,articles_listing1201.jpg,1,22,no-url,,,0
maskaradkid_mod_articles_list,1202,14,Полет буратино,,,articles_listing1202_2.jpg,articles_listing1202_1.jpg,articles_listing1202.jpg,1,23,no-url,,,0
maskaradkid_mod_articles_list,1203,14,Буратино и мальвина,,,articles_listing1203_2.jpg,articles_listing1203_1.jpg,articles_listing1203.jpg,1,24,no-url,,,0
maskaradkid_mod_articles_list,1204,143,Презентация Маскарад,http://video.rutube.ru/5b70f73852534df931f2b701097a468b,,,,,1,10,other,,,0
maskaradkid_mod_articles_list,1205,44,Игуана на детский праздник,,"Дрессированные животные на детский праздник, организация детского праздника, праздник под ключ, заказать дрессированных животных",articles_listing1205_2.jpg,articles_listing1205_1.jpg,articles_listing1205.jpg,1,18,no-url,,,0
maskaradkid_mod_articles_list,1206,44,Игуана и девочка,,,articles_listing1206_2.jpg,articles_listing1206_1.jpg,articles_listing1206.jpg,1,2,no-url,,,0
maskaradkid_mod_articles_list,1207,147,Фея,,,articles_listing1207_2.jpg,articles_listing1207_1.jpg,articles_listing1207.jpg,1,15,no-url,,,0
maskaradkid_mod_articles_list,1208,147,Две феи,,,articles_listing1208_2.jpg,articles_listing1208_1.jpg,articles_listing1208.jpg,1,16,no-url,,,0
maskaradkid_mod_articles_list,1209,43,Девочка волшебница,,,articles_listing1209_2.jpg,articles_listing1209_1.jpg,articles_listing1209.jpg,1,24,no-url,,,0
maskaradkid_mod_articles_list,1210,43,Удивительно на празднике,,"шоу мыльных пузырей на праздник, заказать шоу мыльных пузырей, мыльное шоу на праздник",,articles_listing1210_1.jpg,articles_listing1210.jpg,1,3,no-url,,,0
maskaradkid_mod_articles_list,1211,14,Базилио и крокодил играют,/detskii-prazdnik/zolotoi-klyuchik.html,"Кот базилио на детский день рождения, мальвина на праздник, буратино на детский праздник, программа золотой ключик",,articles_listing1211_1.jpg,articles_listing1211.jpg,1,25,show,,,0
maskaradkid_mod_articles_list,1212,14,Конкурс с базилио,,,,articles_listing1212_1.jpg,articles_listing1212.jpg,1,27,no-url,,,0
maskaradkid_mod_articles_list,1213,5,Организация детских спектаклей,,,,,,1,1,no-url,,,0
maskaradkid_mod_articles_list,1215,154,Виртуоз,,,,articles_listing1215_1.jpg,articles_listing1215.jpg,1,8,no-url,,,0
maskaradkid_mod_articles_list,1216,154,Крокодил - часы,,,,articles_listing1216_1.jpg,articles_listing1216.jpg,1,9,no-url,,,0
maskaradkid_mod_articles_list,1217,154,Крюк,,,,articles_listing1217_1.jpg,articles_listing1217.jpg,1,10,no-url,,,0
maskaradkid_mod_articles_list,1218,154,В плену,,,,articles_listing1218_1.jpg,articles_listing1218.jpg,1,11,no-url,,,0
maskaradkid_mod_articles_list,1219,154,Пираты,,,,articles_listing1219_1.jpg,articles_listing1219.jpg,1,12,no-url,,,0
maskaradkid_mod_articles_list,1220,154,Помошник,,,,articles_listing1220_1.jpg,articles_listing1220.jpg,1,13,no-url,,,0
maskaradkid_mod_articles_list,1221,44,Пони на праздник,,"Дрессированные животные на детский праздник, организация детского праздника, праздник под ключ, заказать дрессированных животных",,articles_listing1221_1.jpg,articles_listing1221.jpg,1,19,no-url,,,0
maskaradkid_mod_articles_list,1222,44,Прогулка верхом праздник на природе,,"Дрессированные животные на детский праздник, организация детского праздника, праздник под ключ, заказать дрессированных животных, организация праздника на природе",,articles_listing1222_1.jpg,articles_listing1222.jpg,1,20,no-url,,,0
maskaradkid_mod_articles_list,1223,44,Кот эквилибрист,,,,articles_listing1223_1.jpg,articles_listing1223.jpg,1,26,no-url,,,0
maskaradkid_mod_articles_list,1224,44,Дрессированные кошки,,"Дрессированные животные на детский праздник, организация детского праздника, праздник под ключ, заказать дрессированных животных",,articles_listing1224_1.jpg,articles_listing1224.jpg,1,3,no-url,,,0
maskaradkid_mod_articles_list,1225,157,Анонс,,Детский праздник Смурфики,articles_listing1225_2.jpg,articles_listing1225_1.jpg,articles_listing1225.jpg,1,1,no-url,,,0
maskaradkid_mod_articles_list,1226,157,Сценарий,,,,,,1,2,no-url,,,0
maskaradkid_mod_articles_list,1227,157,Смета,,,,,,1,3,no-url,,,0
maskaradkid_mod_articles_list,1228,1,Смурфики,/detskii-prazdnik/smurfiki.html,"Смурфики, детский праздник",articles_listing1228_2.jpg,articles_listing1228_1.jpg,articles_listing1228.jpg,1,10,show,,,0
maskaradkid_mod_articles_list,1229,158,Смурфики 1,,"Смурфики на детский день рождения, смурфики на праздник",,articles_listing1229_1.jpg,articles_listing1229.jpg,1,1,no-url,,,0
maskaradkid_mod_articles_list,1230,158,Смурфета и смурфик,,"Смурфета на детский праздник. смурфета на день рождение, заказать смурфету на праздник",,articles_listing1230_1.jpg,articles_listing1230.jpg,1,2,no-url,,,0
maskaradkid_mod_articles_list,1231,158,Смурфик умник делает опыты на празднике,,"Смурфик умник, смурфик благоразумник, смурфики на праздник",,articles_listing1231_1.jpg,articles_listing1231.jpg,1,3,no-url,,,0
maskaradkid_mod_articles_list,1232,158,Гаргамель пришел на праздник,,"Гаргамель на праздник, смурфики на детский день рождения, организация праздника",,articles_listing1232_1.jpg,articles_listing1232.jpg,1,4,no-url,,,0
maskaradkid_mod_articles_list,1233,158,Смурфики весельчаки,,"организация детского праздника, детский день рождения, смурфики на праздник",,articles_listing1233_1.jpg,articles_listing1233.jpg,1,5,no-url,,,0
maskaradkid_mod_articles_list,1234,158,Смурфики 6,,,,articles_listing1234_1.jpg,articles_listing1234.jpg,0,12,no-url,,,0
maskaradkid_mod_articles_list,1235,41,Ромашки из шаров,,"оформление шарами на детский праздник, оформление шарами в ресторане",,articles_listing1235_1.jpg,articles_listing1235.jpg,1,10,no-url,,,0
maskaradkid_mod_articles_list,1236,50,ЖК «Дом на Мосфильмовской»,,,,,,1,112,no-url,,,0
maskaradkid_mod_articles_list,1237,50,ТСЖ «Грин Хаус»,,,,,,1,113,no-url,,,0
maskaradkid_mod_articles_list,1238,1,Иван да Марья,/detskii-prazdnik/ivan-da-maria.html,Иван да Марья - русские народные сказки - организация детских праздников,articles_listing1238_2.jpg,articles_listing1238_1.jpg,articles_listing1238.jpg,1,11,show,,,0
maskaradkid_mod_articles_list,1239,159,Анонс,,Детский праздник Иван да Марья,articles_listing1239_2.jpg,articles_listing1239_1.jpg,articles_listing1239.jpg,1,1,no-url,,,0
maskaradkid_mod_articles_list,1240,159,Сценарий,,,,,,1,2,no-url,,,0
maskaradkid_mod_articles_list,1241,159,Смета,,,,,,1,3,no-url,,,0
maskaradkid_mod_articles_list,1242,160,Иван да Марья,,,,articles_listing1242_1.jpg,articles_listing1242.jpg,1,1,no-url,,,0
maskaradkid_mod_articles_list,1243,160,Ивашка,,,,articles_listing1243_1.jpg,articles_listing1243.jpg,1,2,no-url,,,0
maskaradkid_mod_articles_list,1244,160,Баба Йог,,,,articles_listing1244_1.jpg,articles_listing1244.jpg,1,3,no-url,,,0
maskaradkid_mod_articles_list,1245,160,Соловей разбойник,,,,articles_listing1245_1.jpg,articles_listing1245.jpg,1,4,no-url,,,0
maskaradkid_mod_articles_list,1246,136,Бегемотиха,,,,articles_listing1246_1.jpg,articles_listing1246.jpg,1,3,no-url,,,0
maskaradkid_mod_articles_list,1247,136,Лев Алекс,,,,articles_listing1247_1.jpg,articles_listing1247.jpg,1,4,no-url,,,0
maskaradkid_mod_articles_list,1248,160,Дуняша,,,,articles_listing1248_1.jpg,articles_listing1248.jpg,1,5,no-url,,,0
maskaradkid_mod_articles_list,1249,160,на празднике,,,,articles_listing1249_1.jpg,articles_listing1249.jpg,1,6,no-url,,,0
maskaradkid_mod_articles_list,1250,160,Песня,,,,articles_listing1250_1.jpg,articles_listing1250.jpg,1,9,no-url,,,0
maskaradkid_mod_articles_list,1251,160,Ивашка и богатырь,,,,articles_listing1251_1.jpg,articles_listing1251.jpg,1,10,no-url,,,0
maskaradkid_mod_articles_list,1252,160,Соловей,,,,articles_listing1252_1.jpg,articles_listing1252.jpg,1,11,no-url,,,0
maskaradkid_mod_articles_list,1253,1,Пеппи Длинный Чулок,/detskii-prazdnik/peppi-dlinnii-chulok.html,"Пеппи Длинный Чулок на детский праздник, организация детских праздников",articles_listing1253_2.jpg,articles_listing1253_1.jpg,articles_listing1253.jpg,1,14,show,,,0
maskaradkid_mod_articles_list,1254,161,Анонс,,"Пеппи Длинный Чулок на детский праздник, организация детских праздников",articles_listing1254_2.jpg,articles_listing1254_1.jpg,articles_listing1254.jpg,1,1,no-url,,,0
maskaradkid_mod_articles_list,1255,161,Смета,,,,,,1,2,no-url,,,0
maskaradkid_mod_articles_list,1256,162,Пеппи Длинный Чулок,,,,articles_listing1256_1.jpg,articles_listing1256.jpg,1,1,no-url,,,0
maskaradkid_mod_articles_list,1257,162,Появление пиратов,,,,articles_listing1257_1.jpg,articles_listing1257.jpg,1,2,no-url,,,0
maskaradkid_mod_articles_list,1258,162,Торт,,,,articles_listing1258_1.jpg,articles_listing1258.jpg,1,3,no-url,,,0
maskaradkid_mod_articles_list,1259,162,Побег,,,,articles_listing1259_1.jpg,articles_listing1259.jpg,1,4,no-url,,,0
maskaradkid_mod_articles_list,1260,163,center17.ru,http://www.center17.ru/,,,,,1,1,other,,,0
maskaradkid_mod_articles_list,1261,164,korzina-solnce.ru,,,,,,1,1,no-url,,,0
maskaradkid_mod_articles_list,1262,96,777mif.com,http://777mif.com,,,,,1,292,other,,,0
maskaradkid_mod_articles_list,1263,6,Джек воробей,,,,,,1,26,no-url,,,0
maskaradkid_mod_articles_list,1264,167,Vatel 1,,,,articles_listing1264_1.jpg,articles_listing1264.jpg,1,1,no-url,,,0
maskaradkid_mod_articles_list,1265,167,Vatel 2,,,,articles_listing1265_1.jpg,articles_listing1265.jpg,1,2,no-url,,,0
maskaradkid_mod_articles_list,1266,167,Vatel 3,,,,articles_listing1266_1.jpg,articles_listing1266.jpg,1,3,no-url,,,0
maskaradkid_mod_articles_list,1267,167,Vatel 4,,,,articles_listing1267_1.jpg,articles_listing1267.jpg,1,4,no-url,,,0
maskaradkid_mod_articles_list,1268,165,Банкетный корабль «VATEL»,/detskie-uslugi/arenda-teplohodov/vatel.html,Банкетный корабль VATEL,articles_listing1268_2.jpg,articles_listing1268_1.jpg,articles_listing1268.jpg,1,1,service,,,0
maskaradkid_mod_articles_list,1269,166,Анонс,,"праздник на корабле, детский праздник на корабле, vatel, выпускной на корабле, выпусrной бал на vatel",articles_listing1269_2.jpg,articles_listing1269_1.jpg,articles_listing1269.jpg,1,1,no-url,,,0
maskaradkid_mod_articles_list,1270,168,Мери Поппинс,,,,articles_listing1270_1.jpg,articles_listing1270.jpg,1,1,no-url,,,0
maskaradkid_mod_articles_list,1271,168,Мисс Эндрю и Эй,,,,articles_listing1271_1.jpg,articles_listing1271.jpg,1,2,no-url,,,0
maskaradkid_mod_articles_list,1272,168,Все все все,,,,articles_listing1272_1.jpg,articles_listing1272.jpg,1,3,no-url,,,0
maskaradkid_mod_articles_list,1273,168,Кот Людовик,,,,articles_listing1273_1.jpg,articles_listing1273.jpg,1,4,no-url,,,0
maskaradkid_mod_articles_list,1274,168,Мисс Эндрю,,,,articles_listing1274_1.jpg,articles_listing1274.jpg,1,5,no-url,,,0
maskaradkid_mod_articles_list,1275,168,Мистер Эй,,,,articles_listing1275_1.jpg,articles_listing1275.jpg,1,6,no-url,,,0
maskaradkid_mod_articles_list,1276,168,Мери,,,,articles_listing1276_1.jpg,articles_listing1276.jpg,1,7,no-url,,,0
maskaradkid_mod_articles_list,1277,168,Профессиональный грим,,,,articles_listing1277_1.jpg,articles_listing1277.jpg,1,8,no-url,,,0
maskaradkid_mod_articles_list,1278,168,Танцор Людовик,,,,articles_listing1278_1.jpg,articles_listing1278.jpg,1,9,no-url,,,0
maskaradkid_mod_articles_list,1279,168,"Фу, котик, фу",,,,articles_listing1279_1.jpg,articles_listing1279.jpg,1,10,no-url,,,0
maskaradkid_mod_articles_list,1280,169,Маленький волшебник,,,articles_listing1280_2.jpg,,articles_listing1280.jpg,1,1,no-url,,,0
maskaradkid_mod_articles_list,1281,169,Отважная принцесса,,,articles_listing1281_2.jpg,,articles_listing1281.jpg,1,2,no-url,,,0
maskaradkid_mod_articles_list,1282,169,Мир фантазий,,,articles_listing1282_2.jpg,,articles_listing1282.jpg,1,4,no-url,,,0
maskaradkid_mod_articles_list,1283,169,Один дома,,,articles_listing1283_2.jpg,,articles_listing1283.jpg,1,5,no-url,,,0
maskaradkid_mod_articles_list,1284,169,Шпионские приключения,,,articles_listing1284_2.jpg,,articles_listing1284.jpg,1,6,no-url,,,0
maskaradkid_mod_articles_list,1285,169,Сказочный мир Алисы,,,articles_listing1285_2.jpg,,articles_listing1285.jpg,1,7,no-url,,,0
maskaradkid_mod_articles_list,1286,169,Путешествие с друзьями,,,articles_listing1286_2.jpg,,articles_listing1286.jpg,1,8,no-url,,,0
maskaradkid_mod_articles_list,1287,7,Съемки ФИЛЬМА с вашим участием,,,,,,1,70,no-url,,,0
maskaradkid_mod_articles_list,1288,1,Приключения Синдбада-Морехода,/detskii-prazdnik/sinbad-morehod.html,"Приключения Синдбада-Морехода на детский праздник, организация детского праздника приключения Синбада Морехода",articles_listing1288_2.jpg,articles_listing1288_1.jpg,articles_listing1288.jpg,1,12,show,,,0
maskaradkid_mod_articles_list,1289,170,Анонс,,"Приключения Синдбада-Морехода на детский праздник, организация детского праздника приключения Синбада Морехода",articles_listing1289_2.jpg,articles_listing1289_1.jpg,articles_listing1289.jpg,1,1,no-url,,,0
maskaradkid_mod_articles_list,1290,170,Сценарий,,,,,,1,3,no-url,,,0
maskaradkid_mod_articles_list,1291,170,Смета,,,,,,1,4,no-url,,,0
maskaradkid_mod_articles_list,1292,41,Арка напольная,,оформление шарами на праздник,,articles_listing1292_1.jpg,articles_listing1292.jpg,1,12,no-url,,,0
maskaradkid_mod_articles_list,1293,41,Букет с человечком,,,,articles_listing1293_1.jpg,articles_listing1293.jpg,1,14,no-url,,,0
maskaradkid_mod_articles_list,1294,41,Бумажные детские помпоны,,"помпоны на праздник, заказать оформление помпонами, оформление праздника помпонами,",,articles_listing1294_1.jpg,articles_listing1294.jpg,1,15,no-url,,,0
maskaradkid_mod_articles_list,1295,41,Водоросли из шаров,,"оформление шарами на праздник, организация праздника, фигуры из шариков, заказать оформление детского праздника",,articles_listing1295_1.jpg,articles_listing1295.jpg,1,17,no-url,,,0
maskaradkid_mod_articles_list,1296,41,Восточная арка,,,,articles_listing1296_1.jpg,articles_listing1296.jpg,1,19,no-url,,,0
maskaradkid_mod_articles_list,1297,41,Гелиевые цепочки,,,,articles_listing1297_1.jpg,articles_listing1297.jpg,1,20,no-url,,,0
maskaradkid_mod_articles_list,1298,41,Деревья и кибитка,,,,articles_listing1298_1.jpg,articles_listing1298.jpg,1,21,no-url,,,0
maskaradkid_mod_articles_list,1299,41,Деревья из шаров,,"оформление шарами на праздник, организация праздника, фигуры из шариков, заказать оформление детского праздника, украшение шарами на праздник",,articles_listing1299_1.jpg,articles_listing1299.jpg,1,22,no-url,,,0
maskaradkid_mod_articles_list,1300,41,Детский сад 2011 выпускной,,"оформление шарами на выпускной, оформление шарами в саду",,articles_listing1300_1.jpg,articles_listing1300.jpg,1,24,no-url,,,0
maskaradkid_mod_articles_list,1301,41,Детский сад на выпускной,,"оформление шарами на выпускной, оформление шарами",,articles_listing1301_1.jpg,articles_listing1301.jpg,1,26,no-url,,,0
maskaradkid_mod_articles_list,1302,41,Жираф фигура из шаров,,"оформление шарами на праздник, организация праздника, фигуры из шариков, заказать оформление детского праздника, украшение шарами на праздник",,articles_listing1302_1.jpg,articles_listing1302.jpg,1,27,no-url,,,0
maskaradkid_mod_articles_list,1303,41,Микки маус и мини ходячие фигуры,,"оформление шарами на праздник, организация праздника, фигуры из шариков, заказать оформление детского праздника, украшение шарами на праздник",,articles_listing1303_1.jpg,articles_listing1303.jpg,1,30,no-url,,,0
maskaradkid_mod_articles_list,1304,41,Осьминожки из шаров,,"оформление шарами на праздник, организация праздника, человечки из шариков, оформление детского праздника",,articles_listing1304_1.jpg,articles_listing1304.jpg,1,32,no-url,,,0
maskaradkid_mod_articles_list,1305,41,Пальма,,,,articles_listing1305_1.jpg,articles_listing1305.jpg,1,34,no-url,,,0
maskaradkid_mod_articles_list,1306,41,Стойка с осьминогом в морском стиле,,оформление шарами на детский праздник,,articles_listing1306_1.jpg,articles_listing1306.jpg,1,54,no-url,,,0
maskaradkid_mod_articles_list,1307,41,Пальма фольгированная,,,,articles_listing1307_1.jpg,articles_listing1307.jpg,1,37,no-url,,,0
maskaradkid_mod_articles_list,1308,41,Паук из шаров,,"оформление шарами на праздник, организация праздника, фигуры из шариков, заказать оформление детского праздника, украшение шарами на праздник",,articles_listing1308_1.jpg,articles_listing1308.jpg,1,38,no-url,,,0
maskaradkid_mod_articles_list,1309,41,Пауки из шаров на праздник,,"оформление шарами на праздник, организация праздника, фигуры из шариков, заказать оформление детского праздника",,articles_listing1309_1.jpg,articles_listing1309.jpg,1,39,no-url,,,0
maskaradkid_mod_articles_list,1310,41,Пиньята башмак,,,,articles_listing1310_1.jpg,articles_listing1310.jpg,1,42,no-url,,,0
maskaradkid_mod_articles_list,1311,41,Пиньята Нюша,,,,articles_listing1311_1.jpg,articles_listing1311.jpg,1,43,no-url,,,0
maskaradkid_mod_articles_list,1312,41,Помпоны,,,,articles_listing1312_1.jpg,articles_listing1312.jpg,1,44,no-url,,,0
maskaradkid_mod_articles_list,1313,41,Разноцветные цветы,,,,articles_listing1313_1.jpg,articles_listing1313.jpg,1,45,no-url,,,0
maskaradkid_mod_articles_list,1314,41,Ромашки к 8 марта,,,,articles_listing1314_1.jpg,articles_listing1314.jpg,1,46,no-url,,,0
maskaradkid_mod_articles_list,1315,41,Смурфиника,,,,articles_listing1315_1.jpg,articles_listing1315.jpg,1,47,no-url,,,0
maskaradkid_mod_articles_list,1316,41,Фольгированные ромашки,,,,articles_listing1316_1.jpg,articles_listing1316.jpg,1,48,no-url,,,0
maskaradkid_mod_articles_list,1317,41,Фонтаны из шаров,,,,articles_listing1317_1.jpg,articles_listing1317.jpg,1,49,no-url,,,0
maskaradkid_mod_articles_list,1318,41,Человечки к стульям,,,,articles_listing1318_1.jpg,articles_listing1318.jpg,1,50,no-url,,,0
maskaradkid_mod_articles_list,1319,96,teatrmin.ru,http://teatrmin.ru/index.php/home/partners.html,,,,,1,293,other,,,0
maskaradkid_mod_articles_list,1320,171,"Восточный танец, репетиция",,,,articles_listing1320_1.jpg,articles_listing1320.jpg,1,1,no-url,,,0
maskaradkid_mod_articles_list,1321,171,Дрессировщица Змеи,,,,articles_listing1321_1.jpg,articles_listing1321.jpg,1,2,no-url,,,0
maskaradkid_mod_articles_list,1322,171,Игуана для детей,,,,articles_listing1322_1.jpg,articles_listing1322.jpg,1,3,no-url,,,0
maskaradkid_mod_articles_list,1323,171,Лампа в руках Визиря,,,,articles_listing1323_1.jpg,articles_listing1323.jpg,1,4,no-url,,,0
maskaradkid_mod_articles_list,1324,171,Номер Птица,,,,articles_listing1324_1.jpg,articles_listing1324.jpg,1,5,no-url,,,0
maskaradkid_mod_articles_list,1325,171,Номер с Игуаной,,,,articles_listing1325_1.jpg,articles_listing1325.jpg,1,6,no-url,,,0
maskaradkid_mod_articles_list,1326,171,Песочное Шоу,,,,articles_listing1326_1.jpg,articles_listing1326.jpg,1,7,no-url,,,0
maskaradkid_mod_articles_list,1327,171,Синдбад Мореход,,,,articles_listing1327_1.jpg,articles_listing1327.jpg,1,8,no-url,,,0
maskaradkid_mod_articles_list,1328,173,Детский выездной театр «Маскарад»,,Детский выездной театр «Маскарад»,articles_listing1328_2.jpg,articles_listing1328_1.jpg,articles_listing1328.jpg,1,1,no-url,,,0
maskaradkid_mod_articles_list,1329,173,Премьера нового спектакля Золушка,,,,,,1,3,no-url,,,0
maskaradkid_mod_articles_list,1330,175,Афиша детского московского театра Маскарад,,,,,,1,1,no-url,,,0
maskaradkid_mod_articles_list,1331,179,Русский драматический театр г.Чебоксары,,,articles_listing1331_2.jpg,articles_listing1331_1.jpg,articles_listing1331.jpg,1,1,no-url,,,0
maskaradkid_mod_articles_list,1332,179,Новогодний спектакль Винни пух и друзья,,,,,,1,2,no-url,,,0
maskaradkid_mod_articles_list,1333,179,Гастроли в Воронежском театре оперы и балета,,,articles_listing1333_2.jpg,articles_listing1333_1.jpg,articles_listing1333.jpg,1,6,no-url,,,0
maskaradkid_mod_articles_list,1334,181,Винни Пух и все все все,http://video.rutube.ru/51c7ef2737f8835b2c160dc86d4c9825,,,,,1,1,other,,,0
maskaradkid_mod_articles_list,1335,181,Золушка,//www.youtube.com/embed/6nF7vDT2xEs,,,,,1,3,other,,,0
maskaradkid_mod_articles_list,1336,180,Золушка,/teatr/spektakl/zolushka.html,детский спектакль Золушка,articles_listing1336_2.jpg,articles_listing1336_1.jpg,articles_listing1336.jpg,1,1,show,,,0
maskaradkid_mod_articles_list,1337,181,Мадагаскар,//www.youtube.com/embed/kmIW_xTDI78,,,,,1,5,other,,,0
maskaradkid_mod_articles_list,1338,180,Мадагаскар,/teatr/spektakl/madagaskar.html,,articles_listing1338_2.jpg,articles_listing1338_1.jpg,articles_listing1338.jpg,1,2,show,,,0
maskaradkid_mod_articles_list,1339,180,Винни Пух и все все все,/teatr/spektakl/vinni-puh.html,,articles_listing1339_2.jpg,articles_listing1339_1.jpg,articles_listing1339.jpg,1,4,show,,,0
maskaradkid_mod_articles_list,1340,182,Репертуар спектаклей театра Маскарад,,,,,,1,1,no-url,,,0
maskaradkid_mod_articles_list,1341,186,Русский драматический театр г.Чебоксары,,,articles_listing1341_2.jpg,articles_listing1341_1.jpg,,1,1,no-url,,,0
maskaradkid_mod_articles_list,1342,186,Воронежский театр оперы и балета,,,articles_listing1342_2.jpg,articles_listing1342_1.jpg,articles_listing1342.jpg,1,2,no-url,,,0
maskaradkid_mod_articles_list,1343,188,О детском выездном театре Маскарад,,,,,,1,1,no-url,,,0
maskaradkid_mod_articles_list,1344,189,Цены на классические детские спектакли на сцене,,,,,,1,1,no-url,,,0
maskaradkid_mod_articles_list,1345,190,Заказать классический детский спектакль на сцене,,,,,,1,1,no-url,,,0
maskaradkid_mod_articles_list,1346,191,Контакты детского выездного театра Маскарад,,,,,,1,1,no-url,,,0
maskaradkid_mod_articles_list,1347,183,Анонс,,,,articles_listing1347_1.jpg,articles_listing1347.jpg,1,1,no-url,,,0
maskaradkid_mod_articles_list,1348,184,Анонс,,,articles_listing1348_2.jpg,articles_listing1348_1.jpg,articles_listing1348.jpg,1,1,no-url,,,0
maskaradkid_mod_articles_list,1349,185,Анонс,,,,,,1,1,no-url,,,0
maskaradkid_mod_articles_list,1350,194,Принц,,,,articles_listing1350_1.jpg,articles_listing1350.jpg,1,1,no-url,,,0
maskaradkid_mod_articles_list,1351,194,Золушка,,,,articles_listing1351_1.jpg,articles_listing1351.jpg,1,2,no-url,,,0
maskaradkid_mod_articles_list,1352,194,Король,,,,articles_listing1352_1.jpg,articles_listing1352.jpg,1,3,no-url,,,0
maskaradkid_mod_articles_list,1353,194,Подготовка к балу,,,,articles_listing1353_1.jpg,articles_listing1353.jpg,1,4,no-url,,,0
maskaradkid_mod_articles_list,1354,194,Бальные платья,,,,articles_listing1354_1.jpg,articles_listing1354.jpg,1,5,no-url,,,0
maskaradkid_mod_articles_list,1355,194,Стражник,,,,articles_listing1355_1.jpg,articles_listing1355.jpg,1,6,no-url,,,0
maskaradkid_mod_articles_list,1356,194,Задания для Золушки,,,,articles_listing1356_1.jpg,articles_listing1356.jpg,1,7,no-url,,,0
maskaradkid_mod_articles_list,1357,194,Чарли,,,,articles_listing1357_1.jpg,articles_listing1357.jpg,1,8,no-url,,,0
maskaradkid_mod_articles_list,1358,194,Волшебство,,,,articles_listing1358_1.jpg,articles_listing1358.jpg,1,9,no-url,,,0
maskaradkid_mod_articles_list,1359,194,Чарли и Фея,,,,articles_listing1359_1.jpg,articles_listing1359.jpg,1,10,no-url,,,0
maskaradkid_mod_articles_list,1360,194,Фея,,,,articles_listing1360_1.jpg,articles_listing1360.jpg,1,11,no-url,,,0
maskaradkid_mod_articles_list,1361,194,Золушка и Фея,,,,articles_listing1361_1.jpg,articles_listing1361.jpg,1,12,no-url,,,0
maskaradkid_mod_articles_list,1362,194,Волшебство Феи,,,,articles_listing1362_1.jpg,articles_listing1362.jpg,1,13,no-url,,,0
maskaradkid_mod_articles_list,1363,194,Чарли с шарами,,,,articles_listing1363_1.jpg,articles_listing1363.jpg,1,14,no-url,,,0
maskaradkid_mod_articles_list,1364,194,Хрустальные туфельки,,,,articles_listing1364_1.jpg,articles_listing1364.jpg,1,15,no-url,,,0
maskaradkid_mod_articles_list,1365,194,В ожидании,,,,articles_listing1365_1.jpg,articles_listing1365.jpg,1,16,no-url,,,0
maskaradkid_mod_articles_list,1366,194,Вход на бал,,,,articles_listing1366_1.jpg,articles_listing1366.jpg,1,17,no-url,,,0
maskaradkid_mod_articles_list,1367,194,Поклоны,,,,articles_listing1367_1.jpg,articles_listing1367.jpg,1,18,no-url,,,0
maskaradkid_mod_articles_list,1368,194,Подсчет знаков внимания,,,,articles_listing1368_1.jpg,articles_listing1368.jpg,1,19,no-url,,,0
maskaradkid_mod_articles_list,1369,194,Золушка на балу,,,,articles_listing1369_1.jpg,articles_listing1369.jpg,1,20,no-url,,,0
maskaradkid_mod_articles_list,1370,194,Бальные танцы,,,,articles_listing1370_1.jpg,articles_listing1370.jpg,1,21,no-url,,,0
maskaradkid_mod_articles_list,1371,194,Золушка и Принц,,,,articles_listing1371_1.jpg,articles_listing1371.jpg,1,22,no-url,,,0
maskaradkid_mod_articles_list,1372,194,Танец Мачехи и сестер,,,,articles_listing1372_1.jpg,articles_listing1372.jpg,1,23,no-url,,,0
maskaradkid_mod_articles_list,1373,194,Поиски Золушки,,,,articles_listing1373_1.jpg,articles_listing1373.jpg,1,24,no-url,,,0
maskaradkid_mod_articles_list,1374,195,Глория,,,,articles_listing1374_1.jpg,articles_listing1374.jpg,1,1,no-url,,,0
maskaradkid_mod_articles_list,1375,195,Зебра Марти,,,,articles_listing1375_1.jpg,articles_listing1375.jpg,1,2,no-url,,,0
maskaradkid_mod_articles_list,1376,195,Лев Алекс,,,,articles_listing1376_1.jpg,articles_listing1376.jpg,1,3,no-url,,,0
maskaradkid_mod_articles_list,1377,195,Король Лемуров,,,,articles_listing1377_1.jpg,articles_listing1377.jpg,1,4,no-url,,,0
maskaradkid_mod_articles_list,1378,196,Кристофер Робин и все все все,,,,articles_listing1378_1.jpg,articles_listing1378.jpg,1,1,no-url,,,0
maskaradkid_mod_articles_list,1379,196,Кристофер Робин,,,,articles_listing1379_1.jpg,articles_listing1379.jpg,1,2,no-url,,,0
maskaradkid_mod_articles_list,1380,196,Мама и Кристофер,,,,articles_listing1380_1.jpg,articles_listing1380.jpg,1,3,no-url,,,0
maskaradkid_mod_articles_list,1381,196,Мама и Кристофер Робин,,,,articles_listing1381_1.jpg,articles_listing1381.jpg,1,4,no-url,,,0
maskaradkid_mod_articles_list,1382,196,Песня Матери,,,,articles_listing1382_1.jpg,articles_listing1382.jpg,1,5,no-url,,,0
maskaradkid_mod_articles_list,1383,196,Дед Мороз и Снегурочка,,,,articles_listing1383_1.jpg,articles_listing1383.jpg,1,6,no-url,,,0
maskaradkid_mod_articles_list,1384,181,1 сентября,http://rutube.ru/video/embed/6899523,"1 сентября, 1 звонок",,,,1,6,other,,,0
maskaradkid_mod_articles_list,1385,197,Анонс,,"Супергерои Мстители на детский праздник, организация детских праздников с участием Супергероев Мстителей, Мстители на детский день рождения, мстители на детский праздник",articles_listing1385_2.jpg,articles_listing1385_1.jpg,articles_listing1385.jpg,1,1,no-url,,,0
maskaradkid_mod_articles_list,1386,197,Сценарий,,,,,,1,5,no-url,,,0
maskaradkid_mod_articles_list,1387,197,Смета,,,,,,1,6,no-url,,,0
maskaradkid_mod_articles_list,1388,198,Мстители на детском празднике,,"Мстители на празднике, супергерои мстители на праздник, заказать мстителей, Капитан Америка на праздник, заказать халка",,articles_listing1388_1.jpg,articles_listing1388.jpg,1,1,no-url,,,0
maskaradkid_mod_articles_list,1389,198,Локи бог,,,,articles_listing1389_1.jpg,articles_listing1389.jpg,1,3,no-url,,,0
maskaradkid_mod_articles_list,1390,198,Тор бог,,,,articles_listing1390_1.jpg,articles_listing1390.jpg,1,4,no-url,,,0
maskaradkid_mod_articles_list,1391,198,Человек Труба,,,,articles_listing1391_1.jpg,articles_listing1391.jpg,1,5,no-url,,,0
maskaradkid_mod_articles_list,1392,198,Железный Человек,,,,articles_listing1392_1.jpg,articles_listing1392.jpg,1,6,no-url,,,0
maskaradkid_mod_articles_list,1393,198,Капитан Америка на празднике,,"Мстители на празднике, супергерои мстители на праздник, заказать мстителей, Капитан Америка на праздник, заказать капитана Америку",,articles_listing1393_1.jpg,articles_listing1393.jpg,1,7,no-url,,,0
maskaradkid_mod_articles_list,1394,198,Супергерои Мстители,,,,articles_listing1394_1.jpg,articles_listing1394.jpg,1,9,no-url,,,0
maskaradkid_mod_articles_list,1395,198,Черная Вдова на праздник,,"Мстители на празднике, супергерои мстители на праздник, заказать мстителей, Капитан Америка на праздник, заказать героев на праздник, marvel on party",,articles_listing1395_1.jpg,articles_listing1395.jpg,1,10,no-url,,,0
maskaradkid_mod_articles_list,1396,198,"Декорация 2*2,20",,,,articles_listing1396_1.jpg,articles_listing1396.jpg,1,12,no-url,,,0
maskaradkid_mod_articles_list,1397,1,Супергерои Мстители,/detskii-prazdnik/supergeroi.html,"Супергерои Мстители на детский праздник, организация детских праздников с участием Супергероев Мстителей",articles_listing1397_2.jpg,articles_listing1397_1.jpg,articles_listing1397.jpg,1,3,show,,,0
maskaradkid_mod_articles_list,1398,199,Анонс,,"Холодное сердце: Эльза, Анна, Олоф, Кристофф, Свен на детский праздник, организация детских праздников с участием героев Холодного сердца: Анна, Эльза, Кристофф, Свен, Олоф",articles_listing1398_2.jpg,articles_listing1398_1.jpg,articles_listing1398.jpg,1,1,no-url,,,0
maskaradkid_mod_articles_list,1399,199,Сценарий,,,,,,1,2,no-url,,,0
maskaradkid_mod_articles_list,1400,199,Смета,,,,,,1,3,no-url,,,0
maskaradkid_mod_articles_list,1401,1,Холодное Сердце,/detskii-prazdnik/holodnoe-serdce.html,"Холодное сердце: Эльза, Анна, Олоф, Кристофф, Свен на детский праздник, организация детских праздников с участием героев Холодного сердца: Анна, Эльза, Кристофф, Свен, Олоф",articles_listing1401_2.jpg,articles_listing1401_1.jpg,articles_listing1401.jpg,1,9,show,,,0
maskaradkid_mod_articles_list,1402,18,Холодное Сердце,,,,articles_listing1402_1.jpg,articles_listing1402.jpg,1,17,no-url,,,0
maskaradkid_mod_articles_list,1403,200,Холодное Сердце,,,,articles_listing1403_1.jpg,articles_listing1403.jpg,1,1,no-url,,,0
maskaradkid_mod_articles_list,1404,200,"Анна, Эльза, Олов",,,articles_listing1404_2.jpg,articles_listing1404_1.jpg,articles_listing1404.jpg,1,7,no-url,,,0
maskaradkid_mod_articles_list,1405,200,"Декорация 2,40*4,5 м",,,,articles_listing1405_1.jpg,articles_listing1405.jpg,1,8,no-url,,,0
maskaradkid_mod_articles_list,1406,14,Лиса и Базилио,,,,articles_listing1406_1.jpg,articles_listing1406.jpg,1,29,no-url,,,0
maskaradkid_mod_articles_list,1407,14,Мальвина,,,,articles_listing1407_1.jpg,articles_listing1407.jpg,1,28,no-url,,,0
maskaradkid_mod_articles_list,1408,136,Зебра Марти на день рождения ребенка,,"мадагаскар, зебра марти, марти на праздник, мадагаскар на день рождения",,articles_listing1408_1.jpg,articles_listing1408.jpg,1,1,no-url,,,0
maskaradkid_mod_articles_list,1409,113,Золушка и принц,,,articles_listing1409_2.jpg,,articles_listing1409.jpg,1,1,no-url,,,0
maskaradkid_mod_articles_list,1410,113,"Золушка, принц, дочери и мачеха",,,articles_listing1410_2.jpg,,articles_listing1410.jpg,1,8,no-url,,,0
maskaradkid_mod_articles_list,1411,23,Винни Пух и Кролик,,"Винни Пух на детский праздник, Винни Пух на детский день рождения",articles_listing1411_2.jpg,,articles_listing1411.jpg,1,2,no-url,,,0
maskaradkid_mod_articles_list,1412,23,Тигруля,,Тигруля на детский праздни,articles_listing1412_2.jpg,,articles_listing1412.jpg,1,3,no-url,,,0
maskaradkid_mod_articles_list,1421,9,Детские услуги,,"Аквагрим на праздник, аквагрим на празднике, гримеры на мероприятие, гримеры на новый год",articles_listing1421_2.jpg,articles_listing1421_1.jpg,articles_listing1421.jpg,1,14,no-url,,,0
maskaradkid_mod_articles_list,1413,158,Смурфы на празднике,,"Смурфики на детский день рождения, смурфики на праздник, организация праздника",,articles_listing1413_1.jpg,articles_listing1413.jpg,1,13,no-url,,,0
maskaradkid_mod_articles_list,1414,158,Папа Смурф и Гаргамель на празднике,,"Смурфики на детский день рождения, смурфики на праздник, организация праздника, папа смурф, смурфиника, гаргамел",,articles_listing1414_1.jpg,articles_listing1414.jpg,1,14,no-url,,,0
maskaradkid_mod_articles_list,1415,116,"Игральные карты, декорации",,"декорации к алисе в стране чудес, бутафория алиса, бутафория карты, организация праздника",,articles_listing1415_1.jpg,articles_listing1415.jpg,1,9,no-url,,,0
maskaradkid_mod_articles_list,1416,26,Жители снежной планеты,,,,articles_listing1416_1.jpg,articles_listing1416.jpg,1,3,no-url,,,0
maskaradkid_mod_articles_list,1417,119,Кролик в сюртуке на празднике,,"Кролик в сюртуке, алиса в стране чудес, агенство праздников, алиса на детский день рождения, кролик на праздник",,articles_listing1417_1.jpg,articles_listing1417.jpg,1,1,no-url,,,0
maskaradkid_mod_articles_list,1418,116,Бумажные цветы,,"бумажные цветы, цветы из бумаги, алиса в стране чудес, бутафория, цветы из бумаги на праздник",,,,0,11,no-url,,,0
maskaradkid_mod_articles_list,1419,116,Бумажные цветы,,"бумажные цветы, цветы из бумаги, алиса в стране чудес, бутафория, цветы из бумаги на праздник",,articles_listing1419_1.jpg,articles_listing1419.jpg,1,2,no-url,,,0
maskaradkid_mod_articles_list,1420,116,Розовый фламинго ходячая фигура,,,,articles_listing1420_1.jpg,articles_listing1420.jpg,1,12,no-url,,,0
maskaradkid_mod_articles_list,1422,21,Ослик выносит торт,,"бременские музыканты на праздник, ослик на праздник, торт",,articles_listing1422_1.jpg,articles_listing1422.jpg,1,1,no-url,,,0
maskaradkid_mod_articles_list,1423,41,Цифра 5 из шаров,,,,articles_listing1423_1.jpg,articles_listing1423.jpg,1,51,no-url,,,0
maskaradkid_mod_articles_list,1424,41,оформление в морском пиратском стиле,,"оформление шарами на праздник, пиратское оформление, морское оформление",,decor1.jpg,decor.jpg,1,53,no-url,,,0
maskaradkid_mod_articles_list,1425,44,Дог Шоу на праздник,,"Дрессированные животные на детский праздник, организация детского праздника, праздник под ключ, заказать дрессированных животных",,articles_listing1425_1.jpg,articles_listing1425.jpg,1,1,no-url,,,0
maskaradkid_mod_articles_list,1429,9,Мастер-классы,,"мастер-класс на праздник, выездные масстер-классы, мастер-класс на день рождения",articles_listing1429_2.jpg,articles_listing1429_1.jpg,articles_listing1429.jpg,1,15,no-url,,,0
maskaradkid_mod_articles_list,1427,201,Мастер-классы,/detskie-uslugi/master-klassy.html,,,articles_listing1427_1.jpg,articles_listing1427.jpg,1,1,service,,,0
maskaradkid_mod_articles_list,1428,2,Мастер-классы,/detskie-uslugi/master-klassy.html,"мастер-класс на праздник, выездные масстер-классы,",articles_listing1428_2.jpg,articles_listing1428_1.jpg,articles_listing1428.jpg,1,12,service,,,0
maskaradkid_mod_articles_list,1430,13,Мастер-классы,,,,,,1,1,no-url,,,0
maskaradkid_mod_articles_list,1431,204,Мастер-класс по росписи футболок,,,,articles_listing1431_1.jpg,articles_listing1431.jpg,0,1,no-url,,,0
maskaradkid_mod_articles_list,1432,205,Мастер-класс роспись футболок,,,,articles_listing1432_1.jpg,,1,1,no-url,,,0
maskaradkid_mod_articles_list,1433,45,Фотолаборатория на детском празднике,,"Выездная фотолаборатория, фотолаборатория, фотолаборатория на праздник, фотозона, баннер, баннер на праздник",articles_listing1433_2.jpg,articles_listing1433_1.jpg,articles_listing1433.jpg,0,2,no-url,,,0
maskaradkid_mod_articles_list,1434,207,Баннер на новогодний праздник,,"баннер, баннер на праздник, заказать баннер, заказать выездной баннер на праздник, баннер на день рождения",articles_listing1434_2.jpg,articles_listing1434_1.jpg,articles_listing1434.jpg,1,6,no-url,,,0
maskaradkid_mod_articles_list,1435,207,Баннер на  праздник,,"баннер, баннер на праздник, заказать баннер, заказать выездной баннер на праздник, баннер на день рождения",articles_listing1435_2.jpg,articles_listing1435_1.jpg,articles_listing1435.jpg,1,7,no-url,,,0
maskaradkid_mod_articles_list,1436,207,Фотолаборатория на детском празднике,,"Выездная фотолаборатория, фотолаборатория, фотолаборатория на праздник, фотозона, баннер, баннер на праздник",articles_listing1436_2.jpg,articles_listing1436_1.jpg,articles_listing1436.jpg,1,5,no-url,,,0
maskaradkid_mod_articles_list,1437,90,Энгри Бердс,,"тимбилдинг, тимбилдинг для детей, энгри бердс, заказать энгрибердс",articles_listing1437_2.jpg,articles_listing1437_1.jpg,articles_listing1437.jpg,1,6,no-url,,,0
maskaradkid_mod_articles_list,1438,207,Press wall на праздник,,"press wall на праздник, заказать press wall на праздник, съемки у press wall на празднике",articles_listing1438_2.jpg,articles_listing1438_1.jpg,articles_listing1438.jpg,1,1,no-url,,,0
maskaradkid_mod_articles_list,1439,9,Кукольные спектакли,,,,,,1,26,no-url,,,0
maskaradkid_mod_articles_list1,1,1,Золотой ключик,/detskii-prazdnik/zolotoi-klyuchik.html,"Золотой ключик, детский праздник, сказка с Буратино, Мальвина, Алиса, Базилио",articles_listing1_2.jpg,articles_listing1_1.jpg,listing1.jpg,1,41,show,,,0
maskaradkid_mod_articles_list1,3,1,Винни пух и все все все,/detskii-prazdnik/vinni-puh.html,"Винни пух и все все все: пятачок, ослик иа иа, умный кролик и сова",articles_listing3_2.jpg,articles_listing3_1.jpg,listing3.jpg,1,38,show,,,0
maskaradkid_mod_articles_list1,2,1,Сказка Шрека,/detskii-prazdnik/skazka-shreka.html,"Сказка Шрека, детский праздник, Феона, осел, волшебница, кот в сапогах, Шрек",articles_listing2_2.jpg,articles_listing2_1.jpg,listing2.jpg,1,115,show,,,0
maskaradkid_mod_articles_list1,4,1,Волшебная фея,/detskii-prazdnik/volshebnaya-feya.html,"Волшебная фея, детские праздники, детский праздник дома, детский день рождения, день рождения ребенка",articles_listing4_2.jpg,articles_listing4_1.jpg,listing4.jpg,1,121,show,,,0
maskaradkid_mod_articles_list1,7,1,Золушка,/detskii-prazdnik/zolushka.html,"Золушка, хрустальная туфелька, принц, фея и злая мачеха",articles_listing7_2.jpg,articles_listing7_1.jpg,articles_listing7.jpg,1,34,show,,,0
maskaradkid_mod_articles_list1,6,2,Оформление воздушными шарами,/detskie-uslugi/oformlenie-sharami.html,"Оформление воздушными шарами, украшение детского праздника",articles_listing6_2.jpg,articles_listing6_1.jpg,listing6.jpg,1,2,service,,,0
maskaradkid_mod_articles_list1,5,1,Ледниковый период,/detskii-prazdnik/lednikovyi-period.html,"Ледниковый период, Манфред, Сид, Диего, Элли и белка с орехом",articles_listing5_2.jpg,articles_listing5_1.jpg,articles_listing5.jpg,1,31,show,,,0
maskaradkid_mod_articles_list1,533,77,Сестрица,,,,articles_listing533_1.jpg,articles_listing533.jpg,1,8,no-url,,,0
maskaradkid_mod_articles_list1,534,77,Какой ужас,,,,articles_listing534_1.jpg,articles_listing534.jpg,0,9,no-url,,,0
maskaradkid_mod_articles_list1,535,77,Иду на бал,,,,articles_listing535_1.jpg,articles_listing535.jpg,1,10,no-url,,,0
maskaradkid_mod_articles_list1,983,98,portraits.su,http://www.karpovich.ru/wave/pr005.html,,,,,1,6,other,,,0
maskaradkid_mod_articles_list1,984,96,imperia-r.ru,http://www.nersys.ru/urls_partner_0.html,,,,,1,245,other,,,0
maskaradkid_mod_articles_list1,537,77,вот твое место,,,,articles_listing537_1.jpg,articles_listing537.jpg,0,12,no-url,,,0
maskaradkid_mod_articles_list1,545,86,Вперед к звездам,,,,articles_listing545_1.jpg,articles_listing545.jpg,1,11,no-url,,,0
maskaradkid_mod_articles_list1,8,3,Ребенок рождает родителей,,Ребенок рождает родителей,,,,1,1,no-url,,,0
maskaradkid_mod_articles_list1,9,3,"Родители - настолько простые устройства, что ими могут управлять даже дети.",,"Родители - настолько простые устройства, что ими могут управлять даже дети.",,,,1,7,no-url,,,0
maskaradkid_mod_articles_list1,10,3,Непросто поставить детей на ноги - особенно ранним утром.,,,,,,1,8,no-url,,,0
maskaradkid_mod_articles_list1,227,22,Мастеру за труд,,,,gallery_listing171_1.jpg,gallery_listing171.jpg,1,25,no-url,,,0
maskaradkid_mod_articles_list1,228,22,Фокус,,,,gallery_listing172_1.jpg,gallery_listing172.jpg,1,26,no-url,,,0
maskaradkid_mod_articles_list1,229,22,"А это, дети, квадрат",,,,gallery_listing173_1.jpg,gallery_listing173.jpg,1,27,no-url,,,0
maskaradkid_mod_articles_list1,230,22,Черный ящик в студию!,,,,gallery_listing174_1.jpg,gallery_listing174.jpg,1,28,no-url,,,0
maskaradkid_mod_articles_list1,231,22,Сим салабим!,,,,gallery_listing175_1.jpg,gallery_listing175.jpg,1,29,no-url,,,0
maskaradkid_mod_articles_list1,232,22,Аплодисменты маме,,,,gallery_listing176_1.jpg,gallery_listing176.jpg,1,30,no-url,,,0
maskaradkid_mod_articles_list1,233,22,Общее фото,,,,gallery_listing177_1.jpg,gallery_listing177.jpg,1,31,no-url,,,0
maskaradkid_mod_articles_list1,234,22,УРА!!!!,,,,gallery_listing178_1.jpg,gallery_listing178.jpg,1,32,no-url,,,0
maskaradkid_mod_articles_list1,235,22,Часовых дел мастер,,,,gallery_listing179_1.jpg,gallery_listing179.jpg,1,33,no-url,,,0
maskaradkid_mod_articles_list1,236,22,Праздничный торт от алисы,,,,gallery_listing180_1.jpg,gallery_listing180.jpg,1,34,no-url,,,0
maskaradkid_mod_articles_list1,237,22,Эйфория!,,,,gallery_listing181_1.jpg,gallery_listing181.jpg,1,35,no-url,,,0
maskaradkid_mod_articles_list1,238,23,"Кристофер Робин, Винни Пух и Пятачек",,,,gallery_listing182_1.jpg,gallery_listing182.jpg,1,1,no-url,,,0
maskaradkid_mod_articles_list1,239,23,Просто Пух,,,,gallery_listing183_1.jpg,gallery_listing183.jpg,1,2,no-url,,,0
maskaradkid_mod_articles_list1,240,25,Плюшки для Карлсона,,,,gallery_listing184_1.jpg,gallery_listing184.jpg,1,5,no-url,,,0
maskaradkid_mod_articles_list1,241,25,Ай да Карлсон - озорник!,,,,gallery_listing185_1.jpg,gallery_listing185.jpg,1,3,no-url,,,0
maskaradkid_mod_articles_list1,242,25,Обаятельная Фрекен Бок,,,,gallery_listing186_1.jpg,gallery_listing186.jpg,1,4,no-url,,,0
maskaradkid_mod_articles_list1,243,33,Одноглазый Пират,,,,gallery_listing187_1.jpg,gallery_listing187.jpg,0,3,no-url,,,0
maskaradkid_mod_articles_list1,244,33,Обаятельная Пиратка,,,,gallery_listing188_1.jpg,gallery_listing188.jpg,0,4,no-url,,,0
maskaradkid_mod_articles_list1,245,33,Пират и бутылка рома,,,,gallery_listing189_1.jpg,gallery_listing189.jpg,0,1,no-url,,,0
maskaradkid_mod_articles_list1,246,26,"Санта Клаус, Снеговики и Пингвины",,,,gallery_listing190_1.jpg,gallery_listing190.jpg,1,1,no-url,,,0
maskaradkid_mod_articles_list1,247,26,Снеговик Художник,,,,gallery_listing191_1.jpg,gallery_listing191.jpg,1,2,no-url,,,0
maskaradkid_mod_articles_list1,248,28,Клоун,,,,gallery_listing192_1.jpg,gallery_listing192.jpg,1,1,no-url,,,0
maskaradkid_mod_articles_list1,249,28,Цветочная роспись,,,,gallery_listing193_1.jpg,gallery_listing193.jpg,1,2,no-url,,,0
maskaradkid_mod_articles_list1,250,28,Хищница,,,,gallery_listing194_1.jpg,gallery_listing194.jpg,1,3,no-url,,,0
maskaradkid_mod_articles_list1,251,28,Мартовские коты,,,,gallery_listing195_1.jpg,gallery_listing195.jpg,1,4,no-url,,,0
maskaradkid_mod_articles_list1,252,28,Океан,,,,gallery_listing196_1.jpg,gallery_listing196.jpg,1,5,no-url,,,0
maskaradkid_mod_articles_list1,253,28,Эскимос,,,,gallery_listing197_1.jpg,gallery_listing197.jpg,1,6,no-url,,,0
maskaradkid_mod_articles_list1,254,28,Тигр,,,,gallery_listing198_1.jpg,gallery_listing198.jpg,1,7,no-url,,,0
maskaradkid_mod_articles_list1,255,28,Привидение,,,,gallery_listing199_1.jpg,gallery_listing199.jpg,1,8,no-url,,,0
maskaradkid_mod_articles_list1,256,28,Змея,,,,gallery_listing200_1.jpg,gallery_listing200.jpg,1,9,no-url,,,0
maskaradkid_mod_articles_list1,257,28,Кобра,,,,gallery_listing201_1.jpg,gallery_listing201.jpg,1,10,no-url,,,0
maskaradkid_mod_articles_list1,258,28,Щенок,,,,gallery_listing202_1.jpg,gallery_listing202.jpg,1,11,no-url,,,0
maskaradkid_mod_articles_list1,259,28,Закат,,,,gallery_listing203_1.jpg,gallery_listing203.jpg,1,12,no-url,,,0
maskaradkid_mod_articles_list1,263,29,Поздравляем с днём знаний!,,,,,,1,3,no-url,,,0
maskaradkid_mod_articles_list1,264,29,С праздником блинов масленицей!,,,,,,0,4,no-url,,,0
maskaradkid_mod_articles_list1,265,29,Поздравляем всех ребятишек с днем защиты детей!,,,,,,1,9,no-url,,,0
maskaradkid_mod_articles_list1,266,29,Поздравляем всех деток с наступлением Зимы!,,,,,,1,13,no-url,,,0
maskaradkid_mod_articles_list1,267,29,Поздравляем дорогих учителей с Международным Днем Учителя!,,,,,,1,14,no-url,,,0
maskaradkid_mod_articles_list1,268,29,Редизайн сайта театра детских праздников Маскарад,,,,,,1,15,no-url,,,0
maskaradkid_mod_articles_list1,279,37,Торт С днем рождения,,,,articles_listing279_1.jpg,,1,1,no-url,,,0
maskaradkid_mod_articles_list1,280,37,Торт Домик,,,,articles_listing280_1.jpg,,1,3,no-url,,,0
maskaradkid_mod_articles_list1,281,37,Торт Праздник,,,,articles_listing281_1.jpg,,1,4,no-url,,,0
maskaradkid_mod_articles_list1,270,30,ссылки,,,,,,1,1,no-url,,http://apteki-moscow.ru http://logistic.ru http://climatecontrol.ru http://sites.webrostov.ru http://musipusi.ru http://www.1magazin.net http://www.openmarket.ru http://www.tourpoisk.ru http://www.fanat.com.ua http://ww…,100000
maskaradkid_mod_articles_list1,271,34,Шрек великолепный,,,,articles_listing271_1.jpg,articles_listing271.jpg,1,1,no-url,,,0
maskaradkid_mod_articles_list1,272,34,Очаровательная Феона,,,,articles_listing272_1.jpg,articles_listing272.jpg,1,2,no-url,,,0
maskaradkid_mod_articles_list1,273,34,Летающий ослик,,,,articles_listing273_1.jpg,articles_listing273.jpg,1,3,no-url,,,0
maskaradkid_mod_articles_list1,274,34,Ласковый кот,,,,articles_listing274_1.jpg,articles_listing274.jpg,1,4,no-url,,,0
maskaradkid_mod_articles_list1,275,34,Кот без сопог,,,,articles_listing275_1.jpg,articles_listing275.jpg,1,5,no-url,,,0
maskaradkid_mod_articles_list1,276,34,Колдующая волшебница,,,,articles_listing276_1.jpg,articles_listing276.jpg,1,6,no-url,,,0
maskaradkid_mod_articles_list1,277,36,Буратино и Мальвина,,,,articles_listing277_1.jpg,articles_listing277.jpg,1,1,no-url,,,0
maskaradkid_mod_articles_list1,278,36,Прекрасная мальвина,,,,articles_listing278_1.jpg,articles_listing278.jpg,1,3,no-url,,,0
maskaradkid_mod_articles_list1,282,37,Торт Принцесса,,,,articles_listing282_1.jpg,,1,5,no-url,,,0
maskaradkid_mod_articles_list1,283,37,Торт На любой случай,,,,articles_listing283_1.jpg,,1,6,no-url,,,0
maskaradkid_mod_articles_list1,284,37,Торт Молодожены,,,,articles_listing284_1.jpg,,1,7,no-url,,,0
maskaradkid_mod_articles_list1,285,37,Торт Серпантин,,,,articles_listing285_1.jpg,,1,8,no-url,,,0
maskaradkid_mod_articles_list1,286,37,Торт Нежность,,,,articles_listing286_1.jpg,,1,9,no-url,,,0
maskaradkid_mod_articles_list1,287,37,Торт Лужайка,,,,articles_listing287_1.jpg,,1,10,no-url,,,0
maskaradkid_mod_articles_list1,288,37,Торт Именины,,,,articles_listing288_1.jpg,,1,11,no-url,,,0
maskaradkid_mod_articles_list1,289,37,Торт Лягушка,,,,articles_listing289_1.jpg,,1,12,no-url,,,0
maskaradkid_mod_articles_list1,290,37,Торт Футбольное поле,,,,articles_listing290_1.jpg,,1,13,no-url,,,0
maskaradkid_mod_articles_list1,291,37,Торт Кот,,,,articles_listing291_1.jpg,,1,14,no-url,,,0
maskaradkid_mod_articles_list1,292,37,Торт С новым годом,,,,articles_listing292_1.jpg,,1,15,no-url,,,0
maskaradkid_mod_articles_list1,293,37,Торт Дюймовочка,,,,articles_listing293_1.jpg,,1,16,no-url,,,0
maskaradkid_mod_articles_list1,294,37,Торт Пожарная машина,,,,articles_listing294_1.jpg,,1,17,no-url,,,0
maskaradkid_mod_articles_list1,295,37,Торт Муравей,,,,articles_listing295_1.jpg,,1,18,no-url,,,0
maskaradkid_mod_articles_list1,296,37,Торт Торжество,,,,articles_listing296_1.jpg,,1,19,no-url,,,0
maskaradkid_mod_articles_list1,297,37,Торт Тридевятое царство,,,,articles_listing297_1.jpg,,1,20,no-url,,,0
maskaradkid_mod_articles_list1,298,37,Торт Мерседес,,,,articles_listing298_1.jpg,,1,21,no-url,,,0
maskaradkid_mod_articles_list1,299,37,Торт Телекастер,,,,articles_listing299_1.jpg,,1,22,no-url,,,0
maskaradkid_mod_articles_list1,300,37,Торт Тыква,,,,articles_listing300_1.jpg,,1,23,no-url,,,0
maskaradkid_mod_articles_list1,301,37,Торт Полосатый котик,,,,articles_listing301_1.jpg,,1,24,no-url,,,0
maskaradkid_mod_articles_list1,302,37,Торт Барби,,,,articles_listing302_1.jpg,,1,25,no-url,,,0
maskaradkid_mod_articles_list1,303,37,Торт Черепашка ниндзя,,,,articles_listing303_1.jpg,,1,26,no-url,,,0
maskaradkid_mod_articles_list1,304,37,Торт Невеста,,,,articles_listing304_1.jpg,,1,27,no-url,,,0
maskaradkid_mod_articles_list1,305,37,Торт Машина,,,,articles_listing305_1.jpg,,1,28,no-url,,,0
maskaradkid_mod_articles_list1,306,37,Торт Девочка-машина,,,,articles_listing306_1.jpg,,1,29,no-url,,,0
maskaradkid_mod_articles_list1,307,37,Торт Лес Пол,,,,articles_listing307_1.jpg,,1,30,no-url,,,0
maskaradkid_mod_articles_list1,308,37,Торт Божья коровка,,,,articles_listing308_1.jpg,,1,31,no-url,,,0
maskaradkid_mod_articles_list1,309,37,Торт Колыбельная,,,,articles_listing309_1.jpg,,1,32,no-url,,,0
maskaradkid_mod_articles_list1,310,37,Торт Кролик,,,,articles_listing310_1.jpg,,1,33,no-url,,,0
maskaradkid_mod_articles_list1,311,37,Торт Крысобел,,,,articles_listing311_1.jpg,,1,34,no-url,,,0
maskaradkid_mod_articles_list1,312,37,Торт Львенок,,,,articles_listing312_1.jpg,,1,35,no-url,,,0
maskaradkid_mod_articles_list1,313,37,Торт Рыба,,,,articles_listing313_1.jpg,,1,36,no-url,,,0
maskaradkid_mod_articles_list1,314,37,Торт Кит,,,,articles_listing314_1.jpg,,1,37,no-url,,,0
maskaradkid_mod_articles_list1,315,37,Торт Кабан,,,,articles_listing315_1.jpg,,1,38,no-url,,,0
maskaradkid_mod_articles_list1,316,37,Торт Розовая Барби,,,,articles_listing316_1.jpg,,1,39,no-url,,,0
maskaradkid_mod_articles_list1,317,37,Торт Бегемот,,,,articles_listing317_1.jpg,,1,40,no-url,,,0
maskaradkid_mod_articles_list1,318,37,Торт Снеговик,,,,articles_listing318_1.jpg,,1,41,no-url,,,0
maskaradkid_mod_articles_list1,319,37,Торт Дед Мороз,,,,articles_listing319_1.jpg,,1,42,no-url,,,0
maskaradkid_mod_articles_list1,320,37,Торт Футбол,,,,articles_listing320_1.jpg,,1,43,no-url,,,0
maskaradkid_mod_articles_list1,321,37,Торт Игра,,,,articles_listing321_1.jpg,,1,44,no-url,,,0
maskaradkid_mod_articles_list1,322,37,Торт Паровоз,,,,articles_listing322_1.jpg,,1,45,no-url,,,0
maskaradkid_mod_articles_list1,323,37,Торт Мышка и сыр,,,,articles_listing323_1.jpg,,1,46,no-url,,,0
maskaradkid_mod_articles_list1,324,37,Торт Паутина,,,,articles_listing324_1.jpg,,1,47,no-url,,,0
maskaradkid_mod_articles_list1,325,2,Специальные эффекты,/detskie-uslugi/spetsialnye-effekty.html,"дым машина, снег машина, машина конфетти",articles_listing325_2.jpg,articles_listing325_1.jpg,articles_listing325.jpg,1,5,service,,"Таинственный замок, где томится сказочная принцесса, ожидая спасения, в который спешит прекрасный принц, но на пути его ждет огромный ров, внутри которого, изрыгая ядовитый дым, бурлит раскаленная лава, и огнедышащий др…",790
maskaradkid_mod_articles_list1,326,38,Праздничный салют,,,,articles_listing326_1.jpg,,1,1,no-url,,,0
maskaradkid_mod_articles_list1,327,38,Городское торжество,,,,articles_listing327_1.jpg,,1,2,no-url,,,0
maskaradkid_mod_articles_list1,328,38,Фейерверк,,,,articles_listing328_1.jpg,,1,3,no-url,,,0
maskaradkid_mod_articles_list1,334,40,Снег,,,,articles_listing334_1.jpg,articles_listing334.jpg,1,2,no-url,,,0
maskaradkid_mod_articles_list1,336,40,Мыльный пузырь,,,,articles_listing336_1.jpg,articles_listing336.jpg,1,3,no-url,,,0
maskaradkid_mod_articles_list1,337,41,Букет шаров,,,,articles_listing337_1.jpg,articles_listing337.jpg,1,1,no-url,,,0
maskaradkid_mod_articles_list1,338,41,полоса,,,,articles_listing338_1.jpg,articles_listing338.jpg,1,2,no-url,,,0
maskaradkid_mod_articles_list1,339,41,Воздушные шары,,,,articles_listing339_1.jpg,articles_listing339.jpg,1,3,no-url,,,0
maskaradkid_mod_articles_list1,343,43,Дым внутри,,,,articles_listing343_1.jpg,articles_listing343.jpg,1,1,no-url,,,0
maskaradkid_mod_articles_list1,344,43,Корона,,,,articles_listing344_1.jpg,articles_listing344.jpg,1,2,no-url,,,0
maskaradkid_mod_articles_list1,345,43,Мыльный дождь,,,,articles_listing345_1.jpg,articles_listing345.jpg,1,3,no-url,,,0
maskaradkid_mod_articles_list1,346,43,Мыльный мост,,,,articles_listing346_1.jpg,articles_listing346.jpg,1,4,no-url,,,0
maskaradkid_mod_articles_list1,347,43,Мыльное облако,,,,articles_listing347_1.jpg,articles_listing347.jpg,1,5,no-url,,,0
maskaradkid_mod_articles_list1,348,43,Мыльное покрывало,,,,articles_listing348_1.jpg,articles_listing348.jpg,1,6,no-url,,,0
maskaradkid_mod_articles_list1,349,43,Мыльная цепочка,,,,articles_listing349_1.jpg,articles_listing349.jpg,1,7,no-url,,,0
maskaradkid_mod_articles_list1,350,43,Мыльная радуга,,,,articles_listing350_1.jpg,articles_listing350.jpg,1,8,no-url,,,0
maskaradkid_mod_articles_list1,351,2,Дрессированые животные,/detskie-uslugi/dressirovanye-zhivotnye.html,,articles_listing351_2.jpg,articles_listing351_1.jpg,articles_listing351.jpg,1,7,service,,,0
maskaradkid_mod_articles_list1,352,19,Дрессированая собачка,,,,articles_listing352_1.jpg,articles_listing352.jpg,1,9,no-url,,,0
maskaradkid_mod_articles_list1,353,19,Почтовый голубь,,,,articles_listing353_1.jpg,articles_listing353.jpg,1,10,no-url,,,0
maskaradkid_mod_articles_list1,354,19,Рыжий кот,,,,articles_listing354_1.jpg,articles_listing354.jpg,1,11,no-url,,,0
maskaradkid_mod_articles_list1,355,19,Ловкий кот,,,,articles_listing355_1.jpg,articles_listing355.jpg,1,12,no-url,,,0
maskaradkid_mod_articles_list1,356,19,Белый голубь,,,,articles_listing356_1.jpg,articles_listing356.jpg,1,13,no-url,,,0
maskaradkid_mod_articles_list1,357,2,Фотосъемка,/detskie-uslugi/foto.html,,articles_listing357_2.jpg,articles_listing357_1.jpg,articles_listing357.jpg,1,8,service,,,0
maskaradkid_mod_articles_list1,358,2,Видеосъемка,/detskie-uslugi/video.html,,articles_listing358_2.jpg,articles_listing358_1.jpg,articles_listing358.jpg,1,9,service,,,0
maskaradkid_mod_articles_list1,359,7,Праздники в школе,/detskie-prazdniki/shkolnye-prazdniki.html,,articles_listing359_2.jpg,articles_listing359_1.jpg,articles_listing359.jpg,1,48,celebration,,,0
maskaradkid_mod_articles_list1,360,44,Питон,,,,articles_listing360_1.jpg,articles_listing360.jpg,1,1,no-url,,,0
maskaradkid_mod_articles_list1,361,44,Обезьянка на самокате,,,,articles_listing361_1.jpg,articles_listing361.jpg,1,2,no-url,,,0
maskaradkid_mod_articles_list1,362,44,Свинка,,,,articles_listing362_1.jpg,articles_listing362.jpg,1,3,no-url,,,0
maskaradkid_mod_articles_list1,363,44,Собака,,,,articles_listing363_1.jpg,articles_listing363.jpg,1,4,no-url,,,0
maskaradkid_mod_articles_list1,364,44,Свинка в красном,,,,articles_listing364_1.jpg,articles_listing364.jpg,1,5,no-url,,,0
maskaradkid_mod_articles_list1,365,44,Умная свинка,,,,articles_listing365_1.jpg,articles_listing365.jpg,1,6,no-url,,,0
maskaradkid_mod_articles_list1,366,44,Собака и дрессировщик,,,,articles_listing366_1.jpg,articles_listing366.jpg,1,7,no-url,,,0
maskaradkid_mod_articles_list1,367,44,Свинка играет в кегли,,,,articles_listing367_1.jpg,articles_listing367.jpg,1,8,no-url,,,0
maskaradkid_mod_articles_list1,368,44,Обруч и свинка,,,,articles_listing368_1.jpg,articles_listing368.jpg,1,9,no-url,,,0
maskaradkid_mod_articles_list1,369,44,Дрессированый питон,,,,articles_listing369_1.jpg,articles_listing369.jpg,1,10,no-url,,,0
maskaradkid_mod_articles_list1,370,44,Укращенная змея,,,,articles_listing370_1.jpg,articles_listing370.jpg,1,11,no-url,,,0
maskaradkid_mod_articles_list1,371,44,Крокодил,,,,articles_listing371_1.jpg,articles_listing371.jpg,1,12,no-url,,,0
maskaradkid_mod_articles_list1,372,50,BASF,,,articles_listing372_2.jpg,articles_listing372_1.gif,articles_listing372.gif,1,20,no-url,,,0
maskaradkid_mod_articles_list1,373,50,DHL,,,articles_listing373_2.jpg,articles_listing373_1.gif,articles_listing373.gif,1,21,no-url,,,0
maskaradkid_mod_articles_list1,374,50,Богемия-Люкс,,,articles_listing374_2.jpg,articles_listing374_1.gif,articles_listing374.gif,1,52,no-url,,,0
maskaradkid_mod_articles_list1,375,50,Международная Туристская Ярмарка,,,articles_listing375_2.jpg,articles_listing375_1.gif,articles_listing375.gif,1,53,no-url,,,0
maskaradkid_mod_articles_list1,378,50,Научный центр сердечно-сосудистой хирургии им. А.Н.Бакулева,,,articles_listing378_2.jpg,articles_listing378_1.gif,articles_listing378.gif,1,57,no-url,,,0
maskaradkid_mod_articles_list1,377,50,Управа района Южное Медведково города Москвы,,,articles_listing377_2.jpg,articles_listing377_1.gif,articles_listing377.gif,1,54,no-url,,,0
maskaradkid_mod_articles_list1,379,50,Паркет-Холл,,,articles_listing379_2.jpg,articles_listing379_1.gif,articles_listing379.gif,1,58,no-url,,,0
maskaradkid_mod_articles_list1,380,50,Студия Артемия Лебедева,,,articles_listing380_2.gif,articles_listing380_1.gif,articles_listing380.gif,1,61,no-url,,,0
maskaradkid_mod_articles_list1,381,50,Гостиница Новотель Москва-Центр,,,articles_listing381_2.jpg,articles_listing381_1.gif,articles_listing381.gif,1,62,no-url,,,0
maskaradkid_mod_articles_list1,382,7,Корпоративные детские праздники,/detskie-prazdniki/korporativnye-prazdniki.html,организация и проведение корпоративных детских праздников,articles_listing382_2.jpg,articles_listing382_1.jpg,articles_listing382.jpg,1,49,celebration,,,0
maskaradkid_mod_articles_list1,701,96,www.clouns.ru,http://www.clouns.ru/clouns/partners/links_1150379405_2.html,,,,,1,27,other,,,0
maskaradkid_mod_articles_list1,383,1,Белоснежка и семь гномов,/detskii-prazdnik/belosnezhka.html,Инерактивный детский спектакль Белоснежка и семь гномов,articles_listing383_2.jpg,articles_listing383_1.jpg,articles_listing383.jpg,1,30,show,,,0
maskaradkid_mod_articles_list1,384,43,Мыльная радуга,,,,articles_listing384_1.jpg,articles_listing384.jpg,1,9,no-url,,,0
maskaradkid_mod_articles_list1,385,43,Пузырь,,,,articles_listing385_1.jpg,articles_listing385.jpg,1,10,no-url,,,0
maskaradkid_mod_articles_list1,386,43,Мыльная колонна,,,,articles_listing386_1.jpg,articles_listing386.jpg,1,11,no-url,,,0
maskaradkid_mod_articles_list1,388,43,Королева пузырей,,,,articles_listing388_1.jpg,articles_listing388.jpg,1,13,no-url,,,0
maskaradkid_mod_articles_list1,389,43,Мыльный туман,,,,articles_listing389_1.jpg,articles_listing389.jpg,1,14,no-url,,,0
maskaradkid_mod_articles_list1,391,78,Мыльный костюм,,,,articles_listing391_1.jpg,articles_listing391.jpg,1,6,no-url,,,0
maskaradkid_mod_articles_list1,392,78,Наблюдаем чудо,,,,articles_listing392_1.jpg,articles_listing392.jpg,1,1,no-url,,,0
maskaradkid_mod_articles_list1,393,78,Торт от Маши Колесниковой,,,,articles_listing393_1.jpg,articles_listing393.jpg,0,3,no-url,,,0
maskaradkid_mod_articles_list1,394,78,Ваня Григорьев-Аполлонов и ежик Сема,,,,articles_listing394_1.jpg,articles_listing394.jpg,0,5,no-url,,,0
maskaradkid_mod_articles_list1,395,78,Аквагрим,,,,articles_listing395_1.jpg,articles_listing395.jpg,0,4,no-url,,,0
maskaradkid_mod_articles_list1,396,53,timeout,,,,,,1,23,no-url,,,0
maskaradkid_mod_articles_list1,398,78,"Гном, Андрей Малахов и Маликов",,"Гном, Андрей Малахов и Маликов",,articles_listing398_1.jpg,articles_listing398.jpg,1,2,no-url,,,0
maskaradkid_mod_articles_list1,399,1,Пятый элемент,/detskii-prazdnik/pyatyi-element.html,детский праздник по сценарю интерактивного спектакля Пятый элемент,articles_listing399_2.jpg,articles_listing399_1.jpg,articles_listing399.jpg,1,113,show,,,0
maskaradkid_mod_articles_list1,421,60,Смета,,,,,,1,2,no-url,,,0
maskaradkid_mod_articles_list1,400,1,Пираты карибского моря,/detkii-prazdnik/piraty-karibskogo-morya.html,,articles_listing400_2.jpg,articles_listing400_1.jpg,articles_listing400.jpg,1,120,show,,,0
maskaradkid_mod_articles_list1,420,60,Анонс,,,,articles_listing420_1.jpg,articles_listing420.jpg,1,1,no-url,,,0
maskaradkid_mod_articles_list1,401,76,В бой!,,,,articles_listing401_1.jpg,articles_listing401.jpg,1,1,no-url,,,0
maskaradkid_mod_articles_list1,402,76,"А карта то здесь, смекаешь?",,,,articles_listing402_1.jpg,articles_listing402.jpg,1,2,no-url,,,0
maskaradkid_mod_articles_list1,403,76,Команда,,,,articles_listing403_1.jpg,articles_listing403.jpg,1,3,no-url,,,0
maskaradkid_mod_articles_list1,404,1,Питер Пен,/detkii-prazdnik/piter-pen.html,Интерактивный спектакль Питер Пен,articles_listing404_2.jpg,articles_listing404_1.jpg,articles_listing404.jpg,1,37,show,,,0
maskaradkid_mod_articles_list1,538,86,Питер и Динь,,,,articles_listing538_1.jpg,articles_listing538.jpg,1,1,no-url,,,0
maskaradkid_mod_articles_list1,539,86,Веселый питер Пен и Динь,,,,articles_listing539_1.jpg,articles_listing539.jpg,1,3,no-url,,,0
maskaradkid_mod_articles_list1,540,86,Питер помолчи немного,,,,articles_listing540_1.jpg,articles_listing540.jpg,1,4,no-url,,,0
maskaradkid_mod_articles_list1,541,86,Звездная пыль,,,,articles_listing541_1.jpg,articles_listing541.jpg,1,5,no-url,,,0
maskaradkid_mod_articles_list1,542,86,Летающий Питер,,,,articles_listing542_1.jpg,articles_listing542.jpg,1,6,no-url,,,0
maskaradkid_mod_articles_list1,543,86,"Приземляйся, Питер!",,,,articles_listing543_1.jpg,articles_listing543.jpg,1,7,no-url,,,0
maskaradkid_mod_articles_list1,544,86,Как это у меня поучилось?,,,,articles_listing544_1.jpg,articles_listing544.jpg,1,10,no-url,,,0
maskaradkid_mod_articles_list1,417,59,Анонс,,детский праздник по сценарию интерактивного праздника Незнайка,,articles_listing417_1.jpg,articles_listing417.jpg,1,1,no-url,,,0
maskaradkid_mod_articles_list1,405,55,Анонс,,,,articles_listing405_1.jpg,articles_listing405.jpg,1,1,no-url,,,0
maskaradkid_mod_articles_list1,406,55,Сценарий,,,,,,1,2,no-url,,,0
maskaradkid_mod_articles_list1,407,55,Смета,,,,,,1,3,no-url,,,0
maskaradkid_mod_articles_list1,590,94,Мардж,,,,articles_listing590_1.jpg,articles_listing590.jpg,0,3,no-url,,,0
maskaradkid_mod_articles_list1,408,58,Анонс,,,,articles_listing408_1.jpg,articles_listing408.jpg,1,1,no-url,,,0
maskaradkid_mod_articles_list1,409,58,Сценарий,,,,,,1,2,no-url,,,0
maskaradkid_mod_articles_list1,410,58,Смета,,,,,,1,3,no-url,,,0
maskaradkid_mod_articles_list1,411,57,Анонс,,,,articles_listing411_1.jpg,articles_listing411.jpg,1,1,no-url,,,0
maskaradkid_mod_articles_list1,412,57,Сценарий,,,,,,1,3,no-url,,Сценарий: Знакомство с Венди . Театральная сценка. Раскрывает образ Венди . Готовит участников к приключениям и знакомству с Питером Пеном . Знакомство с Питером Пеном . Театральная сценка. Раскрывает образ Питера Пена…,1214
maskaradkid_mod_articles_list1,413,57,Смета,,,,,,1,4,no-url,,,0
maskaradkid_mod_articles_list1,414,56,Анонс,,,,articles_listing414_1.jpg,articles_listing414.jpg,1,1,no-url,,,0
maskaradkid_mod_articles_list1,415,56,Сценарий,,,,,,1,3,no-url,,,0
maskaradkid_mod_articles_list1,416,56,Смета,,,,,,1,4,no-url,,,0
maskaradkid_mod_articles_list1,418,1,Незнайка в цветочном городе,/detkii-prazdnik/neznaika-v-tsvetochnom-gorode.html,детский праздник по сценарию интерактивного праздника Незнайка,articles_listing418_2.jpg,articles_listing418_1.jpg,articles_listing418.jpg,0,123,show,,,0
maskaradkid_mod_articles_list1,419,59,Смета,,,,,,1,2,no-url,,,0
maskaradkid_mod_articles_list1,422,62,Анонс,,,,articles_listing422_1.jpg,articles_listing422.jpg,1,1,no-url,,,0
maskaradkid_mod_articles_list1,423,62,Смета,,,,,,1,2,no-url,,,0
maskaradkid_mod_articles_list1,424,63,Анонс,,,,articles_listing424_1.jpg,articles_listing424.jpg,1,1,no-url,,,0
maskaradkid_mod_articles_list1,425,63,Смета,,,,,,1,2,no-url,,,0
maskaradkid_mod_articles_list1,433,67,Смета,,,,,,1,2,no-url,,,0
maskaradkid_mod_articles_list1,427,64,Анонс,,,,articles_listing427_1.jpg,articles_listing427.jpg,1,1,no-url,,,0
maskaradkid_mod_articles_list1,428,64,Смета,,,,,,1,2,no-url,,,0
maskaradkid_mod_articles_list1,429,65,Анонс,,,,articles_listing429_1.jpg,articles_listing429.jpg,1,1,no-url,,,0
maskaradkid_mod_articles_list1,430,65,Смета,,,,,,1,2,no-url,,,0
maskaradkid_mod_articles_list1,431,66,Смета,,,,,,1,2,no-url,,,0
maskaradkid_mod_articles_list1,432,66,Анонс,,,,articles_listing432_1.jpg,articles_listing432.jpg,1,1,no-url,,,0
maskaradkid_mod_articles_list1,434,67,Анонс,,,,articles_listing434_1.jpg,articles_listing434.jpg,1,1,no-url,,,0
maskaradkid_mod_articles_list1,435,68,Анонс,,,,articles_listing435_1.jpg,articles_listing435.jpg,1,1,no-url,,,0
maskaradkid_mod_articles_list1,436,68,Смета,,,,,,1,2,no-url,,,0
maskaradkid_mod_articles_list1,437,69,Анонс,,,,articles_listing437_1.jpg,articles_listing437.jpg,1,1,no-url,,,0
maskaradkid_mod_articles_list1,438,69,Смета,,,,,,1,2,no-url,,,0
maskaradkid_mod_articles_list1,439,70,Анонс,,,,articles_listing439_1.jpg,articles_listing439.jpg,1,1,no-url,,,0
maskaradkid_mod_articles_list1,440,70,Смета,,,,,,1,2,no-url,,,0
maskaradkid_mod_articles_list1,441,71,Анонс,,,articles_listing441_2.jpg,articles_listing441_1.jpg,articles_listing441.jpg,1,1,no-url,,,0
maskaradkid_mod_articles_list1,442,71,Смета,,,,,,1,6,no-url,,,0
maskaradkid_mod_articles_list1,443,23,Винни и Пятачок,,,,articles_listing443_1.jpg,articles_listing443.jpg,1,3,no-url,,,0
maskaradkid_mod_articles_list1,444,23,Ослик,,,,articles_listing444_1.jpg,articles_listing444.jpg,1,4,no-url,,,0
maskaradkid_mod_articles_list1,445,72,Ежик и грибы,,,,articles_listing445_1.jpg,articles_listing445.jpg,1,1,no-url,,,0
maskaradkid_mod_articles_list1,446,72,Ежик в березовом лесу,,,,articles_listing446_1.jpg,articles_listing446.jpg,1,2,no-url,,,0
maskaradkid_mod_articles_list1,447,44,Ежик на самокате,,,,articles_listing447_1.jpg,articles_listing447.jpg,1,13,no-url,,,0
maskaradkid_mod_articles_list1,448,73,Смета,,,,,,1,2,no-url,,,0
maskaradkid_mod_articles_list1,449,73,Анонс,,,,articles_listing449_1.jpg,articles_listing449.jpg,1,1,no-url,,,0
maskaradkid_mod_articles_list1,450,74,Аппосумы и Белка,,,,articles_listing450_1.jpg,articles_listing450.jpg,1,1,no-url,,,0
maskaradkid_mod_articles_list1,451,74,Веселые аппосумы,,,,articles_listing451_1.jpg,articles_listing451.jpg,1,2,no-url,,,0
maskaradkid_mod_articles_list1,452,74,Два аппосума,,,,articles_listing452_1.jpg,articles_listing452.jpg,1,3,no-url,,,0
maskaradkid_mod_articles_list1,453,74,Сид и Белка,,,,articles_listing453_1.jpg,articles_listing453.jpg,1,4,no-url,,,0
maskaradkid_mod_articles_list1,454,74,Аппосум,,,,articles_listing454_1.jpg,articles_listing454.jpg,1,5,no-url,,,0
maskaradkid_mod_articles_list1,455,74,Белка,,,,articles_listing455_1.jpg,articles_listing455.jpg,1,6,no-url,,,0
maskaradkid_mod_articles_list1,456,6,Белоснежка и семь гномов для STARhit,,,articles_listing456_2.jpg,articles_listing456_1.jpg,articles_listing456.jpg,1,22,no-url,,,0
maskaradkid_mod_articles_list1,457,7,Выпускной праздник,,,,articles_listing457_1.gif,articles_listing457.gif,0,47,no-url,,,0
maskaradkid_mod_articles_list1,458,75,Выпускной праздник для 11 класса,/detskie-prazdniki/vypusknoi/starsheklassniki.html,,,articles_listing458_1.gif,articles_listing458.gif,0,1,celebration,,,0
maskaradkid_mod_articles_list1,459,75,Выпускной праздник для начальных классов,/detskie-prazdniki/vypusknoi/mladsheklassniki.html,,,articles_listing459_1.gif,articles_listing459.gif,1,2,celebration,,,0
maskaradkid_mod_articles_list1,460,75,Выпускной праздник для детского сада,/detskie-prazdniki/vypusknoi/detskii-sad.html,,,articles_listing460_1.gif,articles_listing460.gif,1,3,celebration,,,0
maskaradkid_mod_articles_list1,461,71,Сценарий,,,,,,1,5,no-url,,,0
maskaradkid_mod_articles_list1,462,54,Джек,,,,articles_listing462_1.jpg,articles_listing462.jpg,1,1,no-url,,,0
maskaradkid_mod_articles_list1,463,54,Запарило,,,,articles_listing463_1.jpg,articles_listing463.jpg,1,2,no-url,,,0
maskaradkid_mod_articles_list1,464,54,В ушко,,,,articles_listing464_1.jpg,articles_listing464.jpg,1,3,no-url,,,0
maskaradkid_mod_articles_list1,465,54,Джек Воробей,,,,articles_listing465_1.jpg,articles_listing465.jpg,1,4,no-url,,,0
maskaradkid_mod_articles_list1,466,54,Элизабет,,,,articles_listing466_1.jpg,articles_listing466.jpg,1,5,no-url,,,0
maskaradkid_mod_articles_list1,467,54,Сокровища,,,,articles_listing467_1.jpg,articles_listing467.jpg,1,6,no-url,,,0
maskaradkid_mod_articles_list1,468,77,Мечтающий принц,,,,articles_listing468_1.jpg,articles_listing468.jpg,1,1,no-url,,,0
maskaradkid_mod_articles_list1,469,77,Как же хороша!,,,,articles_listing469_1.jpg,articles_listing469.jpg,1,2,no-url,,,0
maskaradkid_mod_articles_list1,470,77,Манящий принц,,,,articles_listing470_1.jpg,articles_listing470.jpg,1,3,no-url,,,0
maskaradkid_mod_articles_list1,471,77,Старшая сестра,,,,articles_listing471_1.jpg,articles_listing471.jpg,0,4,no-url,,,0
maskaradkid_mod_articles_list1,472,77,Вот вам всем,,,,articles_listing472_1.jpg,articles_listing472.jpg,0,5,no-url,,,0
maskaradkid_mod_articles_list1,473,77,Мачеха,,,,articles_listing473_1.jpg,articles_listing473.jpg,0,6,no-url,,,0
maskaradkid_mod_articles_list1,474,77,Знай свое место,,,,articles_listing474_1.jpg,articles_listing474.jpg,1,7,no-url,,,0
maskaradkid_mod_articles_list1,475,52,Белоснежка и два гнома,,,,articles_listing475_1.jpg,articles_listing475.jpg,1,1,no-url,,,0
maskaradkid_mod_articles_list1,476,52,Белоснежка и фонарик,,,,articles_listing476_1.jpg,articles_listing476.jpg,1,2,no-url,,,0
maskaradkid_mod_articles_list1,477,52,Ворчуня,,,,articles_listing477_1.jpg,articles_listing477.jpg,1,3,no-url,,,0
maskaradkid_mod_articles_list1,478,52,Весельчак,,,,articles_listing478_1.jpg,articles_listing478.jpg,1,4,no-url,,,0
maskaradkid_mod_articles_list1,479,52,Умник,,,,articles_listing479_1.jpg,articles_listing479.jpg,1,5,no-url,,,0
maskaradkid_mod_articles_list1,480,52,Соня,,,,articles_listing480_1.jpg,articles_listing480.jpg,1,6,no-url,,,0
maskaradkid_mod_articles_list1,481,52,Простачек,,,,articles_listing481_1.jpg,articles_listing481.jpg,1,7,no-url,,,0
maskaradkid_mod_articles_list1,482,52,Белоснежка,,,,articles_listing482_1.jpg,articles_listing482.jpg,1,8,no-url,,,0
maskaradkid_mod_articles_list1,483,52,Белоснежка с фонариком,,,,articles_listing483_1.jpg,articles_listing483.jpg,1,9,no-url,,,0
maskaradkid_mod_articles_list1,484,52,Белоснежка и семь гномов,,,,articles_listing484_1.jpg,articles_listing484.jpg,1,10,no-url,,,0
maskaradkid_mod_articles_list1,485,33,Пираты,,,,articles_listing485_1.jpg,articles_listing485.jpg,1,5,no-url,,,0
maskaradkid_mod_articles_list1,486,33,Ром,,,,articles_listing486_1.jpg,articles_listing486.jpg,1,6,no-url,,,0
maskaradkid_mod_articles_list1,487,33,Никто не получит,,,,articles_listing487_1.jpg,articles_listing487.jpg,1,7,no-url,,,0
maskaradkid_mod_articles_list1,488,33,Что там впереди,,,,articles_listing488_1.jpg,articles_listing488.jpg,1,8,no-url,,,0
maskaradkid_mod_articles_list1,489,33,Джим и пират,,,,articles_listing489_1.jpg,articles_listing489.jpg,1,9,no-url,,,0
maskaradkid_mod_articles_list1,490,33,Джим Хоккинс,,,,articles_listing490_1.jpg,articles_listing490.jpg,1,10,no-url,,,0
maskaradkid_mod_articles_list1,491,79,Больше так не будешь,,,,articles_listing491_1.jpg,articles_listing491.jpg,1,1,no-url,,,0
maskaradkid_mod_articles_list1,492,79,Карлсон,,,,articles_listing492_1.jpg,articles_listing492.jpg,1,2,no-url,,,0
maskaradkid_mod_articles_list1,493,79,Вот мой пропеллер,,,,articles_listing493_1.jpg,articles_listing493.jpg,1,3,no-url,,,0
maskaradkid_mod_articles_list1,494,79,Фрекенбок,,,,articles_listing494_1.jpg,articles_listing494.jpg,1,4,no-url,,,0
maskaradkid_mod_articles_list1,495,79,Карлсон и Фрекенбок,,,,articles_listing495_1.jpg,articles_listing495.jpg,1,5,no-url,,,0
maskaradkid_mod_articles_list1,496,79,В каком ухе у меня жужжит?,,,,articles_listing496_1.jpg,articles_listing496.jpg,1,6,no-url,,,0
maskaradkid_mod_articles_list1,497,80,Певунья,,,,articles_listing497_1.jpg,articles_listing497.jpg,1,1,no-url,,,0
maskaradkid_mod_articles_list1,498,80,Инопланетянка,,,,articles_listing498_1.jpg,articles_listing498.jpg,1,3,no-url,,,0
maskaradkid_mod_articles_list1,499,80,Утонченная инопланетянка,,,,articles_listing499_1.jpg,articles_listing499.jpg,1,5,no-url,,,0
maskaradkid_mod_articles_list1,500,80,Громогласная певунья,,,,articles_listing500_1.jpg,articles_listing500.jpg,1,6,no-url,,,0
maskaradkid_mod_articles_list1,501,1,Алладин и Жасмин,/detkii-prazdnik/alladin-zhasmin.html,детский праздник по сценарию интерактивного спектакля Алладин и Жасмин,articles_listing501_2.jpg,articles_listing501_1.jpg,articles_listing501.jpg,1,114,show,,,0
maskaradkid_mod_articles_list1,502,81,Анонс,,детский праздник по сценарию интерактивного спектакля Алладин и Жасмин,,articles_listing502_1.jpg,articles_listing502.jpg,1,1,no-url,,,0
maskaradkid_mod_articles_list1,503,81,Смета,,,,,,1,2,no-url,,,0
maskaradkid_mod_articles_list1,504,82,Алладин с лампой,,,,articles_listing504_1.jpg,articles_listing504.jpg,1,1,no-url,,,0
maskaradkid_mod_articles_list1,505,82,Алладин трет лампу,,,,articles_listing505_1.jpg,articles_listing505.jpg,1,2,no-url,,,0
maskaradkid_mod_articles_list1,506,82,Зубами лампу,,,,articles_listing506_1.jpg,articles_listing506.jpg,1,3,no-url,,,0
maskaradkid_mod_articles_list1,507,82,лампа обшее счастье,,,,articles_listing507_1.jpg,articles_listing507.jpg,1,4,no-url,,,0
maskaradkid_mod_articles_list1,508,82,она наша,,,,articles_listing508_1.jpg,articles_listing508.jpg,1,5,no-url,,,0
maskaradkid_mod_articles_list1,509,82,Жасмин,,,,articles_listing509_1.jpg,articles_listing509.jpg,1,11,no-url,,,0
maskaradkid_mod_articles_list1,510,82,Жимин жестока,,,,articles_listing510_1.jpg,articles_listing510.jpg,1,12,no-url,,,0
maskaradkid_mod_articles_list1,511,82,Мы с востока,,,,articles_listing511_1.jpg,articles_listing511.jpg,1,13,no-url,,,0
maskaradkid_mod_articles_list1,512,83,ссылки_allsubmitter,,,,,,1,1,no-url,,http://individu.valuehost.ru http://www.essko.ru http://labokka.org.ua http://inter-cat.net http://catalog.klasstour.ru http://lookfor.ws http://uoziod.ru http://catalog.elgrad.net http://free.westtrade.ru http://rating…,100000
maskaradkid_mod_articles_list1,513,84,Что это?,,,,articles_listing513_1.jpg,articles_listing513.jpg,1,1,no-url,,,0
maskaradkid_mod_articles_list1,514,84,Очень радостные эльфы,,,,articles_listing514_1.jpg,articles_listing514.jpg,1,2,no-url,,,0
maskaradkid_mod_articles_list1,515,84,Что там на горизонте?,,,,articles_listing515_1.jpg,articles_listing515.jpg,1,3,no-url,,,0
maskaradkid_mod_articles_list1,516,84,Вот и ты,,,,articles_listing516_1.jpg,articles_listing516.jpg,1,4,no-url,,,0
maskaradkid_mod_articles_list1,517,84,Крадущиеся эльфы,,,,articles_listing517_1.jpg,articles_listing517.jpg,1,5,no-url,,,0
maskaradkid_mod_articles_list1,518,84,Ты что здесь делаешь?,,,,articles_listing518_1.jpg,articles_listing518.jpg,1,6,no-url,,,0
maskaradkid_mod_articles_list1,519,84,Весело,,,,articles_listing519_1.jpg,articles_listing519.jpg,1,7,no-url,,,0
maskaradkid_mod_articles_list1,520,84,Эльфы,,,,articles_listing520_1.jpg,articles_listing520.jpg,1,8,no-url,,,0
maskaradkid_mod_articles_list1,521,84,Эльфы вперед,,,,articles_listing521_1.jpg,articles_listing521.jpg,1,9,no-url,,,0
maskaradkid_mod_articles_list1,522,85,Белка и орех,,,,articles_listing522_1.jpg,articles_listing522.jpg,1,1,no-url,,,0
maskaradkid_mod_articles_list1,523,85,Вкусный орех,,,,articles_listing523_1.jpg,articles_listing523.jpg,1,2,no-url,,,0
maskaradkid_mod_articles_list1,524,85,Белка,,,,articles_listing524_1.jpg,articles_listing524.jpg,1,3,no-url,,,0
maskaradkid_mod_articles_list1,525,85,Не отдам,,,,articles_listing525_1.jpg,articles_listing525.jpg,1,4,no-url,,,0
maskaradkid_mod_articles_list1,526,85,Белка и Сид,,,,articles_listing526_1.jpg,articles_listing526.jpg,1,5,no-url,,,0
maskaradkid_mod_articles_list1,527,85,Один на один,,,,articles_listing527_1.jpg,articles_listing527.jpg,1,6,no-url,,,0
maskaradkid_mod_articles_list1,528,85,верни обратно,,,,articles_listing528_1.jpg,articles_listing528.jpg,1,7,no-url,,,0
maskaradkid_mod_articles_list1,529,85,Белка и Сид дерутся за орех,,,,articles_listing529_1.jpg,articles_listing529.jpg,1,8,no-url,,,0
maskaradkid_mod_articles_list1,530,85,Вся компания,,,,articles_listing530_1.jpg,articles_listing530.jpg,1,9,no-url,,,0
maskaradkid_mod_articles_list1,531,85,Сид и аппосум,,,,articles_listing531_1.jpg,articles_listing531.jpg,1,10,no-url,,,0
maskaradkid_mod_articles_list1,532,85,веселье,,,,articles_listing532_1.jpg,articles_listing532.jpg,1,11,no-url,,,0
maskaradkid_mod_articles_list1,546,86,Непривычно летать,,,,articles_listing546_1.jpg,articles_listing546.jpg,1,12,no-url,,,0
maskaradkid_mod_articles_list1,547,86,Звездная пыль,,,,articles_listing547_1.jpg,articles_listing547.jpg,1,19,no-url,,,0
maskaradkid_mod_articles_list1,548,86,"Тяжело, Динь!",,,,articles_listing548_1.jpg,articles_listing548.jpg,1,20,no-url,,,0
maskaradkid_mod_articles_list1,549,86,Питер Пен,,,,articles_listing549_1.jpg,articles_listing549.jpg,1,21,no-url,,,0
maskaradkid_mod_articles_list1,550,36,Дважды два четыре,,,,articles_listing550_1.jpg,articles_listing550.jpg,1,4,no-url,,,0
maskaradkid_mod_articles_list1,551,36,Ой какой кошмар,,,,articles_listing551_1.jpg,articles_listing551.jpg,1,5,no-url,,,0
maskaradkid_mod_articles_list1,552,36,Мальвина,,,,articles_listing552_1.jpg,articles_listing552.jpg,1,6,no-url,,,0
maskaradkid_mod_articles_list1,553,36,Хлопаем в ладоши,,,,articles_listing553_1.jpg,articles_listing553.jpg,1,7,no-url,,,0
maskaradkid_mod_articles_list1,554,2,Образовательные праздники,/detskie-prazdniki/obrazovatelnye-prazdniki.html,,articles_listing554_2.jpg,articles_listing554_1.jpg,articles_listing554.jpg,1,10,celebration,,,0
maskaradkid_mod_articles_list1,555,87,Ультрафиолет,,,,articles_listing555_1.jpg,articles_listing555.jpg,1,1,no-url,,,0
maskaradkid_mod_articles_list1,556,87,Клубы дыма,,,,articles_listing556_1.jpg,articles_listing556.jpg,1,2,no-url,,,0
maskaradkid_mod_articles_list1,557,87,Электрический шар,,,,articles_listing557_1.jpg,articles_listing557.jpg,1,3,no-url,,,0
maskaradkid_mod_articles_list1,558,88,Внимание,,,,articles_listing558_1.jpg,articles_listing558.jpg,1,1,no-url,,,0
maskaradkid_mod_articles_list1,559,88,Интересный конус,,,,articles_listing559_1.jpg,articles_listing559.jpg,1,2,no-url,,,0
maskaradkid_mod_articles_list1,560,88,Сумашедший химик,,,,articles_listing560_1.jpg,articles_listing560.jpg,1,3,no-url,,,0
maskaradkid_mod_articles_list1,561,88,Опыт,,,,articles_listing561_1.jpg,articles_listing561.jpg,1,4,no-url,,,0
maskaradkid_mod_articles_list1,562,88,Надуваем,,,,articles_listing562_1.jpg,articles_listing562.jpg,1,5,no-url,,,0
maskaradkid_mod_articles_list1,563,88,Делаем вату,,,,articles_listing563_1.jpg,articles_listing563.jpg,1,6,no-url,,,0
maskaradkid_mod_articles_list1,564,2,Аренда теплоходов,/detskie-uslugi/arenda-teplohodov.html,,articles_listing564_2.jpg,articles_listing564_1.jpg,articles_listing564.jpg,1,15,service,,,0
maskaradkid_mod_articles_list1,565,91,Алегрия,,,,articles_listing565_1.jpg,articles_listing565.jpg,1,1,no-url,,,0
maskaradkid_mod_articles_list1,566,91,Дельфин,,,,articles_listing566_1.jpg,articles_listing566.jpg,1,2,no-url,,,0
maskaradkid_mod_articles_list1,567,91,Кармель,,,,articles_listing567_1.jpg,articles_listing567.jpg,1,3,no-url,,,0
maskaradkid_mod_articles_list1,568,91,Москвич,,,,articles_listing568_1.jpg,articles_listing568.jpg,1,4,no-url,,,0
maskaradkid_mod_articles_list1,569,91,Симфония,,,,articles_listing569_1.jpg,articles_listing569.jpg,1,5,no-url,,,0
maskaradkid_mod_articles_list1,570,2,Аттракционы,/detskie-uslugi/attraktsiony.html,,articles_listing570_2.jpg,articles_listing570_1.jpg,articles_listing570.jpg,1,16,service,,,0
maskaradkid_mod_articles_list1,571,90,Надувной дом,,,,articles_listing571_1.jpg,articles_listing571.jpg,1,1,no-url,,,0
maskaradkid_mod_articles_list1,572,90,Надувная замок,,,,articles_listing572_1.jpg,articles_listing572.jpg,1,2,no-url,,,0
maskaradkid_mod_articles_list1,573,90,Полоса препядствий,,,,articles_listing573_1.jpg,articles_listing573.jpg,1,3,no-url,,,0
maskaradkid_mod_articles_list1,574,90,Лыжи,,,,articles_listing574_1.jpg,articles_listing574.jpg,1,4,no-url,,,0
maskaradkid_mod_articles_list1,575,2,Кейтеринг,/detskie-uslugi/keitering.html,,articles_listing575_2.jpg,articles_listing575_1.jpg,articles_listing575.jpg,1,17,service,,,0
maskaradkid_mod_articles_list1,576,92,Кейтеринг на концерте,,,,articles_listing576_1.jpg,articles_listing576.jpg,1,1,no-url,,,0
maskaradkid_mod_articles_list1,577,92,Стена из стаканов,,,,articles_listing577_1.jpg,articles_listing577.jpg,1,2,no-url,,,0
maskaradkid_mod_articles_list1,578,92,Праздничный кейтеринг,,,,articles_listing578_1.jpg,articles_listing578.jpg,1,3,no-url,,,0
maskaradkid_mod_articles_list1,579,92,Массовый кейтеринг,,,,articles_listing579_1.jpg,articles_listing579.jpg,1,4,no-url,,,0
maskaradkid_mod_articles_list1,580,92,Кейтеринг на природе,,,,articles_listing580_1.jpg,articles_listing580.jpg,1,5,no-url,,,0
maskaradkid_mod_articles_list1,581,92,Кейтеринг в лесу,,,,articles_listing581_1.jpg,articles_listing581.jpg,1,6,no-url,,,0
maskaradkid_mod_articles_list1,582,29,НОВЫЙ спектакль СИМПСОНЫ!,,,,,,1,16,no-url,,,0
maskaradkid_mod_articles_list1,583,6,Благодарность фее «Динь-динь» и Питеру Пену!,,,,,,1,21,no-url,,,0
maskaradkid_mod_articles_list1,584,1,Симпсоны,/detskii-prazdnik/simpsony.html,"Детский спектакль Симпсоны - Барт и Лиза, Гомер и Мардж",articles_listing584_2.jpg,articles_listing584_1.jpg,articles_listing584.jpg,1,32,show,,,0
maskaradkid_mod_articles_list1,585,93,Анонс,,"Симпсоны, Гомер и Мардж, Лиза и Барт",articles_listing585_2.jpg,articles_listing585_1.jpg,articles_listing585.jpg,1,1,no-url,,,0
maskaradkid_mod_articles_list1,586,93,Сценарий,,,,,,0,4,no-url,,,0
maskaradkid_mod_articles_list1,587,93,Смета,,,,,,1,5,no-url,,,0
maskaradkid_mod_articles_list1,588,94,Лиза и Барт,,,,articles_listing588_1.jpg,articles_listing588.jpg,0,1,no-url,,,0
maskaradkid_mod_articles_list1,589,94,Гомер и Мардж,,,,articles_listing589_1.jpg,articles_listing589.jpg,0,2,no-url,,,0
maskaradkid_mod_articles_list1,592,4,Партнеры,,,,,,1,3,no-url,,,0
maskaradkid_mod_articles_list1,682,104,"проведение детских праздников, детский праздник в новый год",,,,,,1,1,no-url,,,0
maskaradkid_mod_articles_list1,681,104,"проведение детских праздников, детский праздник 8 марта",,,,,,1,1,no-url,,,0
maskaradkid_mod_articles_list1,680,104,"проведение детских праздников, выпускной в школе",,,,,,1,1,no-url,,,0
maskaradkid_mod_articles_list1,679,104,"проведение детских праздников, выпускной в детском саду",,,,,,1,1,no-url,,,0
maskaradkid_mod_articles_list1,678,104,"проведение детских праздников, выпускной праздник",,,,,,1,1,no-url,,,0
maskaradkid_mod_articles_list1,677,104,"проведение детских праздников, праздник в детском саду",,,,,,1,1,no-url,,,0
maskaradkid_mod_articles_list1,676,104,"проведение детских праздников, детский праздник в Москве",,,,,,1,1,no-url,,,0
maskaradkid_mod_articles_list1,675,104,"проведение детских праздников, детский сад праздник",,,,,,1,1,no-url,,,0
maskaradkid_mod_articles_list1,674,104,"проведение детских праздников, детский день рождения",,,,,,1,1,no-url,,,0
maskaradkid_mod_articles_list1,673,104,"проведение детских праздников, день рождения ребенка",,,,,,1,1,no-url,,,0
maskaradkid_mod_articles_list1,672,104,"организация детских праздников, детский праздник 23 февраля",,,,,,1,1,no-url,,,0
maskaradkid_mod_articles_list1,671,104,"организация детских праздников, масленица",,,,,,1,1,no-url,,,0
maskaradkid_mod_articles_list1,670,104,"организация детских праздников, дед мороз и снегурочка",,,,,,1,1,no-url,,,0
maskaradkid_mod_articles_list1,669,104,"организация детских праздников, новый год",,,,,,1,1,no-url,,,0
maskaradkid_mod_articles_list1,668,104,"организация детских праздников, новогодний праздник",,,,,,1,1,no-url,,,0
maskaradkid_mod_articles_list1,667,104,"организация детских праздников, детский новогодний праздник",,,,,,1,1,no-url,,,0
maskaradkid_mod_articles_list1,666,104,"организация детских праздников, детский праздник в новый год",,,,,,1,1,no-url,,,0
maskaradkid_mod_articles_list1,665,104,"организация детских праздников, детский праздник 8 марта",,,,,,1,1,no-url,,,0
maskaradkid_mod_articles_list1,664,104,"организация детских праздников, выпускной в школе",,,,,,1,1,no-url,,,0
maskaradkid_mod_articles_list1,663,104,"организация детских праздников, выпускной в детском саду",,,,,,1,1,no-url,,,0
maskaradkid_mod_articles_list1,662,104,"организация детских праздников, выпускной праздник",,,,,,1,1,no-url,,,0
maskaradkid_mod_articles_list1,661,104,"организация детских праздников, праздник в детском саду",,,,,,1,1,no-url,,,0
maskaradkid_mod_articles_list1,660,104,"организация детских праздников, детский праздник в Москве",,,,,,1,1,no-url,,,0
maskaradkid_mod_articles_list1,659,104,"организация детских праздников, детский сад праздник",,,,,,1,1,no-url,,,0
maskaradkid_mod_articles_list1,658,104,"организация детских праздников, детский день рождения",,,,,,1,1,no-url,,,0
maskaradkid_mod_articles_list1,657,104,"организация детских праздников, день рождения ребенка",,,,,,1,1,no-url,,,0
maskaradkid_mod_articles_list1,656,104,"детские праздники, детский праздник 23 февраля",,,,,,1,1,no-url,,,0
maskaradkid_mod_articles_list1,655,104,"детские праздники, масленица",,,,,,1,1,no-url,,,0
maskaradkid_mod_articles_list1,654,104,"детские праздники, дед мороз и снегурочка",,,,,,1,1,no-url,,,0
maskaradkid_mod_articles_list1,653,104,"детские праздники, новый год",,,,,,1,1,no-url,,,0
maskaradkid_mod_articles_list1,652,104,"детские праздники, новогодний праздник",,,,,,1,1,no-url,,,0
maskaradkid_mod_articles_list1,651,104,"детские праздники, детский новогодний праздник",,,,,,1,1,no-url,,,0
maskaradkid_mod_articles_list1,650,104,"детские праздники, детский праздник в новый год",,,,,,1,1,no-url,,,0
maskaradkid_mod_articles_list1,649,104,"детские праздники, детский праздник 8 марта",,,,,,1,1,no-url,,,0
maskaradkid_mod_articles_list1,648,104,"детские праздники, выпускной в школе",,,,,,1,1,no-url,,,0
maskaradkid_mod_articles_list1,647,104,"детские праздники, выпускной в детском саду",,,,,,1,1,no-url,,,0
maskaradkid_mod_articles_list1,646,104,"детские праздники, выпускной праздник",,,,,,1,1,no-url,,,0
maskaradkid_mod_articles_list1,645,104,"детские праздники, праздник в детском саду",,,,,,1,1,no-url,,,0
maskaradkid_mod_articles_list1,644,104,"детские праздники, детский праздник в Москве",,,,,,1,1,no-url,,,0
maskaradkid_mod_articles_list1,643,104,"детские праздники, детский сад праздник",,,,,,1,1,no-url,,,0
maskaradkid_mod_articles_list1,642,104,"детские праздники, детский день рождения",,,,,,1,1,no-url,,,0
maskaradkid_mod_articles_list1,641,104,"детские праздники, день рождения ребенка",,,,,,1,1,no-url,,,0
maskaradkid_mod_articles_list1,683,104,"проведение детских праздников, детский новогодний праздник",,,,,,1,1,no-url,,,0
maskaradkid_mod_articles_list1,684,104,"проведение детских праздников, новогодний праздник",,,,,,1,1,no-url,,,0
maskaradkid_mod_articles_list1,685,104,"проведение детских праздников, новый год",,,,,,1,1,no-url,,,0
maskaradkid_mod_articles_list1,686,104,"проведение детских праздников, дед мороз и снегурочка",,,,,,1,1,no-url,,,0
maskaradkid_mod_articles_list1,687,104,"проведение детских праздников, масленица",,,,,,1,1,no-url,,,0
maskaradkid_mod_articles_list1,688,104,"проведение детских праздников, детский праздник 23 февраля",,,,,,1,1,no-url,,,0
maskaradkid_mod_articles_list1,689,96,svadby.org,/partnery/list/art/m/1076/p/96/,,,,,1,1,other,,,0
maskaradkid_mod_articles_list1,692,96,futaji.com,http://www.futaji.com/index.php?show_aux_page=10,,,,,1,4,other,,,0
maskaradkid_mod_articles_list1,693,96,moscowflot.ru,http://www.moscowflot.ru/linki-prazdnik.php,,,,,1,6,other,,,0
maskaradkid_mod_articles_list1,694,96,grimery.ru,http://www.grimery.ru/show.html?id=67,,,,,1,7,other,,,0
maskaradkid_mod_articles_list1,695,96,plesir.ru,http://plesir.ru/topic/links/party-organization/2/,,,,,1,15,other,,,0
maskaradkid_mod_articles_list1,696,96,musheev.ru,http://www.musheev.ru/show.html?id=80,,,,,1,16,other,,,0
maskaradkid_mod_articles_list1,697,96,www.zahar-show.ru,http://www.zahar-show.ru/links/holiday5.htm,,,,,1,20,other,,,0
maskaradkid_mod_articles_list1,698,96,www.orange-cat.ru,http://www.orange-cat.ru/links/holiday3.htm,,,,,1,22,other,,,0
maskaradkid_mod_articles_list1,700,96,www.netglamou.ru,http://www.netglamou.ru/netglamou/partners/links_1150379405_2.html,,,,,1,26,other,,,0
maskaradkid_mod_articles_list1,702,96,www.vypusknye.ru,http://www.vypusknye.ru/vypusknye/friend/links_1150379405_3.html,,,,,1,28,other,,,0
maskaradkid_mod_articles_list1,704,96,www.clowns.su,http://www.clowns.su/collegi/links_1150379405_2.html,,,,,1,31,other,,,0
maskaradkid_mod_articles_list1,719,104,"проведение детского праздника, детский спектакль",,,,,,1,1,no-url,,,0
maskaradkid_mod_articles_list1,718,104,"организация детского праздника, детский спектакль",,,,,,1,1,no-url,,,0
maskaradkid_mod_articles_list1,717,104,"детский праздник, детский спектакль",,,,,,1,1,no-url,,,0
maskaradkid_mod_articles_list1,727,104,"организация детских праздников, детское представление",,,,,,1,1,no-url,,,0
maskaradkid_mod_articles_list1,726,104,"детские праздники, детское представление",,,,,,1,1,no-url,,,0
maskaradkid_mod_articles_list1,725,104,"проведение детских прадников, детский спектакль",,,,,,1,1,no-url,,,0
maskaradkid_mod_articles_list1,724,104,"организация детских праздников, детский спектакль",,,,,,1,1,no-url,,,0
maskaradkid_mod_articles_list1,723,104,"детские праздники, детский спектакль",,,,,,1,1,no-url,,,0
maskaradkid_mod_articles_list1,722,104,"проведение детского праздника, детское представление",,,,,,1,1,no-url,,,0
maskaradkid_mod_articles_list1,721,104,"организация детского праздника, детское представление",,,,,,1,1,no-url,,,0
maskaradkid_mod_articles_list1,720,104,"детский праздник, детское представление",,,,,,1,1,no-url,,,0
maskaradkid_mod_articles_list1,728,104,"проведение детских праздников, детское представление",,,,,,1,1,no-url,,,0
maskaradkid_mod_articles_list1,729,8,Спектакли по возрасту,,,,,,1,2,no-url,,,0
maskaradkid_mod_articles_list1,730,9,Детские услуги,,,articles_listing730_2.jpg,articles_listing730_1.jpg,articles_listing730.jpg,1,1,no-url,,,0
maskaradkid_mod_articles_list1,731,96,www.teplohodik.net,http://teplohodik.net/links.php?id=15648&cat=.,,,,,1,32,other,,,0
maskaradkid_mod_articles_list1,732,107,Герои,,,articles_listing732_2.jpg,,articles_listing732.jpg,1,1,no-url,,,0
maskaradkid_mod_articles_list1,733,107,Белоснежка и гном,,,articles_listing733_2.jpg,,articles_listing733.jpg,1,2,no-url,,,0
maskaradkid_mod_articles_list1,734,107,Питер Пен,,,articles_listing734_2.jpg,,articles_listing734.jpg,1,3,no-url,,,0
maskaradkid_mod_articles_list1,735,107,Питер,,,articles_listing735_2.jpg,,articles_listing735.jpg,1,4,no-url,,,0
maskaradkid_mod_articles_list1,736,107,Бой,,,articles_listing736_2.jpg,,articles_listing736.jpg,1,5,no-url,,,0
maskaradkid_mod_articles_list1,737,107,Круэлла Де Виль,,,articles_listing737_2.jpg,,articles_listing737.jpg,1,6,no-url,,,0
maskaradkid_mod_articles_list1,738,107,Внимание,,,articles_listing738_2.jpg,,articles_listing738.jpg,1,7,no-url,,,0
maskaradkid_mod_articles_list1,739,105,Дуэль,,,articles_listing739_2.jpg,articles_listing739_1.jpg,articles_listing739.jpg,1,1,no-url,,,0
maskaradkid_mod_articles_list1,740,105,Крюк и Гарри,,,articles_listing740_2.jpg,,articles_listing740.jpg,1,4,no-url,,,0
maskaradkid_mod_articles_list1,741,105,Танец,,,articles_listing741_2.jpg,,articles_listing741.jpg,1,5,no-url,,,0
maskaradkid_mod_articles_list1,742,105,Все вместе,,,articles_listing742_2.jpg,,articles_listing742.jpg,1,6,no-url,,,0
maskaradkid_mod_articles_list1,743,105,Игры,,,articles_listing743_2.jpg,,articles_listing743.jpg,1,7,no-url,,,0
maskaradkid_mod_articles_list1,744,106,Мушкетер,,,articles_listing744_2.jpg,,articles_listing744.jpg,1,1,no-url,,,0
maskaradkid_mod_articles_list1,745,106,Кардинал и МиЛеди,,,articles_listing745_2.jpg,,articles_listing745.jpg,1,2,no-url,,,0
maskaradkid_mod_articles_list1,746,106,Минует,,,articles_listing746_2.jpg,,articles_listing746.jpg,1,3,no-url,,,0
maskaradkid_mod_articles_list1,747,108,Анонс,,,articles_listing747_2.jpg,articles_listing747_1.jpg,articles_listing747.jpg,1,1,no-url,,,0
maskaradkid_mod_articles_list1,748,109,Анонс,,,articles_listing748_2.jpg,articles_listing748_1.jpg,articles_listing748.jpg,1,1,no-url,,,0
maskaradkid_mod_articles_list1,749,1,Три мушкетера,/detskii-prazdnik/tri-mushketera.html,,articles_listing749_2.jpg,articles_listing749_1.jpg,articles_listing749.jpg,0,36,show,,,0
maskaradkid_mod_articles_list1,750,1,Сказочный балаганчик,/detskii-prazdnik/balaganchik.html,,articles_listing750_2.jpg,articles_listing750_1.jpg,articles_listing750.jpg,1,29,show,,,0
maskaradkid_mod_articles_list1,751,108,Смета,,,,,,1,4,no-url,,,0
maskaradkid_mod_articles_list1,752,108,Сценарий,,,,,,1,3,no-url,,,0
maskaradkid_mod_articles_list1,753,111,Дед Мороз и Снегурочка,,,articles_listing753_2.jpg,,articles_listing753.jpg,1,1,no-url,,,0
maskaradkid_mod_articles_list1,754,111,Эльфы,,,articles_listing754_2.jpg,,articles_listing754.jpg,1,2,no-url,,,0
maskaradkid_mod_articles_list1,755,111,Лесные жители,,,articles_listing755_2.jpg,,articles_listing755.jpg,1,3,no-url,,,0
maskaradkid_mod_articles_list1,756,7,Эксклюзивные праздники,/detskie-prazdniki/exlusive.html,,articles_listing756_2.jpg,articles_listing756_1.jpg,articles_listing756.jpg,1,10,celebration,,,0
maskaradkid_mod_articles_list1,761,24,Пират,,,articles_listing761_2.jpg,,articles_listing761.jpg,1,1,no-url,,,0
maskaradkid_mod_articles_list1,762,24,Пираты,,,articles_listing762_2.jpg,,articles_listing762.jpg,1,3,no-url,,,0
maskaradkid_mod_articles_list1,763,24,Песня,,,articles_listing763_2.jpg,,articles_listing763.jpg,1,4,no-url,,,0
maskaradkid_mod_articles_list1,764,113,Мачеха и сестра,,,articles_listing764_2.jpg,,articles_listing764.jpg,1,1,no-url,,,0
maskaradkid_mod_articles_list1,765,113,Грим,,,articles_listing765_2.jpg,,articles_listing765.jpg,1,3,no-url,,,0
maskaradkid_mod_articles_list1,766,113,Танец с принцем,,,articles_listing766_2.jpg,,articles_listing766.jpg,1,4,no-url,,,0
maskaradkid_mod_articles_list1,767,113,Вторая сестрица,,,,,,0,5,no-url,,,0
maskaradkid_mod_articles_list1,768,112,Питер Пен,,,articles_listing768_2.jpg,,articles_listing768.jpg,1,1,no-url,,,0
maskaradkid_mod_articles_list1,769,112,Гномик,,,articles_listing769_2.jpg,,articles_listing769.jpg,1,3,no-url,,,0
maskaradkid_mod_articles_list1,770,112,Белоснежка,,,articles_listing770_2.jpg,,articles_listing770.jpg,1,4,no-url,,,0
maskaradkid_mod_articles_list1,771,112,Эльфы,,,articles_listing771_2.jpg,,articles_listing771.jpg,1,5,no-url,,,0
maskaradkid_mod_articles_list1,772,112,Креулла Де Виль,,,articles_listing772_2.jpg,,articles_listing772.jpg,1,6,no-url,,,0
maskaradkid_mod_articles_list1,773,114,Анонс,,,articles_listing773_2.jpg,articles_listing773_1.jpg,articles_listing773.jpg,1,1,no-url,,,0
maskaradkid_mod_articles_list1,774,114,Смета,,,,,,1,4,no-url,,,0
maskaradkid_mod_articles_list1,775,135,Новогодний экспресс,/detskii-prazdnik/exspress.html,,articles_listing775_2.jpg,articles_listing775_1.jpg,articles_listing775.jpg,1,1,show,,,0
maskaradkid_mod_articles_list1,776,96,den-rozhden.ru,http://www.den-rozhden.ru/?page=links&cat=2,,,,,1,33,other,,,0
maskaradkid_mod_articles_list1,777,11,Сотрудничество,,,articles_listing777_2.jpg,articles_listing777_1.jpg,articles_listing777.jpg,1,130,no-url,,,0
maskaradkid_mod_articles_list1,778,96,russiantur.ru,http://www.russiantur.ru/links-prazdnik.php,,,,,1,34,other,,,0
maskaradkid_mod_articles_list1,779,96,igorkorovin.ru,http://www.igorkorovin.ru/show.html?id=408,,,,,1,35,other,,,0
maskaradkid_mod_articles_list1,780,96,www.winterparty.ru,http://www.winterparty.ru/links/detskiy_nov_god1.htm,,,,,1,38,other,,,0
maskaradkid_mod_articles_list1,781,96,otprazdnui.ru,http://www.otprazdnui.ru/partners/1.htm,,,,,1,39,other,,,0
maskaradkid_mod_articles_list1,782,96,olimpik-show.ru,http://www.olimpik-show.ru/show.html?id=30,,,,,1,40,other,,,0
maskaradkid_mod_articles_list1,783,96,motocycl.ru,http://www.motocycl.ru/show.html?id=60,,,,,1,41,other,,,0
maskaradkid_mod_articles_list1,784,96,kingsyard.ru,http://www.kingsyard.ru/links-holy.php,,,,,1,42,other,,,0
maskaradkid_mod_articles_list1,785,96,dedmoroz-snegurochka.ru,/dimoheha1@yandex.ru,,,,,1,48,other,,,0
maskaradkid_mod_articles_list1,786,96,muzzona.ru,http://www.muzzona.ru/links/prazdnik4.htm,,,,,1,50,other,,,0
maskaradkid_mod_articles_list1,787,96,profsound.ru,http://www.profsound.ru/links/holiday12.htm,,,,,1,52,other,,,0
maskaradkid_mod_articles_list1,788,96,banket-moscow.ru,http://www.banket-moscow.ru/ssylki-prazdnik.php,,,,,1,53,other,,,0
maskaradkid_mod_articles_list1,789,96,izwoz.ru,http://www.izwoz.ru/show.html?id=566,,,,,1,54,other,,,0
maskaradkid_mod_articles_list1,790,96,sobytie.net,http://www.sobytie.net/?p=links,,,,,1,55,other,,,0
maskaradkid_mod_articles_list1,791,96,kinoakter.com,http://kinoakter.com/links/prazdnik1.htm,,,,,1,56,other,,,0
maskaradkid_mod_articles_list1,792,96,bstreet.ru,http://www.bstreet.ru/links/prazdnik1.htm,,,,,1,57,other,,,0
maskaradkid_mod_articles_list1,793,96,dedki.ru,http://dedki.ru/links/ded_moroz1.htm,,,,,1,65,other,,,0
maskaradkid_mod_articles_list1,794,96,annarai.ru,http://www.annarai.ru/links/detskie1.htm,,,,,1,66,other,,,0
maskaradkid_mod_articles_list1,795,96,elegance-kvartet,http://www.elegance-kvartet.ru/catalog/prazd_org/s3p1.html,,,,,1,69,other,,,0
maskaradkid_mod_articles_list1,796,96,elegance-show,http://www.elegance-show.ru/prazdnik/children01.php,,,,,1,70,other,,,0
maskaradkid_mod_articles_list1,797,96,piano-quartet,http://www.piano-quartet.ru/catalog/prazdnic15.htm,,,,,1,71,other,,,0
maskaradkid_mod_articles_list1,798,96,marutaev.ru,http://www.marutaev.ru/friends/prazd02.htm,,,,,1,75,other,,,0
maskaradkid_mod_articles_list1,799,96,duet-sharm,http://www.duet-sharm.ru/prazdnik/childr01.htm,,,,,1,76,other,,,0
maskaradkid_mod_articles_list1,800,96,kuzmicheva,http://www.kuzmicheva.ru/friends/prazd02.htm,,,,,1,79,other,,,0
maskaradkid_mod_articles_list1,801,96,zolotoyveter,http://www.zolotoyveter.com/catalog/children01.php,,,,,1,80,other,,,0
maskaradkid_mod_articles_list1,802,96,dream-prazdnik,http://www.dream-prazdnik.ru/topic/links_1148487856_8.html,,,,,1,81,other,,,0
maskaradkid_mod_articles_list1,803,96,убить,http://www.otprazdnui.ru/partners/1.htm,,,,,1,82,other,,,0
maskaradkid_mod_articles_list1,804,96,greetings.su,,,,,,1,83,no-url,,,0
maskaradkid_mod_articles_list1,805,96,spb-events.ru,http://www.spb-events.ru/thematic3.htm,,,,,1,87,other,,,0
maskaradkid_mod_articles_list1,806,96,fashionspace.ru,http://www.fashionspace.ru/links/link.php?id=12,,,,,1,94,other,,,0
maskaradkid_mod_articles_list1,807,96,nighttrust.ru,http://nighttrust.ru/cncat/house/child/,,,,,1,98,other,,,0
maskaradkid_mod_articles_list1,808,99,benata.ru,http://www.benata.ru/govorcvet5.html,,,,,1,1,other,,,0
maskaradkid_mod_articles_list1,809,96,musdom.ru,http://musdom.ru/links1.html,,,,,1,99,other,,,0
maskaradkid_mod_articles_list1,810,96,pozdrav.ru,http://www.pozdrav.ru/link/orgpraz-0.html,,,,,1,100,other,,,0
maskaradkid_mod_articles_list1,811,96,class-jazz.ru,http://class-jazz.ru/LinkE/links_1190640359_2.html,,,,,1,105,other,,,0
maskaradkid_mod_articles_list1,812,98,podarkov.com,http://www.podarkov.com/cat/univers0.php,,,,,1,1,other,,,0
maskaradkid_mod_articles_list1,813,96,anyparty.ru,http://www.anyparty.ru/links/cat/3/page/0,,,,,1,106,other,,,0
maskaradkid_mod_articles_list1,814,116,Часы кролика,,,articles_listing814_2.jpg,,articles_listing814.jpg,1,1,no-url,,,0
maskaradkid_mod_articles_list1,815,116,Декорация 4.5x2.5метра,,,articles_listing815_2.jpg,,articles_listing815.jpg,1,2,no-url,,,0
maskaradkid_mod_articles_list1,816,116,Гриб гусеницы,,,articles_listing816_2.jpg,,articles_listing816.jpg,1,4,no-url,,,0
maskaradkid_mod_articles_list1,817,116,Кальян гусеницы,,,articles_listing817_2.jpg,,articles_listing817.jpg,1,5,no-url,,,0
maskaradkid_mod_articles_list1,818,117,Анонс,,"Новый год, детский новогодний праздник, дед мороз и снегурочка, интерактивный спектакль",articles_listing818_2.jpg,articles_listing818_1.jpg,articles_listing818.jpg,1,1,no-url,,,0
maskaradkid_mod_articles_list1,819,117,Смета,,,,,,1,7,no-url,,,0
maskaradkid_mod_articles_list1,820,118,Анонс,,Новогодняя сказка Эльфов с Дедом Морозом и Снегурочкой,articles_listing820_2.jpg,articles_listing820_1.jpg,articles_listing820.jpg,1,1,no-url,,,0
maskaradkid_mod_articles_list1,821,118,Смета,,,,,,1,5,no-url,,"Интерактивный спектакль: Новогодняя сказка Эльфов и Деда Мороза Возраст детей: 4 - 12 лет Пол: мальчик или девочка Число актеров: от 2 до 7 Персонажи: Дед Мороз, Снегурочка, Ледниковая королева, гном Труссо, Эльфина Тил…",359
maskaradkid_mod_articles_list1,822,119,Шляпник,,,,articles_listing822_1.jpg,articles_listing822.jpg,1,1,no-url,,,0
maskaradkid_mod_articles_list1,823,119,Игра,,,,articles_listing823_1.jpg,articles_listing823.jpg,1,2,no-url,,,0
maskaradkid_mod_articles_list1,824,119,Король и Додо,,,,articles_listing824_1.jpg,articles_listing824.jpg,1,3,no-url,,,0
maskaradkid_mod_articles_list1,825,119,Чеширский кот,,,,articles_listing825_1.jpg,articles_listing825.jpg,1,4,no-url,,,0
maskaradkid_mod_articles_list1,826,119,Гусеница с кальяном,,,,articles_listing826_1.jpg,articles_listing826.jpg,1,5,no-url,,,0
maskaradkid_mod_articles_list1,827,119,Шляпник притаился,,,,articles_listing827_1.jpg,articles_listing827.jpg,1,6,no-url,,,0
maskaradkid_mod_articles_list1,828,119,Червовая королева,,,,articles_listing828_1.jpg,articles_listing828.jpg,1,7,no-url,,,0
maskaradkid_mod_articles_list1,829,119,Дети под грибом,,,,articles_listing829_1.jpg,articles_listing829.jpg,1,8,no-url,,,0
maskaradkid_mod_articles_list1,830,119,Королева и Роза,,,,articles_listing830_1.jpg,articles_listing830.jpg,1,9,no-url,,,0
maskaradkid_mod_articles_list1,831,119,Роза,,,,articles_listing831_1.jpg,articles_listing831.jpg,1,10,no-url,,,0
maskaradkid_mod_articles_list1,832,119,Внимание,,,,articles_listing832_1.jpg,articles_listing832.jpg,1,11,no-url,,,0
maskaradkid_mod_articles_list1,833,119,Все в тоннель,,,,articles_listing833_1.jpg,articles_listing833.jpg,1,12,no-url,,,0
maskaradkid_mod_articles_list1,834,119,В кругу,,,,articles_listing834_1.jpg,articles_listing834.jpg,1,13,no-url,,,0
maskaradkid_mod_articles_list1,835,119,Фея,,,,articles_listing835_1.jpg,articles_listing835.jpg,1,14,no-url,,,0
maskaradkid_mod_articles_list1,836,119,Полетели,,,,articles_listing836_1.jpg,articles_listing836.jpg,1,15,no-url,,,0
maskaradkid_mod_articles_list1,837,119,Фея и Чеширский кот,,,,articles_listing837_1.jpg,articles_listing837.jpg,1,16,no-url,,,0
maskaradkid_mod_articles_list1,838,119,Гусеница,,,,articles_listing838_1.jpg,articles_listing838.jpg,1,17,no-url,,,0
maskaradkid_mod_articles_list1,839,119,Птица Додо,,,,articles_listing839_1.jpg,articles_listing839.jpg,1,18,no-url,,,0
maskaradkid_mod_articles_list1,840,119,Чай для мартовского заяца,,,,articles_listing840_1.jpg,articles_listing840.jpg,1,19,no-url,,,0
maskaradkid_mod_articles_list1,841,119,Белый заяц и его часы,,,,articles_listing841_1.jpg,articles_listing841.jpg,1,20,no-url,,,0
maskaradkid_mod_articles_list1,842,119,Белый заяц,,,,articles_listing842_1.jpg,articles_listing842.jpg,1,21,no-url,,,0
maskaradkid_mod_articles_list1,843,119,Вредная королева,,,,articles_listing843_1.jpg,articles_listing843.jpg,1,22,no-url,,,0
maskaradkid_mod_articles_list1,844,119,Удивленный Шляпник,,,,articles_listing844_1.jpg,articles_listing844.jpg,1,23,no-url,,,0
maskaradkid_mod_articles_list1,845,119,Мартовский заяц,,,,articles_listing845_1.jpg,articles_listing845.jpg,1,24,no-url,,,0
maskaradkid_mod_articles_list1,846,119,Кто играет в крикет,,,,articles_listing846_1.jpg,articles_listing846.jpg,1,25,no-url,,,0
maskaradkid_mod_articles_list1,847,119,Додо бъет,,,,articles_listing847_1.jpg,articles_listing847.jpg,1,26,no-url,,,0
maskaradkid_mod_articles_list1,848,119,Король и пузыри,,,,articles_listing848_1.jpg,articles_listing848.jpg,1,27,no-url,,,0
maskaradkid_mod_articles_list1,849,119,Дуель с чайником,,,,articles_listing849_1.jpg,articles_listing849.jpg,1,28,no-url,,,0
maskaradkid_mod_articles_list1,850,119,Гусеница и пузыри,,,,articles_listing850_1.jpg,articles_listing850.jpg,1,29,no-url,,,0
maskaradkid_mod_articles_list1,851,119,Король,,,,articles_listing851_1.jpg,articles_listing851.jpg,1,30,no-url,,,0
maskaradkid_mod_articles_list1,852,119,Додо,,,,articles_listing852_1.jpg,articles_listing852.jpg,1,31,no-url,,,0
maskaradkid_mod_articles_list1,853,119,Королева Червей,,,,articles_listing853_1.jpg,articles_listing853.jpg,1,32,no-url,,,0
maskaradkid_mod_articles_list1,854,119,Вместе,,,,articles_listing854_1.jpg,articles_listing854.jpg,1,33,no-url,,,0
maskaradkid_mod_articles_list1,855,119,Все вместе,,,,articles_listing855_1.jpg,articles_listing855.jpg,1,34,no-url,,,0
maskaradkid_mod_articles_list1,856,119,Руки вверх,,,,articles_listing856_1.jpg,articles_listing856.jpg,1,35,no-url,,,0
maskaradkid_mod_articles_list1,857,7,Школьный клиенты,,,,,,1,50,no-url,,,0
maskaradkid_mod_articles_list1,858,50,Unite Bottling Group,,,articles_listing858_2.jpg,articles_listing858_1.jpg,articles_listing858.jpg,1,27,no-url,,,0
maskaradkid_mod_articles_list1,859,119,Гусеница,,,,articles_listing859_1.gif,articles_listing859.gif,1,36,no-url,,,0
maskaradkid_mod_articles_list1,860,53,На Рублевке,,,articles_listing860_2.jpg,articles_listing860_1.jpg,articles_listing860.jpg,1,1,no-url,,,0
maskaradkid_mod_articles_list1,861,96,supertamada.ru,http://www.supertamada.ru/links/holiday12.htm,,,,,1,109,other,,,0
maskaradkid_mod_articles_list1,862,114,Сценарий,,,,,,1,3,no-url,,,0
maskaradkid_mod_articles_list1,863,120,Анонс,,,articles_listing863_2.jpg,articles_listing863_1.jpg,articles_listing863.jpg,1,1,no-url,,,0
maskaradkid_mod_articles_list1,864,120,Сценарий,,,,,,1,2,no-url,,,0
maskaradkid_mod_articles_list1,865,120,Смета,,,,,,1,3,no-url,,,0
maskaradkid_mod_articles_list1,866,135,Новогоднее приключение Винни Пуха,/detskii-prazdnik/novogodnii-vinny-puh.html,,articles_listing866_2.jpg,articles_listing866_1.jpg,articles_listing866.jpg,1,2,show,,,0
maskaradkid_mod_articles_list1,867,109,Смета,,,,,,1,3,no-url,,,0
maskaradkid_mod_articles_list1,868,96,tamada-roman.ru,http://www.tamada-roman.ru/links/holiday9.htm,,,,,1,110,other,,,0
maskaradkid_mod_articles_list1,869,117,Сценарий,,,,,,1,2,no-url,,,0
maskaradkid_mod_articles_list1,870,122,Анонс,,,articles_listing870_2.jpg,articles_listing870_1.jpg,articles_listing870.jpg,1,1,no-url,,,0
maskaradkid_mod_articles_list1,871,122,Сценарий,,,,,,1,3,no-url,,,0
maskaradkid_mod_articles_list1,872,122,Смета,,,,,,1,4,no-url,,,0
maskaradkid_mod_articles_list1,873,135,Новый год с Питером Пеном,/detskii-prazdnik/novogodnii-piter-pen.html,,articles_listing873_2.jpg,articles_listing873_1.jpg,articles_listing873.jpg,1,8,show,,,0
maskaradkid_mod_articles_list1,874,96,yraprazdnik.ru,http://www.yraprazdnik.ru/links/prazdnik3.htm,,,,,1,111,other,,,0
maskaradkid_mod_articles_list1,875,96,sashabelov.ru,http://www.sashabelov.ru/links/holiday4.htm,,,,,1,113,other,,,0
maskaradkid_mod_articles_list1,876,96,rulev.com,http://rulev.com/recomend/benefits9.htm,,,,,1,114,other,,,0
maskaradkid_mod_articles_list1,877,102,delightstudio.ru,http://www.delightstudio.ru/links/links19.html,,,,,1,1,other,,,0
maskaradkid_mod_articles_list1,878,123,Анонс,,,articles_listing878_2.jpg,articles_listing878_1.jpg,articles_listing878.jpg,1,1,no-url,,,0
maskaradkid_mod_articles_list1,879,123,Сценарий,,,,,,1,2,no-url,,,0
maskaradkid_mod_articles_list1,880,123,Смета,,,,,,1,3,no-url,,,0
maskaradkid_mod_articles_list1,881,135,Новогодний ледниковый период,/detskii-prazdnik/novogodnii-ledn-period.html,,articles_listing881_2.jpg,articles_listing881_1.jpg,articles_listing881.jpg,1,9,show,,,0
maskaradkid_mod_articles_list1,883,96,przd.su,,,,,,1,115,no-url,,,0
maskaradkid_mod_articles_list1,884,124,Анонс,,,articles_listing884_2.jpg,articles_listing884_1.jpg,articles_listing884.jpg,1,1,no-url,,,0
maskaradkid_mod_articles_list1,885,135,Новогодняя Страна Чудес,/detskii-prazdnik/novogodnyaya-strana-chudes.html,,articles_listing885_2.jpg,articles_listing885_1.jpg,articles_listing885.jpg,1,7,show,,,0
maskaradkid_mod_articles_list1,886,124,Сценарий,,,,,,1,2,no-url,,,0
maskaradkid_mod_articles_list1,887,124,Смета,,,,,,1,3,no-url,,,0
maskaradkid_mod_articles_list1,888,125,Анонс,,,articles_listing888_2.jpg,articles_listing888_1.jpg,articles_listing888.jpg,1,1,no-url,,,0
maskaradkid_mod_articles_list1,889,135,Новый год с Симпсонами,/detskii-prazdnik/novoii-god-simpsons.html,,articles_listing889_2.jpg,articles_listing889_1.jpg,articles_listing889.jpg,1,4,show,,,0
maskaradkid_mod_articles_list1,890,125,Сценарий,,,,,,1,2,no-url,,,0
maskaradkid_mod_articles_list1,891,125,Смета,,,,,,1,3,no-url,,,0
maskaradkid_mod_articles_list1,892,103,kyliemania.ru,http://www.kyliemania.ru/links/fun17.htm,,,,,1,1,other,,,0
maskaradkid_mod_articles_list1,893,126,Анонс,,,articles_listing893_2.jpg,articles_listing893_1.jpg,articles_listing893.jpg,1,1,no-url,,,0
maskaradkid_mod_articles_list1,894,126,Сценарий,,,,,,1,2,no-url,,,0
maskaradkid_mod_articles_list1,895,126,Смета,,,,,,1,4,no-url,,,0
maskaradkid_mod_articles_list1,896,135,Новогодняя Золушка,/detskii-prazdnik/novogodnyaa-zolushka.html,,articles_listing896_2.jpg,articles_listing896_1.jpg,articles_listing896.jpg,1,5,show,,,0
maskaradkid_mod_articles_list1,897,96,marutaev.ru,http://marutaev.ru/friends/prazd02.htm,,,,,1,116,other,,,0
maskaradkid_mod_articles_list1,909,96,dedmoroz.lv,http://www.dedmoroz.lv/linkexchanger/index.php?category=все_категории&page=14,,,,,1,139,other,,,0
maskaradkid_mod_articles_list1,908,96,spb-events.ru,http://www.spb-events.ru/thematic3.htm,,,,,1,138,other,,,0
maskaradkid_mod_articles_list1,905,96,funhouse.ru,http://www.funhouse.ru/links-26.html,,,,,1,123,other,,,0
maskaradkid_mod_articles_list1,906,96,moscowsvadba.ru,http://moscowsvadba.ru/ssylki7.html,,,,,1,124,other,,,0
maskaradkid_mod_articles_list1,907,96,okvedu.ru,http://www.okvedu.ru/reference/,,,,,1,135,other,Вам нужен тамада на свадьбу? Тамада Константин поможет Вам в проведении свадебного торжества.,,0
maskaradkid_mod_articles_list1,904,96,tamada-smirnov.ru,http://www.tamada-smirnov.ru/lnk/links_1203766114_3.html,,,,,1,122,other,,,0
maskaradkid_mod_articles_list1,910,96,tamada.lv,http://www.tamada.lv/linkexchanger/index.php?category=все_категории&page=23,,,,,1,140,other,,,0
maskaradkid_mod_articles_list1,911,96,musicriders.com,http://www.musicriders.com/links9.html,,,,,1,141,other,,,0
maskaradkid_mod_articles_list1,912,127,Анонс,,,articles_listing912_2.jpg,articles_listing912_1.jpg,articles_listing912.jpg,1,1,no-url,,,0
maskaradkid_mod_articles_list1,913,127,Сценарий,,,,,,1,2,no-url,,,0
maskaradkid_mod_articles_list1,914,127,Смета,,,,,,1,3,no-url,,,0
maskaradkid_mod_articles_list1,915,135,Новогодний Золотой ключик,/detskii-prazdnik/novogodnii-zolotoi-klyuchik.html,,articles_listing915_2.jpg,articles_listing915_1.jpg,articles_listing915.jpg,1,3,show,,,0
maskaradkid_mod_articles_list1,916,118,Сценарий,,,,,,1,4,no-url,,"Сценарий: Оживление героев. Войдя в помещение праздника, дети увидят застывших ельфов, и лишь только героев коснется снежинка, они начнут поочередно оживать! Знакомство. Ожившие герои, танцем завлекают детей и знакомятс…",915
maskaradkid_mod_articles_list1,917,109,Сценарий,,,,,,1,2,no-url,,,0
maskaradkid_mod_articles_list1,918,128,Анонс,,,articles_listing918_2.jpg,articles_listing918_1.jpg,articles_listing918.jpg,1,1,no-url,,,0
maskaradkid_mod_articles_list1,919,96,wedding4you.ru,http://www.wedding4you.ru/sites/index.php,,,,,1,146,other,,,0
maskaradkid_mod_articles_list1,920,128,Сценарий,,,,,,1,2,no-url,,,0
maskaradkid_mod_articles_list1,921,96,funsvadba.com,http://www.funsvadba.com/ssylki9.html,,,,,1,147,other,,,0
maskaradkid_mod_articles_list1,922,128,Смета,,,,,,1,3,no-url,,,0
maskaradkid_mod_articles_list1,923,135,Новогодний Мадагаскар,/detskii-prazdnik/novoii-god-madagaskar.html,,articles_listing923_2.jpg,articles_listing923_1.jpg,articles_listing923.jpg,1,10,show,,,0
maskaradkid_mod_articles_list1,924,96,убить,,,,,,1,150,no-url,,,0
maskaradkid_mod_articles_list1,925,96,sveigo.ru,http://sveigo.ru/links.09.htm,,,,,1,163,other,,,0
maskaradkid_mod_articles_list1,926,96,Убить,,,,,,1,164,no-url,,,0
maskaradkid_mod_articles_list1,927,96,teplohod.net.ru,http://teplohod.net.ru/links.php?text=%EC%E0%F1%EA%E0%F0%E0%E4,,,,,1,167,other,,,0
maskaradkid_mod_articles_list1,928,103,narechena.org.ua,http://narechena.org.ua/dirlinks/links_1220102271_1.html,,,,,1,2,other,,,0
maskaradkid_mod_articles_list1,929,103,2sa.ru,http://www.2sa.ru/katalog/index.php?category=1205964108&page=16,,,,,1,4,other,,,0
maskaradkid_mod_articles_list1,930,96,Убить,,,,,,1,168,no-url,,,0
maskaradkid_mod_articles_list1,931,96,svadba-data.ru,http://svadba-data.ru/links/?id=15648&cat=,,,,,1,170,other,,,0
maskaradkid_mod_articles_list1,932,96,apipyai.ru,http://www.apipyai.ru/links.php?cat=1&page=9,,,,,1,172,other,,,0
maskaradkid_mod_articles_list1,933,96,Убить,,,,,,1,171,no-url,,,0
maskaradkid_mod_articles_list1,934,103,kmt2007.ru,http://www.kmt2007.ru/katalog/index.php?category=1204556761&page=2,,,,,1,5,other,,,0
maskaradkid_mod_articles_list1,936,96,www.yuk-art.ru,http://www.yuk-art.ru/pen/gm/g005.html,,,,,1,177,other,,,0
maskaradkid_mod_articles_list1,937,96,ny-traditions.ru,http://www.ny-traditions.ru/index.php?topic=links3,,,,,1,179,other,,,0
maskaradkid_mod_articles_list1,938,96,www.wedfilm.ru,http://www.wedfilm.ru/wedfilm/partners/links_1150379107_6.html,,,,,1,180,other,,,0
maskaradkid_mod_articles_list1,939,96,tamada-super.ru,http://www.tamada-super.ru/friend/svadba3.htm,,,,,1,181,other,,,0
maskaradkid_mod_articles_list1,940,96,rentsoundpro.ru,http://www.rentsoundpro.ru/links4you/prazdnik19.htm,,,,,1,182,other,,,0
maskaradkid_mod_articles_list1,941,96,marinastilist.ru,http://www.marinastilist.ru/index.php?px=68,,,,,1,190,other,,,0
maskaradkid_mod_articles_list1,942,96,okstudio.ru,http://okstudio.ru/links.php?id=15648&cat=,,,,,1,193,other,,,0
maskaradkid_mod_articles_list1,943,96,zolotov.com,,,,,,1,194,no-url,,,0
maskaradkid_mod_articles_list1,944,96,prazdnik4kids.ru,http://www.prazdnik4kids.ru/viplinks/vse_prazdnik13.htm,,,,,1,196,other,,,0
maskaradkid_mod_articles_list1,945,96,kreativ-media.ru,http://www.kreativ-media.ru/friends/holiday/4.php,,,,,1,199,other,,,0
maskaradkid_mod_articles_list1,946,96,attrax.ru,http://www.attrax.ru/allpartner/childrens2.htm,,,,,1,200,other,,,0
maskaradkid_mod_articles_list1,947,96,mgfoto.ru,http://mgfoto.ru/organizatory02.htm,,,,,1,204,other,,,0
maskaradkid_mod_articles_list1,948,96,orient-style.ru,,,,,,1,206,no-url,,,0
maskaradkid_mod_articles_list1,949,101,www.diving.hit.lv,http://www.diving.hit.lv/linkexchanger/index.php?category=все_категории&page=8,,,,,1,3,other,,,0
maskaradkid_mod_articles_list1,950,101,teatr.hit.lv,http://www.teatr.hit.lv/links/index.php?category=все_категории&page=5,,,,,1,4,other,,,0
maskaradkid_mod_articles_list1,952,103,novogodnieelki.ru,http://www.novogodnieelki.ru/ssylki1-6.html,,,,,1,12,other,,,0
maskaradkid_mod_articles_list1,953,103,shar-design.ru,http://www.shar-design.ru/blinks/children0.html,,,,,1,13,other,,,0
maskaradkid_mod_articles_list1,954,96,ruzima.ru,http://ruzima.ru/links/detskie1.htm,,,,,1,207,other,,,0
maskaradkid_mod_articles_list1,955,96,yournewyear.ru,http://www.yournewyear.ru/link/index.htm?part=11&page=1,,,,,1,209,other,,,0
maskaradkid_mod_articles_list1,956,96,s-trofimov.ru,http://www.s-trofimov.ru/links/index.php?actions=cat&id=20&page=2,,,,,1,210,other,,,0
maskaradkid_mod_articles_list1,957,96,jenih-i-nevesta.ru,http://jenih-i-nevesta.ru/tematiksait/wedding2.htm,,,,,1,211,other,,,0
maskaradkid_mod_articles_list1,958,96,carnevale.ru,http://www.carnevale.ru/usf/index.php?category=1189899265&page=32,,,,,1,218,other,,,0
maskaradkid_mod_articles_list1,959,96,www.prazd.info,,,,,,1,220,no-url,,,0
maskaradkid_mod_articles_list1,960,96,grand-servise.ru,http://grand-servise.ru/links/add_organizaciya2.htm,,,,,1,221,other,,,0
maskaradkid_mod_articles_list1,961,96,kurzyamov.ru,http://www.kurzyamov.ru/cat/holidays5.htm,,,,,1,223,other,,,0
maskaradkid_mod_articles_list1,962,96,bs-agency.ru,,,,,,1,225,no-url,,,0
maskaradkid_mod_articles_list1,963,96,agentstvo-yu.ru,http://www.agentstvo-yu.ru/mlinks/holiday2.htm,,,,,1,226,other,,,0
maskaradkid_mod_articles_list1,964,96,artstage.ru,,,,,,1,227,no-url,,,0
maskaradkid_mod_articles_list1,965,96,magicrings.ru,http://magicrings.ru/cat/holidays2.htm,,,,,1,232,other,,,0
maskaradkid_mod_articles_list1,966,96,franksinatra.ru,http://franksinatra.ru/cat/links_1216063814_6.html,,,,,1,233,other,,,0
maskaradkid_mod_articles_list1,967,96,na-prazdnik.com,http://www.na-prazdnik.com/item789.html,,,,,1,234,other,,,0
maskaradkid_mod_articles_list1,968,103,joker-rim.ru,http://www.joker-rim.ru/cat/holidays1.htm,,,,,1,17,other,,,0
maskaradkid_mod_articles_list1,969,103,avflower.com,http://avflower.com/l/marriage.php,,,,,1,18,other,,,0
maskaradkid_mod_articles_list1,970,96,avto-standart.ru,http://www.avto-standart.ru/pagelinks8-0.html,,,,,1,235,other,,,0
maskaradkid_mod_articles_list1,971,103,bah.ru,http://www.bah.ru/lnk-1-2.html,,,,,1,26,other,,,0
maskaradkid_mod_articles_list1,972,96,anshante.ru,http://www.anshante.ru/links/party_organization/page4/,,,,,1,238,other,,,0
maskaradkid_mod_articles_list1,973,96,kan-kan.ru,http://kan-kan.ru/view_cat.php?cat=1&page=2,,,,,1,239,other,,,0
maskaradkid_mod_articles_list1,974,96,3541555.ru,http://3541555.ru/le2/links_1204968319_1.html,,,,,1,240,other,,,0
maskaradkid_mod_articles_list1,975,96,piroff.ru,http://www.piroff.ru/partners-5.htm,,,,,1,243,other,,,0
maskaradkid_mod_articles_list1,980,98,karpovich.ru,http://www.karpovich.ru/wave/pr005.html,,,,,1,5,other,,,0
maskaradkid_mod_articles_list1,978,98,coronation.ru,http://www.coronation.ru/lorg_prazd_4.html,,,,,1,3,other,,,0
maskaradkid_mod_articles_list1,979,98,nevecta.ru,http://www.nevecta.ru/org_prazd_6.html,,,,,1,4,other,,,0
maskaradkid_mod_articles_list1,981,96,a-gerasimov.ru,http://a-gerasimov.ru/links/organizers2.htm,,,,,1,244,other,,,0
maskaradkid_mod_articles_list1,982,103,donnaflora.ru,http://www.donnaflora.ru/main.cgi?act=links&cat=128,,,,,1,27,other,,,0
maskaradkid_mod_articles_list1,985,96,fenix-m.ru,http://fenix-m.ru/linkt/,,,,,1,248,other,,,0
maskaradkid_mod_articles_list1,986,96,убить,,,,,,1,249,no-url,,,0
maskaradkid_mod_articles_list1,987,96,moscorp.ru,http://www.moscorp.ru/moscorp/sites/index.php,,,,,1,260,other,,,0
maskaradkid_mod_articles_list1,988,103,nefm.ru,http://www.nefm.ru/partners.htm,,,,,1,30,other,,,0
maskaradkid_mod_articles_list1,989,129,Анонс,,,articles_listing989_2.jpg,articles_listing989_1.jpg,articles_listing989.jpg,1,1,no-url,,,0
maskaradkid_mod_articles_list1,993,135,Новогодняя Белоснежка,/detskii-prazdnik/novogodnyaya-belosnezhka.html,,articles_listing993_2.jpg,articles_listing993_1.jpg,articles_listing993.jpg,1,6,show,,,0
maskaradkid_mod_articles_list1,992,129,Смета,,,,,,1,5,no-url,,,0
maskaradkid_mod_articles_list1,991,129,Сценарий,,,,,,1,4,no-url,,,0
maskaradkid_mod_articles_list1,999,96,show-music.ru,http://show-music.ru/links/holiday?&start=6,,,,,1,261,other,,,0
maskaradkid_mod_articles_list1,998,103,terradelluomo.ru,http://www.terradelluomo.ru/useful_urls40.htm,,,,,1,31,other,,,0
maskaradkid_mod_articles_list1,1000,130,Марти,,,,articles_listing1000_1.jpg,articles_listing1000.jpg,1,1,no-url,,,0
maskaradkid_mod_articles_list1,1001,130,Задумчивый Марти,,,,articles_listing1001_1.jpg,articles_listing1001.jpg,0,2,no-url,,,0
maskaradkid_mod_articles_list1,1002,130,Марти в вагоне,,,,articles_listing1002_1.jpg,articles_listing1002.jpg,1,3,no-url,,,0
maskaradkid_mod_articles_list1,1003,130,Зебра Марти,,,,articles_listing1003_1.jpg,articles_listing1003.jpg,0,4,no-url,,,0
maskaradkid_mod_articles_list1,1004,130,Мелман,,,,articles_listing1004_1.jpg,articles_listing1004.jpg,1,5,no-url,,,0
maskaradkid_mod_articles_list1,1005,130,Вредный Мелман,,,,articles_listing1005_1.jpg,articles_listing1005.jpg,0,6,no-url,,,0
maskaradkid_mod_articles_list1,1006,130,Жираф,,,,articles_listing1006_1.jpg,articles_listing1006.jpg,0,7,no-url,,,0
maskaradkid_mod_articles_list1,1007,130,Мелман в метро,,,,articles_listing1007_1.jpg,articles_listing1007.jpg,1,8,no-url,,,0
maskaradkid_mod_articles_list1,1008,130,Высокий Жираф,,,,articles_listing1008_1.jpg,articles_listing1008.jpg,0,9,no-url,,,0
maskaradkid_mod_articles_list1,1009,130,Пингвин,,,,articles_listing1009_1.jpg,articles_listing1009.jpg,0,10,no-url,,,0
maskaradkid_mod_articles_list1,1010,130,Целеустремленный пингвин,,,,articles_listing1010_1.jpg,articles_listing1010.jpg,1,11,no-url,,,0
maskaradkid_mod_articles_list1,1011,130,Пингвинчик,,,,articles_listing1011_1.jpg,articles_listing1011.jpg,0,12,no-url,,,0
maskaradkid_mod_articles_list1,1012,130,Мартин,,,,articles_listing1012_1.jpg,articles_listing1012.jpg,0,13,no-url,,,0
maskaradkid_mod_articles_list1,1013,130,Марти и пингвин,,,,articles_listing1013_1.jpg,articles_listing1013.jpg,0,14,no-url,,,0
maskaradkid_mod_articles_list1,1014,130,Жираф Мелман,,,,articles_listing1014_1.jpg,articles_listing1014.jpg,1,15,no-url,,,0
maskaradkid_mod_articles_list1,1015,96,mprazdnik.ru,http://www.mprazdnik.ru/links/celebrations_organisation/holiday_agency/?p=5,,,,,1,268,other,,,0
maskaradkid_mod_articles_list1,1016,96,livestage.ru,"http://catalog.livestage.ru/Home,%20family-0.html",,,,,1,269,other,,,0
maskaradkid_mod_articles_list1,1017,96,idealevent.ru,http://idealevent.ru/index.php?page=links&linkpage=3,,,,,1,270,other,,,0
maskaradkid_mod_articles_list1,1018,103,ifiori.ru,http://www.ifiori.ru/ifiori/links/?linkid=39219,,,,,1,34,other,,,0
maskaradkid_mod_articles_list1,1019,103,sg-shar.ru,http://www.holidaythis.ru/segment_partner_2.html,,,,,1,35,other,,,0
maskaradkid_mod_articles_list1,1020,96,weddingvideo.ru,http://www.weddingvideo.ru/links/index.php?idcat=11&p=3&rating=1,,,,,1,272,other,,,0
maskaradkid_mod_articles_list1,1021,96,zotovshow.ru,http://www.zotovshow.ru/ssylki21.html,,,,,1,273,other,,,0
maskaradkid_mod_articles_list1,1022,98,minsk-podarok.com,http://minsk-podarok.com/Poleznoe.html,,,,,1,10,other,,,0
maskaradkid_mod_articles_list1,1023,98,artzoom.ru,http://www.artzoom.ru/bee/pr/pr005.html,,,,,1,11,other,,,0
maskaradkid_mod_articles_list1,1024,103,adamieva.com.ua,http://www.adamieva.com.ua/sitelinks/links_1200131492_1.html,,,,,1,39,other,,,0
maskaradkid_mod_articles_list1,1025,96,убить,,,,,,1,274,no-url,,,0
maskaradkid_mod_articles_list1,1026,96,убить,,,,,,1,275,no-url,,,0
maskaradkid_mod_articles_list1,1027,98,goldturtle.ru,http://goldturtle.ru/links/60.html,,,,,1,13,other,,,0
maskaradkid_mod_articles_list1,1028,103,piroff-show.ru,http://www.piroff-show.ru/partners/1,,,,,1,40,other,,,0
maskaradkid_mod_articles_list1,1029,103,Убить,,,,,,1,42,no-url,,,0
maskaradkid_mod_articles_list1,1030,103,granpri-msk.ru,http://granpri-msk.ru/topic/links/party-organization/2/,,,,,1,46,other,,,0
maskaradkid_mod_articles_list1,1031,103,vashprazdnik.com,http://vashprazdnik.com/masters/partners/.,,,,,1,48,other,,,0
maskaradkid_mod_articles_list1,1032,96,swadba.by,http://www.swadba.byhttp://www.swadba.by/best.php?actions=cat&id=16,,,,,1,278,other,,,0
maskaradkid_mod_articles_list1,1033,96,framestudio.ru,http://framestudio.ru/links.shtml?id=15648&cat=.,,,,,1,280,other,,,0
maskaradkid_mod_articles_list1,1034,103,klonator.ru,http://klonator.ru/links/prazdnik1.htm,,,,,1,49,other,,,0
maskaradkid_mod_articles_list1,1035,98,newtoys.ru,http://www.newtoys.ru/links/podarks/lst_0/,,,,,1,14,other,,,0
maskaradkid_mod_articles_list1,1038,103,nat-florist.ru,http://www.nat-florist.ru/links/mainCat.asp?page=4&catID=12,,,,,1,50,other,,,0
maskaradkid_mod_articles_list1,1039,103,Убить,,,,,,1,51,no-url,,,0
maskaradkid_mod_articles_list1,1040,103,Убить,,,,,,1,52,no-url,,,0
maskaradkid_mod_articles_list1,1041,96,nighttrust.ru,http://www.nighttrust.ru/cncat/item90.html,,,,,1,281,other,,,0
maskaradkid_mod_articles_list1,1042,103,Убить,,,,,,1,53,no-url,,,0
maskaradkid_mod_articles_list1,1043,103,photospace.ru,http://www.photospace.ru/links/link.php?id=1058,,,,,1,59,other,,,0
maskaradkid_mod_articles_list1,1044,96,nevesta.info,http://www.nevesta.info/partners/,,,,,1,282,other,,,0
maskaradkid_mod_articles_list1,1045,96,svadba66.ru,http://www.svadba66.ru/partners,,,,,1,283,other,,,0
maskaradkid_mod_articles_list1,1046,96,jenimsya.ru,http://www.jenimsya.ru/exchange/tamada-4.html,,,,,1,284,other,,,0
maskaradkid_mod_articles_list1,1047,103,dmitrykalinin.ru,http://dmitrykalinin.ru/catalogue/prazdnik-2.html,,,,,1,60,other,,,0
maskaradkid_mod_articles_list1,1048,96,belleb.ru,http://www.anyparty.ru/links/cat/3/page/0,,,,,1,285,other,,,0
maskaradkid_mod_articles_list1,1049,96,vanilar.ru,http://www.vanilar.ru/links/link.php?id=1094,,,,,1,286,other,,,0
maskaradkid_mod_articles_list1,1050,102,vanilar.ru,http://www.vanilar.ru/links/link.php?id=1094,,,,,1,2,other,,,0
maskaradkid_mod_articles_list1,1051,102,futaji.ru,http://futaji.ru/index.php?show_aux_page=10,,,,,1,3,other,,,0
maskaradkid_mod_articles_list1,1052,103,убить,,,,,,1,61,no-url,,,0
maskaradkid_mod_articles_list1,1053,102,proprint.ru,http://www.proprint.ru/le2/index.php?category=1206576305&page=10,,,,,1,7,other,,,0
maskaradkid_mod_articles_list1,1054,96,artcatering.ru,http://www.artcatering.ru/useful_urls42.htm,,,,,1,287,other,,,0
maskaradkid_mod_articles_list1,1055,98,artjoke.ru,http://www.artjoke.ru/bee/pr005.html,,,,,1,15,other,,,0
maskaradkid_mod_articles_list1,1056,102,moswedding.ru,http://www.moswedding.ru/item181.html,,,,,1,8,other,,,0
maskaradkid_mod_articles_list1,1057,103,Убить,,,,,,1,62,no-url,,,0
maskaradkid_mod_articles_list1,1058,103,Убить,,,,,,1,63,no-url,,,0
maskaradkid_mod_articles_list1,1059,102,okfoto.ru,http://www.okfoto.ru/katalog/index.php?category=1205964108&page=8,,,,,1,9,other,,,0
maskaradkid_mod_articles_list1,1060,98,veleos.ru,http://www.veleos.ru/linki_dr.html,,,,,1,16,other,,,0
maskaradkid_mod_articles_list1,1061,102,ak-studio.ru,http://www.ak-studio.ru/link_izoart9.htm,,,,,1,10,other,,,0
maskaradkid_mod_articles_list1,1062,96,v-zags.com,http://v-zags.com/links/org6.htm,,,,,1,288,other,,,0
maskaradkid_mod_articles_list1,1063,103,Убить,,,,,,1,64,no-url,,,0
maskaradkid_mod_articles_list1,1064,98,tovaroved.biz,http://www.tovaroved.biz/archives/310,,,,,1,17,other,,,0
maskaradkid_mod_articles_list1,1065,97,jurconsul.ru,http://www.jurconsul.ru/useful_urls25.htm,,,,,1,1,other,,,0
maskaradkid_mod_articles_list1,1066,96,salon-izumi.ru,http://www.salon-izumi.ru/lnk/realty-1.html,,,,,1,289,other,,,0
maskaradkid_mod_articles_list1,1067,96,art-svadba.ru,http://www.art-svadba.ru/links/links_1174648569_2.html,,,,,1,290,other,,,0
maskaradkid_mod_articles_list1,1068,102,smv.od.ua,http://www.smv.od.ua/index_ssilki7.html,,,,,1,11,other,,,0
maskaradkid_mod_articles_list1,1069,131,Снежная планета! Декорация 4.5х2.5 метра,,,articles_listing1069_2.jpg,,articles_listing1069.jpg,1,1,no-url,,,0
maskaradkid_mod_articles_list1,1070,132,В пути! Декорация 4.5х2.5 метра,,,articles_listing1070_2.jpg,,articles_listing1070.jpg,1,1,no-url,,,0
maskaradkid_mod_articles_list1,1072,132,Дом Деда Мороза! Декорация 4.5х2.5 метра,,,articles_listing1072_2.jpg,,articles_listing1072.jpg,1,2,no-url,,,0
maskaradkid_mod_articles_list1,1073,103,yes.com.ua,http://yes.com.ua/catalog/link.19.37.html,,,,,1,69,other,,,0
maskaradkid_mod_articles_list1,1074,103,buket.net.ua,http://buket.net.ua/lp/links_1189583212_2.html,,,,,1,70,other,,,0
maskaradkid_mod_articles_list1,1075,98,darena.ru,http://www.darena.ru/catalog/1/4.htm,,,,,1,18,other,,,0
maskaradkid_mod_articles_list1,1076,102,stalker-next.ucoz.ru,http://stalker-next.ucoz.ru/dir/,,,,,1,12,other,,,0
maskaradkid_mod_articles_list1,1077,102,videostart.ru,http://www.videostart.ru/ss/wedd-0.html,,,,,1,15,other,,,0
maskaradkid_mod_articles_list1,1078,102,angeymaster.narod.ru,http://www.angeymaster.narod.ru/partners7.html,,,,,1,16,other,,,0
maskaradkid_mod_articles_list1,1079,98,confael.ru,http://www.confael.ru/content/files/ssss/con-deti.htm,,,,,1,24,other,,,0
maskaradkid_mod_articles_list1,1080,103,theklim.ru,http://www.theklim.ru/?page=links,,,,,1,72,other,,,0
maskaradkid_mod_articles_list1,1081,102,master-fo.spb.ru,http://www.master-fo.spb.ru/ssilki3.php,,,,,1,20,other,,,0
maskaradkid_mod_articles_list1,1082,102,nikolenko.ucoz.ru,http://nikolenko.ucoz.ru/dir/,,,,,1,21,other,,,0
maskaradkid_mod_articles_list1,1114,7,Индивидуальные праздники,/detskie-prazdniki/individualnye-prazdniki.html,,articles_listing1114_2.jpg,articles_listing1114_1.jpg,articles_listing1114.jpg,1,51,celebration,,,0
maskaradkid_mod_articles_list1,1083,102,futajist.com,http://www.futajist.com/links.php/lPath/4,,,,,1,22,other,,,0
maskaradkid_mod_articles_list1,1084,102,wedding-animation.ru,http://www.wedding-animation.ru/links.php/lPath/1,,,,,1,23,other,,,0
maskaradkid_mod_articles_list1,1085,102,light-n-shade.ru,http://www.light-n-shade.ru/catalog/cat/7/,,,,,1,32,other,,,0
maskaradkid_mod_articles_list1,1086,102,ritmstyle.ru,http://ritmstyle.ru/photosites/2.htm,,,,,1,33,other,,,0
maskaradkid_mod_articles_list1,1087,102,andrews-film.narod.ru,http://andrews-film.narod.ru/links3.html,,,,,1,34,other,,,0
maskaradkid_mod_articles_list1,1088,102,SurkovStudio.com,http://www.surkovstudio.com/links.php,,,,,1,35,other,,,0
maskaradkid_mod_articles_list1,1089,102,SurkovStudio.ucoz.ru,http://surkovstudio.ucoz.ru/dir/1-1-2,,,,,1,36,other,,,0
maskaradkid_mod_articles_list1,1090,102,raspberry.ucoz.ru,http://raspberry.ucoz.ru/dir/2-1-2,,,,,1,40,other,,,0
maskaradkid_mod_articles_list1,1092,98,vkaut.narod.ru,http://vkaut.narod.ru/linksHoliday_4.html,,,,,1,25,other,,,0
maskaradkid_mod_articles_list1,1096,50,Магистральнефтеоргсинтез,,,articles_listing1096_2.gif,articles_listing1096_1.gif,articles_listing1096.gif,1,28,no-url,,,0
maskaradkid_mod_articles_list1,1094,50,Jones Day,,,articles_listing1094_2.gif,articles_listing1094_1.gif,articles_listing1094.gif,1,22,no-url,,,0
maskaradkid_mod_articles_list1,1095,50,Департамент Социальной Защиты,,,articles_listing1095_2.gif,articles_listing1095_1.gif,articles_listing1095.gif,1,23,no-url,,,0
maskaradkid_mod_articles_list1,1097,50,Индезит,,,articles_listing1097_2.gif,articles_listing1097_1.gif,articles_listing1097.gif,1,17,no-url,,,0
maskaradkid_mod_articles_list1,1098,50,Медиа Бюро,,,articles_listing1098_2.gif,articles_listing1098_1.gif,articles_listing1098.gif,1,29,no-url,,,0
maskaradkid_mod_articles_list1,1099,50,Премьера мультфильма Нико. Путь к звездам в кинотеатре Художетсвенный,,,articles_listing1099_2.gif,articles_listing1099_1.gif,articles_listing1099.gif,1,18,no-url,,,0
maskaradkid_mod_articles_list1,1100,50,Фитнес центр Марк Аврелий,,,articles_listing1100_2.gif,articles_listing1100_1.gif,articles_listing1100.gif,1,26,no-url,,,0
maskaradkid_mod_articles_list1,1101,50,Центр социальной реабилитации для детей-инвалидов,,,,,,1,25,no-url,,,0
maskaradkid_mod_articles_list1,1102,50,Андрей Малахов и журнал Starhit,,,articles_listing1102_2.gif,articles_listing1102_1.jpg,articles_listing1102.jpg,1,1,no-url,,,0
maskaradkid_mod_articles_list1,1103,50,Первая московская гимназия,,,articles_listing1103_2.gif,articles_listing1103_1.gif,articles_listing1103.gif,1,30,no-url,,,0
maskaradkid_mod_articles_list1,1104,6,О примьере мультфильма Нико,,,articles_listing1104_2.gif,articles_listing1104_1.gif,articles_listing1104.gif,1,23,no-url,,,0
maskaradkid_mod_articles_list1,1105,101,sc-garmoniya.ru,http://sc-garmoniya.ru/catalog/item40.html.,,,,,1,10,other,,,0
maskaradkid_mod_articles_list1,1106,133,Анонс,,,articles_listing1106_2.jpg,articles_listing1106_1.jpg,articles_listing1106.jpg,1,1,no-url,,,0
maskaradkid_mod_articles_list1,1107,133,Сценарий,,,,,,1,2,no-url,,,0
maskaradkid_mod_articles_list1,1108,133,Смета,,,,,,1,3,no-url,,,0
maskaradkid_mod_articles_list1,1109,134,Анонс,,,articles_listing1109_2.jpg,articles_listing1109_1.jpg,articles_listing1109.jpg,1,1,no-url,,,0
maskaradkid_mod_articles_list1,1110,134,Сценарий,,,,,,1,3,no-url,,,0
maskaradkid_mod_articles_list1,1111,134,Смета,,,,,,1,4,no-url,,,0
maskaradkid_mod_articles_list1,1112,1,Полярный экспресс,/detskii-prazdnik/polyarnyi-ekspress.html,"детский праздник, детский интерактивный спектакль, поезд, сказка, организация детских праздников",articles_listing1112_2.jpg,articles_listing1112_1.jpg,articles_listing1112.jpg,1,1,show,,,0
maskaradkid_mod_articles_list1,1113,1,Мадагаскар,/detskii-prazdnik/madagaskar.html,,articles_listing1113_2.jpg,articles_listing1113_1.jpg,articles_listing1113.jpg,1,4,show,,,0
maskaradkid_mod_articles_list1,1115,102,foto-mixer.ru,http://foto-mixer.ru/links7.html,,,,,1,41,other,,,0
maskaradkid_mod_articles_list1,1116,102,bombcreator.ru,http://www.bombcreator.ru/links2,,,,,1,42,other,,,0
maskaradkid_mod_articles_list1,1117,8,Театрализованные игровые программы,,,articles_listing1117_2.jpg,articles_listing1117_1.jpg,articles_listing1117.jpg,1,3,no-url,,,0
maskaradkid_mod_articles_list1,1118,136,Веселое путешествие,,,,articles_listing1118_1.jpg,articles_listing1118.jpg,1,1,no-url,,,0
maskaradkid_mod_articles_list1,1119,136,Чуткий лев Алекс,,,,articles_listing1119_1.jpg,articles_listing1119.jpg,1,2,no-url,,,0
maskaradkid_mod_articles_list1,1120,136,Непроходимые джунгли,,,,articles_listing1120_1.jpg,articles_listing1120.jpg,1,3,no-url,,,0
maskaradkid_mod_articles_list1,1121,136,Учимся танцевать с Мэлвином и Джулией,,,,articles_listing1121_1.jpg,articles_listing1121.jpg,1,4,no-url,,,0
maskaradkid_mod_articles_list1,1122,136,Вечеринка в стиле Мадагаскар,,,,articles_listing1122_1.jpg,articles_listing1122.jpg,1,5,no-url,,,0
maskaradkid_mod_articles_list1,1123,136,Переплыть океан,,,,articles_listing1123_1.jpg,articles_listing1123.jpg,1,6,no-url,,,0
maskaradkid_mod_articles_list1,1124,139,Развлекательную,,,,,,0,1,no-url,,,0
maskaradkid_mod_articles_list1,1125,139,Познавательную,,,,,,1,2,no-url,,,0
maskaradkid_mod_articles_list1,1126,139,Образовательную,,,,,,1,4,no-url,,,0
maskaradkid_mod_articles_list1,1127,139,Развивающую,,,,,,1,5,no-url,,,0
maskaradkid_mod_articles_list1,1128,139,Подвижную,,,,,,1,11,no-url,,,0
maskaradkid_mod_articles_list1,1129,98,Аня,,,,,,1,26,no-url,,,0
maskaradkid_mod_articles_list1,1130,6,4 дня рождения и выпускной вечер в детском саду.,,,,,,1,24,no-url,,,0
maskaradkid_mod_articles_list1,1131,11,Благотворительность,,,,,,1,131,no-url,,,0
maskaradkid_mod_articles_list1,1132,140,Праздник для детей больных раком,,,articles_listing1132_2.jpg,articles_listing1132_1.jpg,,1,1,no-url,,,0
maskaradkid_mod_articles_list1,1133,140,Праздник ко дню знаний,,,articles_listing1133_2.jpg,articles_listing1133_1.jpg,,1,2,no-url,,,0
maskaradkid_mod_articles_list1,1134,143,Полярный экспресс,http://video.rutube.ru/240a7a5a62bb90f2521cd7199dbe2b1b,,,,,1,1,other,,,0
maskaradkid_mod_articles_list1,1135,143,Снежная планета,http://video.rutube.ru/60d5bf1408289c167a795192a20c956a,,,,,1,2,other,,,0
maskaradkid_mod_articles_list1,1136,143,Белоснежка и семь гномов,http://video.rutube.ru/945453e7d45cc4c828a2d6a3458be590,,,,,1,4,other,,,0
maskaradkid_mod_articles_list1,1137,143,Пираты Карибского моря,http://video.rutube.ru/d268027d034d8799fce98cb50e4dbdd3,,,,,1,5,other,,,0
maskaradkid_mod_articles_list1,1138,143,Ледниковый период,http://video.rutube.ru/2251a577b0a923fb2a784845c1fabb06,,,,,1,6,other,,,0
maskaradkid_mod_articles_list1,1139,143,Золушка,http://video.rutube.ru/56b69489d0634f49d5102c54465848b6,,,,,1,7,other,,,0
maskaradkid_mod_articles_list1,1140,143,Алиса в стране чудес,http://video.rutube.ru/8402d24c3123b280c5f253f49235a897,,,,,1,8,other,,,0
maskaradkid_mod_articles_list1,1141,144,Декорация 4.5х2.5 метра,,,articles_listing1141_2.jpg,articles_listing1141_1.jpg,articles_listing1141.jpg,1,1,no-url,,,0
maskaradkid_mod_articles_list1,1142,140,Новогодняя ёлка,,,articles_listing1142_2.jpg,articles_listing1142_1.jpg,,1,3,no-url,,,0
maskaradkid_mod_articles_list1,1143,6,Новогоднее мероприятие для детей сотрудников РАТИОФАРМ,,,articles_listing1143_2.jpg,articles_listing1143_1.jpg,,1,25,no-url,,,0
maskaradkid_mod_articles_list1,1144,50,Фармацевтический гигант «РАТИОФАРМ»,,,articles_listing1144_2.jpg,articles_listing1144_1.jpg,,1,6,no-url,,,0
maskaradkid_mod_articles_list1,1145,50,Кира Пластинина стиль,,,articles_listing1145_2.jpg,articles_listing1145_1.jpg,,1,4,no-url,,,0
maskaradkid_mod_articles_list1,1146,50,Российские Железные Дороги,,,articles_listing1146_2.jpg,articles_listing1146_1.jpg,,1,3,no-url,,,0
maskaradkid_mod_articles_list1,1147,50,Гипермаркет «МЕТРО Кэш энд Керри»,,,articles_listing1147_2.jpg,articles_listing1147_1.jpg,,1,5,no-url,,,0
maskaradkid_mod_articles_list1,1148,112,Вагончик,,,articles_listing1148_2.jpg,articles_listing1148_1.jpg,articles_listing1148.jpg,1,7,no-url,,,0
maskaradkid_mod_articles_list2,1,1,Золотой ключик,/detskii-prazdnik/zolotoi-klyuchik.html,"Золотой ключик, детский праздник, сказка с Буратино, Мальвина, Алиса, Базилио",articles_listing1_2.jpg,articles_listing1_1.jpg,listing1.jpg,1,45,show,,,0
maskaradkid_mod_articles_list2,3,1,Винни пух и все все все,/detskii-prazdnik/vinni-puh.html,"Винни пух и все все все: пятачок, ослик иа иа, умный кролик и сова",articles_listing3_2.jpg,articles_listing3_1.jpg,listing3.jpg,1,42,show,,,0
maskaradkid_mod_articles_list2,2,1,Сказка Шрека,/detskii-prazdnik/skazka-shreka.html,"Сказка Шрека, детский праздник, Феона, осел, волшебница, кот в сапогах, Шрек",articles_listing2_2.jpg,articles_listing2_1.jpg,listing2.jpg,1,119,show,,,0
maskaradkid_mod_articles_list2,4,1,Волшебная фея,/detskii-prazdnik/volshebnaya-feya.html,"Волшебная фея, детские праздники, детский праздник дома, детский день рождения, день рождения ребенка",articles_listing4_2.jpg,articles_listing4_1.jpg,listing4.jpg,1,125,show,,,0
maskaradkid_mod_articles_list2,7,1,Золушка,/detskii-prazdnik/zolushka.html,"Золушка, хрустальная туфелька, принц, фея и злая мачеха",articles_listing7_2.jpg,articles_listing7_1.jpg,articles_listing7.jpg,1,38,show,,,0
maskaradkid_mod_articles_list2,6,2,Оформление воздушными шарами,/detskie-uslugi/oformlenie-sharami.html,"Оформление воздушными шарами, украшение детского праздника",articles_listing6_2.jpg,articles_listing6_1.jpg,listing6.jpg,1,2,service,,,0
maskaradkid_mod_articles_list2,5,1,Ледниковый период,/detskii-prazdnik/lednikovyi-period.html,"Ледниковый период, Манфред, Сид, Диего, Элли и белка с орехом",articles_listing5_2.jpg,articles_listing5_1.jpg,articles_listing5.jpg,1,31,show,,,0
maskaradkid_mod_articles_list2,533,77,Сестрица,,,,articles_listing533_1.jpg,articles_listing533.jpg,1,8,no-url,,,0
maskaradkid_mod_articles_list2,534,77,Какой ужас,,,,articles_listing534_1.jpg,articles_listing534.jpg,0,9,no-url,,,0
maskaradkid_mod_articles_list2,535,77,Иду на бал,,,,articles_listing535_1.jpg,articles_listing535.jpg,1,10,no-url,,,0
maskaradkid_mod_articles_list2,983,98,portraits.su,http://www.karpovich.ru/wave/pr005.html,,,,,1,6,other,,,0
maskaradkid_mod_articles_list2,984,96,imperia-r.ru,http://www.nersys.ru/urls_partner_0.html,,,,,1,245,other,,,0
maskaradkid_mod_articles_list2,537,77,вот твое место,,,,articles_listing537_1.jpg,articles_listing537.jpg,0,12,no-url,,,0
maskaradkid_mod_articles_list2,545,86,Вперед к звездам,,,,articles_listing545_1.jpg,articles_listing545.jpg,1,11,no-url,,,0
maskaradkid_mod_articles_list2,8,3,Ребенок рождает родителей,,Ребенок рождает родителей,,,,1,1,no-url,,,0
maskaradkid_mod_articles_list2,9,3,"Родители - настолько простые устройства, что ими могут управлять даже дети.",,"Родители - настолько простые устройства, что ими могут управлять даже дети.",,,,1,7,no-url,,,0
maskaradkid_mod_articles_list2,10,3,Непросто поставить детей на ноги - особенно ранним утром.,,,,,,1,8,no-url,,,0
maskaradkid_mod_articles_list2,231,22,Сим салабим!,,,,gallery_listing175_1.jpg,gallery_listing175.jpg,1,29,no-url,,,0
maskaradkid_mod_articles_list2,232,22,Аплодисменты маме,,,,gallery_listing176_1.jpg,gallery_listing176.jpg,1,30,no-url,,,0
maskaradkid_mod_articles_list2,233,22,Общее фото,,,,gallery_listing177_1.jpg,gallery_listing177.jpg,1,31,no-url,,,0
maskaradkid_mod_articles_list2,234,22,УРА!!!!,,,,gallery_listing178_1.jpg,gallery_listing178.jpg,1,32,no-url,,,0
maskaradkid_mod_articles_list2,235,22,Часовых дел мастер,,,,gallery_listing179_1.jpg,gallery_listing179.jpg,1,33,no-url,,,0
maskaradkid_mod_articles_list2,236,22,Праздничный торт от алисы,,,,gallery_listing180_1.jpg,gallery_listing180.jpg,1,34,no-url,,,0
maskaradkid_mod_articles_list2,237,22,Эйфория!,,,,gallery_listing181_1.jpg,gallery_listing181.jpg,1,35,no-url,,,0
maskaradkid_mod_articles_list2,238,23,"Кристофер Робин, Винни Пух и Пятачек",,,,gallery_listing182_1.jpg,gallery_listing182.jpg,1,1,no-url,,,0
maskaradkid_mod_articles_list2,239,23,Просто Пух,,,,gallery_listing183_1.jpg,gallery_listing183.jpg,1,2,no-url,,,0
maskaradkid_mod_articles_list2,240,25,Плюшки для Карлсона,,,,gallery_listing184_1.jpg,gallery_listing184.jpg,1,5,no-url,,,0
maskaradkid_mod_articles_list2,241,25,Ай да Карлсон - озорник!,,,,gallery_listing185_1.jpg,gallery_listing185.jpg,1,3,no-url,,,0
maskaradkid_mod_articles_list2,242,25,Обаятельная Фрекен Бок,,,,gallery_listing186_1.jpg,gallery_listing186.jpg,1,4,no-url,,,0
maskaradkid_mod_articles_list2,243,33,Одноглазый Пират,,,,gallery_listing187_1.jpg,gallery_listing187.jpg,0,3,no-url,,,0
maskaradkid_mod_articles_list2,244,33,Обаятельная Пиратка,,,,gallery_listing188_1.jpg,gallery_listing188.jpg,0,4,no-url,,,0
maskaradkid_mod_articles_list2,245,33,Пират и бутылка рома,,,,gallery_listing189_1.jpg,gallery_listing189.jpg,0,1,no-url,,,0
maskaradkid_mod_articles_list2,246,26,"Санта Клаус, Снеговики и Пингвины",,,,gallery_listing190_1.jpg,gallery_listing190.jpg,1,1,no-url,,,0
maskaradkid_mod_articles_list2,247,26,Снеговик Художник,,,,gallery_listing191_1.jpg,gallery_listing191.jpg,1,2,no-url,,,0
maskaradkid_mod_articles_list2,248,28,Клоун,,,,gallery_listing192_1.jpg,gallery_listing192.jpg,1,1,no-url,,,0
maskaradkid_mod_articles_list2,249,28,Цветочная роспись,,,,gallery_listing193_1.jpg,gallery_listing193.jpg,1,2,no-url,,,0
maskaradkid_mod_articles_list2,250,28,Хищница,,,,gallery_listing194_1.jpg,gallery_listing194.jpg,1,3,no-url,,,0
maskaradkid_mod_articles_list2,251,28,Мартовские коты,,,,gallery_listing195_1.jpg,gallery_listing195.jpg,1,4,no-url,,,0
maskaradkid_mod_articles_list2,252,28,Океан,,,,gallery_listing196_1.jpg,gallery_listing196.jpg,1,5,no-url,,,0
maskaradkid_mod_articles_list2,253,28,Эскимос,,,,gallery_listing197_1.jpg,gallery_listing197.jpg,1,6,no-url,,,0
maskaradkid_mod_articles_list2,254,28,Тигр,,,,gallery_listing198_1.jpg,gallery_listing198.jpg,1,7,no-url,,,0
maskaradkid_mod_articles_list2,255,28,Привидение,,,,gallery_listing199_1.jpg,gallery_listing199.jpg,1,8,no-url,,,0
maskaradkid_mod_articles_list2,256,28,Змея,,,,gallery_listing200_1.jpg,gallery_listing200.jpg,1,9,no-url,,,0
maskaradkid_mod_articles_list2,257,28,Кобра,,,,gallery_listing201_1.jpg,gallery_listing201.jpg,1,10,no-url,,,0
maskaradkid_mod_articles_list2,258,28,Щенок,,,,gallery_listing202_1.jpg,gallery_listing202.jpg,1,11,no-url,,,0
maskaradkid_mod_articles_list2,259,28,Закат,,,,gallery_listing203_1.jpg,gallery_listing203.jpg,1,12,no-url,,,0
maskaradkid_mod_articles_list2,263,29,Поздравляем с днём знаний!,,,,,,1,3,no-url,,,0
maskaradkid_mod_articles_list2,264,29,С праздником блинов масленицей!,,,,,,0,4,no-url,,,0
maskaradkid_mod_articles_list2,265,29,Поздравляем всех ребятишек с днем защиты детей!,,,,,,1,9,no-url,,,0
maskaradkid_mod_articles_list2,266,29,Поздравляем всех деток с наступлением Зимы!,,,,,,1,13,no-url,,,0
maskaradkid_mod_articles_list2,267,29,Поздравляем дорогих учителей с Международным Днем Учителя!,,,,,,1,14,no-url,,,0
maskaradkid_mod_articles_list2,268,29,Редизайн сайта театра детских праздников Маскарад,,,,,,1,15,no-url,,,0
maskaradkid_mod_articles_list2,279,37,Торт С днем рождения,,,,articles_listing279_1.jpg,,1,1,no-url,,,0
maskaradkid_mod_articles_list2,280,37,Торт Домик,,,,articles_listing280_1.jpg,,1,3,no-url,,,0
maskaradkid_mod_articles_list2,281,37,Торт Праздник,,,,articles_listing281_1.jpg,,1,4,no-url,,,0
maskaradkid_mod_articles_list2,270,30,ссылки,,,,,,1,1,no-url,,http://apteki-moscow.ru http://logistic.ru http://climatecontrol.ru http://sites.webrostov.ru http://musipusi.ru http://www.1magazin.net http://www.openmarket.ru http://www.tourpoisk.ru http://www.fanat.com.ua http://ww…,100000
maskaradkid_mod_articles_list2,271,34,Шрек великолепный,,,,articles_listing271_1.jpg,articles_listing271.jpg,1,1,no-url,,,0
maskaradkid_mod_articles_list2,272,34,Очаровательная Феона,,,,articles_listing272_1.jpg,articles_listing272.jpg,1,2,no-url,,,0
maskaradkid_mod_articles_list2,273,34,Летающий ослик,,,,articles_listing273_1.jpg,articles_listing273.jpg,1,3,no-url,,,0
maskaradkid_mod_articles_list2,274,34,Ласковый кот,,,,articles_listing274_1.jpg,articles_listing274.jpg,1,4,no-url,,,0
maskaradkid_mod_articles_list2,275,34,Кот без сопог,,,,articles_listing275_1.jpg,articles_listing275.jpg,1,5,no-url,,,0
maskaradkid_mod_articles_list2,276,34,Колдующая волшебница,,,,articles_listing276_1.jpg,articles_listing276.jpg,1,6,no-url,,,0
maskaradkid_mod_articles_list2,277,36,Буратино и Мальвина,,,,articles_listing277_1.jpg,articles_listing277.jpg,1,1,no-url,,,0
maskaradkid_mod_articles_list2,278,36,Прекрасная мальвина,,,,articles_listing278_1.jpg,articles_listing278.jpg,1,3,no-url,,,0
maskaradkid_mod_articles_list2,282,37,Торт Принцесса,,,,articles_listing282_1.jpg,,1,5,no-url,,,0
maskaradkid_mod_articles_list2,283,37,Торт На любой случай,,,,articles_listing283_1.jpg,,1,6,no-url,,,0
maskaradkid_mod_articles_list2,284,37,Торт Молодожены,,,,articles_listing284_1.jpg,,1,7,no-url,,,0
maskaradkid_mod_articles_list2,285,37,Торт Серпантин,,,,articles_listing285_1.jpg,,1,8,no-url,,,0
maskaradkid_mod_articles_list2,286,37,Торт Нежность,,,,articles_listing286_1.jpg,,1,9,no-url,,,0
maskaradkid_mod_articles_list2,287,37,Торт Лужайка,,,,articles_listing287_1.jpg,,1,10,no-url,,,0
maskaradkid_mod_articles_list2,288,37,Торт Именины,,,,articles_listing288_1.jpg,,1,11,no-url,,,0
maskaradkid_mod_articles_list2,289,37,Торт Лягушка,,,,articles_listing289_1.jpg,,1,12,no-url,,,0
maskaradkid_mod_articles_list2,290,37,Торт Футбольное поле,,,,articles_listing290_1.jpg,,1,13,no-url,,,0
maskaradkid_mod_articles_list2,291,37,Торт Кот,,,,articles_listing291_1.jpg,,1,14,no-url,,,0
maskaradkid_mod_articles_list2,292,37,Торт С новым годом,,,,articles_listing292_1.jpg,,1,15,no-url,,,0
maskaradkid_mod_articles_list2,293,37,Торт Дюймовочка,,,,articles_listing293_1.jpg,,1,16,no-url,,,0
maskaradkid_mod_articles_list2,294,37,Торт Пожарная машина,,,,articles_listing294_1.jpg,,1,17,no-url,,,0
maskaradkid_mod_articles_list2,295,37,Торт Муравей,,,,articles_listing295_1.jpg,,1,18,no-url,,,0
maskaradkid_mod_articles_list2,296,37,Торт Торжество,,,,articles_listing296_1.jpg,,1,19,no-url,,,0
maskaradkid_mod_articles_list2,297,37,Торт Тридевятое царство,,,,articles_listing297_1.jpg,,1,20,no-url,,,0
maskaradkid_mod_articles_list2,298,37,Торт Мерседес,,,,articles_listing298_1.jpg,,1,21,no-url,,,0
maskaradkid_mod_articles_list2,299,37,Торт Телекастер,,,,articles_listing299_1.jpg,,1,22,no-url,,,0
maskaradkid_mod_articles_list2,300,37,Торт Тыква,,,,articles_listing300_1.jpg,,1,23,no-url,,,0
maskaradkid_mod_articles_list2,301,37,Торт Полосатый котик,,,,articles_listing301_1.jpg,,1,24,no-url,,,0
maskaradkid_mod_articles_list2,302,37,Торт Барби,,,,articles_listing302_1.jpg,,1,25,no-url,,,0
maskaradkid_mod_articles_list2,303,37,Торт Черепашка ниндзя,,,,articles_listing303_1.jpg,,1,26,no-url,,,0
maskaradkid_mod_articles_list2,304,37,Торт Невеста,,,,articles_listing304_1.jpg,,1,27,no-url,,,0
maskaradkid_mod_articles_list2,305,37,Торт Машина,,,,articles_listing305_1.jpg,,1,28,no-url,,,0
maskaradkid_mod_articles_list2,306,37,Торт Девочка-машина,,,,articles_listing306_1.jpg,,1,29,no-url,,,0
maskaradkid_mod_articles_list2,307,37,Торт Лес Пол,,,,articles_listing307_1.jpg,,1,30,no-url,,,0
maskaradkid_mod_articles_list2,308,37,Торт Божья коровка,,,,articles_listing308_1.jpg,,1,31,no-url,,,0
maskaradkid_mod_articles_list2,309,37,Торт Колыбельная,,,,articles_listing309_1.jpg,,1,32,no-url,,,0
maskaradkid_mod_articles_list2,310,37,Торт Кролик,,,,articles_listing310_1.jpg,,1,33,no-url,,,0
maskaradkid_mod_articles_list2,311,37,Торт Крысобел,,,,articles_listing311_1.jpg,,1,34,no-url,,,0
maskaradkid_mod_articles_list2,312,37,Торт Львенок,,,,articles_listing312_1.jpg,,1,35,no-url,,,0
maskaradkid_mod_articles_list2,313,37,Торт Рыба,,,,articles_listing313_1.jpg,,1,36,no-url,,,0
maskaradkid_mod_articles_list2,314,37,Торт Кит,,,,articles_listing314_1.jpg,,1,37,no-url,,,0
maskaradkid_mod_articles_list2,315,37,Торт Кабан,,,,articles_listing315_1.jpg,,1,38,no-url,,,0
maskaradkid_mod_articles_list2,316,37,Торт Розовая Барби,,,,articles_listing316_1.jpg,,1,39,no-url,,,0
maskaradkid_mod_articles_list2,317,37,Торт Бегемот,,,,articles_listing317_1.jpg,,1,40,no-url,,,0
maskaradkid_mod_articles_list2,318,37,Торт Снеговик,,,,articles_listing318_1.jpg,,1,41,no-url,,,0
maskaradkid_mod_articles_list2,319,37,Торт Дед Мороз,,,,articles_listing319_1.jpg,,1,42,no-url,,,0
maskaradkid_mod_articles_list2,320,37,Торт Футбол,,,,articles_listing320_1.jpg,,1,43,no-url,,,0
maskaradkid_mod_articles_list2,321,37,Торт Игра,,,,articles_listing321_1.jpg,,1,44,no-url,,,0
maskaradkid_mod_articles_list2,322,37,Торт Паровоз,,,,articles_listing322_1.jpg,,1,45,no-url,,,0
maskaradkid_mod_articles_list2,323,37,Торт Мышка и сыр,,,,articles_listing323_1.jpg,,1,46,no-url,,,0
maskaradkid_mod_articles_list2,324,37,Торт Паутина,,,,articles_listing324_1.jpg,,1,47,no-url,,,0
maskaradkid_mod_articles_list2,325,2,Специальные эффекты,/detskie-uslugi/spetsialnye-effekty.html,"дым машина, снег машина, машина конфетти",articles_listing325_2.jpg,articles_listing325_1.jpg,articles_listing325.jpg,1,5,service,,"Таинственный замок, где томится сказочная принцесса, ожидая спасения, в который спешит прекрасный принц, но на пути его ждет огромный ров, внутри которого, изрыгая ядовитый дым, бурлит раскаленная лава, и огнедышащий др…",790
maskaradkid_mod_articles_list2,326,38,Праздничный салют,,,,articles_listing326_1.jpg,,1,1,no-url,,,0
maskaradkid_mod_articles_list2,327,38,Городское торжество,,,,articles_listing327_1.jpg,,1,2,no-url,,,0
maskaradkid_mod_articles_list2,328,38,Фейерверк,,,,articles_listing328_1.jpg,,1,3,no-url,,,0
maskaradkid_mod_articles_list2,334,40,Снег,,,,articles_listing334_1.jpg,articles_listing334.jpg,1,2,no-url,,,0
maskaradkid_mod_articles_list2,336,40,Мыльный пузырь,,,,articles_listing336_1.jpg,articles_listing336.jpg,1,3,no-url,,,0
maskaradkid_mod_articles_list2,337,41,Букет шаров,,,,articles_listing337_1.jpg,articles_listing337.jpg,1,1,no-url,,,0
maskaradkid_mod_articles_list2,338,41,полоса,,,,articles_listing338_1.jpg,articles_listing338.jpg,1,2,no-url,,,0
maskaradkid_mod_articles_list2,339,41,Воздушные шары,,,,articles_listing339_1.jpg,articles_listing339.jpg,1,3,no-url,,,0
maskaradkid_mod_articles_list2,343,43,Дым внутри,,,,articles_listing343_1.jpg,articles_listing343.jpg,1,1,no-url,,,0
maskaradkid_mod_articles_list2,344,43,Корона,,,,articles_listing344_1.jpg,articles_listing344.jpg,1,2,no-url,,,0
maskaradkid_mod_articles_list2,345,43,Мыльный дождь,,,,articles_listing345_1.jpg,articles_listing345.jpg,1,3,no-url,,,0
maskaradkid_mod_articles_list2,346,43,Мыльный мост,,,,articles_listing346_1.jpg,articles_listing346.jpg,1,4,no-url,,,0
maskaradkid_mod_articles_list2,347,43,Мыльное облако,,,,articles_listing347_1.jpg,articles_listing347.jpg,1,5,no-url,,,0
maskaradkid_mod_articles_list2,348,43,Мыльное покрывало,,,,articles_listing348_1.jpg,articles_listing348.jpg,1,6,no-url,,,0
maskaradkid_mod_articles_list2,349,43,Мыльная цепочка,,,,articles_listing349_1.jpg,articles_listing349.jpg,1,7,no-url,,,0
maskaradkid_mod_articles_list2,350,43,Мыльная радуга,,,,articles_listing350_1.jpg,articles_listing350.jpg,1,8,no-url,,,0
maskaradkid_mod_articles_list2,351,2,Дрессированые животные,/detskie-uslugi/dressirovanye-zhivotnye.html,,articles_listing351_2.jpg,articles_listing351_1.jpg,articles_listing351.jpg,1,7,service,,,0
maskaradkid_mod_articles_list2,352,19,Дрессированая собачка,,,,articles_listing352_1.jpg,articles_listing352.jpg,1,9,no-url,,,0
maskaradkid_mod_articles_list2,353,19,Почтовый голубь,,,,articles_listing353_1.jpg,articles_listing353.jpg,1,10,no-url,,,0
maskaradkid_mod_articles_list2,354,19,Рыжий кот,,,,articles_listing354_1.jpg,articles_listing354.jpg,1,11,no-url,,,0
maskaradkid_mod_articles_list2,355,19,Ловкий кот,,,,articles_listing355_1.jpg,articles_listing355.jpg,1,12,no-url,,,0
maskaradkid_mod_articles_list2,356,19,Белый голубь,,,,articles_listing356_1.jpg,articles_listing356.jpg,1,13,no-url,,,0
maskaradkid_mod_articles_list2,357,2,Фотосъемка,/detskie-uslugi/foto.html,,articles_listing357_2.jpg,articles_listing357_1.jpg,articles_listing357.jpg,1,8,service,,,0
maskaradkid_mod_articles_list2,358,2,Видеосъемка,/detskie-uslugi/video.html,,articles_listing358_2.jpg,articles_listing358_1.jpg,articles_listing358.jpg,1,9,service,,,0
maskaradkid_mod_articles_list2,359,7,Праздники в школе,/detskie-prazdniki/shkolnye-prazdniki.html,,articles_listing359_2.jpg,articles_listing359_1.jpg,articles_listing359.jpg,1,48,celebration,,,0
maskaradkid_mod_articles_list2,360,44,Питон,,,,articles_listing360_1.jpg,articles_listing360.jpg,1,1,no-url,,,0
maskaradkid_mod_articles_list2,361,44,Обезьянка на самокате,,,,articles_listing361_1.jpg,articles_listing361.jpg,1,2,no-url,,,0
maskaradkid_mod_articles_list2,362,44,Свинка,,,,articles_listing362_1.jpg,articles_listing362.jpg,1,3,no-url,,,0
maskaradkid_mod_articles_list2,363,44,Собака,,,,articles_listing363_1.jpg,articles_listing363.jpg,1,4,no-url,,,0
maskaradkid_mod_articles_list2,364,44,Свинка в красном,,,,articles_listing364_1.jpg,articles_listing364.jpg,1,5,no-url,,,0
maskaradkid_mod_articles_list2,365,44,Умная свинка,,,,articles_listing365_1.jpg,articles_listing365.jpg,1,6,no-url,,,0
maskaradkid_mod_articles_list2,366,44,Собака и дрессировщик,,,,articles_listing366_1.jpg,articles_listing366.jpg,1,7,no-url,,,0
maskaradkid_mod_articles_list2,367,44,Свинка играет в кегли,,,,articles_listing367_1.jpg,articles_listing367.jpg,1,8,no-url,,,0
maskaradkid_mod_articles_list2,368,44,Обруч и свинка,,,,articles_listing368_1.jpg,articles_listing368.jpg,1,9,no-url,,,0
maskaradkid_mod_articles_list2,369,44,Дрессированый питон,,,,articles_listing369_1.jpg,articles_listing369.jpg,1,10,no-url,,,0
maskaradkid_mod_articles_list2,370,44,Укращенная змея,,,,articles_listing370_1.jpg,articles_listing370.jpg,1,11,no-url,,,0
maskaradkid_mod_articles_list2,371,44,Крокодил,,,,articles_listing371_1.jpg,articles_listing371.jpg,1,12,no-url,,,0
maskaradkid_mod_articles_list2,372,50,BASF,,,articles_listing372_2.jpg,articles_listing372_1.gif,articles_listing372.gif,1,20,no-url,,,0
maskaradkid_mod_articles_list2,373,50,DHL,,,articles_listing373_2.jpg,articles_listing373_1.gif,articles_listing373.gif,1,21,no-url,,,0
maskaradkid_mod_articles_list2,374,50,Богемия-Люкс,,,articles_listing374_2.jpg,articles_listing374_1.gif,articles_listing374.gif,1,52,no-url,,,0
maskaradkid_mod_articles_list2,375,50,Международная Туристская Ярмарка,,,articles_listing375_2.jpg,articles_listing375_1.gif,articles_listing375.gif,1,53,no-url,,,0
maskaradkid_mod_articles_list2,378,50,Научный центр сердечно-сосудистой хирургии им. А.Н.Бакулева,,,articles_listing378_2.jpg,articles_listing378_1.gif,articles_listing378.gif,1,57,no-url,,,0
maskaradkid_mod_articles_list2,377,50,Управа района Южное Медведково города Москвы,,,articles_listing377_2.jpg,articles_listing377_1.gif,articles_listing377.gif,1,54,no-url,,,0
maskaradkid_mod_articles_list2,379,50,Паркет-Холл,,,articles_listing379_2.jpg,articles_listing379_1.gif,articles_listing379.gif,1,58,no-url,,,0
maskaradkid_mod_articles_list2,380,50,Студия Артемия Лебедева,,,articles_listing380_2.gif,articles_listing380_1.gif,articles_listing380.gif,1,61,no-url,,,0
maskaradkid_mod_articles_list2,381,50,Гостиница Новотель Москва-Центр,,,articles_listing381_2.jpg,articles_listing381_1.gif,articles_listing381.gif,1,62,no-url,,,0
maskaradkid_mod_articles_list2,382,7,Корпоративные детские праздники,/detskie-prazdniki/korporativnye-prazdniki.html,организация и проведение корпоративных детских праздников,articles_listing382_2.jpg,articles_listing382_1.jpg,articles_listing382.jpg,1,49,celebration,,,0
maskaradkid_mod_articles_list2,383,1,Белоснежка и семь гномов,/detskii-prazdnik/belosnezhka.html,Инерактивный детский спектакль Белоснежка и семь гномов,articles_listing383_2.jpg,articles_listing383_1.jpg,articles_listing383.jpg,1,30,show,,,0
maskaradkid_mod_articles_list2,384,43,Мыльная радуга,,,,articles_listing384_1.jpg,articles_listing384.jpg,1,9,no-url,,,0
maskaradkid_mod_articles_list2,385,43,Пузырь,,,,articles_listing385_1.jpg,articles_listing385.jpg,1,10,no-url,,,0
maskaradkid_mod_articles_list2,386,43,Мыльная колонна,,,,articles_listing386_1.jpg,articles_listing386.jpg,1,11,no-url,,,0
maskaradkid_mod_articles_list2,388,43,Королева пузырей,,,,articles_listing388_1.jpg,articles_listing388.jpg,1,13,no-url,,,0
maskaradkid_mod_articles_list2,389,43,Мыльный туман,,,,articles_listing389_1.jpg,articles_listing389.jpg,1,14,no-url,,,0
maskaradkid_mod_articles_list2,391,78,Мыльный костюм,,,,articles_listing391_1.jpg,articles_listing391.jpg,1,6,no-url,,,0
maskaradkid_mod_articles_list2,392,78,Наблюдаем чудо,,,,articles_listing392_1.jpg,articles_listing392.jpg,1,1,no-url,,,0
maskaradkid_mod_articles_list2,393,78,Торт от Маши Колесниковой,,,,articles_listing393_1.jpg,articles_listing393.jpg,0,3,no-url,,,0
maskaradkid_mod_articles_list2,394,78,Ваня Григорьев-Аполлонов и ежик Сема,,,,articles_listing394_1.jpg,articles_listing394.jpg,0,5,no-url,,,0
maskaradkid_mod_articles_list2,395,78,Аквагрим,,,,articles_listing395_1.jpg,articles_listing395.jpg,0,4,no-url,,,0
maskaradkid_mod_articles_list2,396,53,timeout,,,,,,1,23,no-url,,,0
maskaradkid_mod_articles_list2,398,78,"Гном, Андрей Малахов и Маликов",,"Гном, Андрей Малахов и Маликов",,articles_listing398_1.jpg,articles_listing398.jpg,1,2,no-url,,,0
maskaradkid_mod_articles_list2,399,1,Пятый элемент,/detskii-prazdnik/pyatyi-element.html,детский праздник по сценарю интерактивного спектакля Пятый элемент,articles_listing399_2.jpg,articles_listing399_1.jpg,articles_listing399.jpg,1,117,show,,,0
maskaradkid_mod_articles_list2,421,60,Смета,,,,,,1,2,no-url,,,0
maskaradkid_mod_articles_list2,400,1,Пираты карибского моря,/detkii-prazdnik/piraty-karibskogo-morya.html,,articles_listing400_2.jpg,articles_listing400_1.jpg,articles_listing400.jpg,1,124,show,,,0
maskaradkid_mod_articles_list2,420,60,Анонс,,,,articles_listing420_1.jpg,articles_listing420.jpg,1,1,no-url,,,0
maskaradkid_mod_articles_list2,401,76,В бой!,,,,articles_listing401_1.jpg,articles_listing401.jpg,1,1,no-url,,,0
maskaradkid_mod_articles_list2,402,76,"А карта то здесь, смекаешь?",,,,articles_listing402_1.jpg,articles_listing402.jpg,1,2,no-url,,,0
maskaradkid_mod_articles_list2,403,76,Команда,,,,articles_listing403_1.jpg,articles_listing403.jpg,1,3,no-url,,,0
maskaradkid_mod_articles_list2,404,1,Питер Пен,/detkii-prazdnik/piter-pen.html,Интерактивный спектакль Питер Пен,articles_listing404_2.jpg,articles_listing404_1.jpg,articles_listing404.jpg,1,41,show,,,0
maskaradkid_mod_articles_list2,538,86,Питер и Динь,,,,articles_listing538_1.jpg,articles_listing538.jpg,1,1,no-url,,,0
maskaradkid_mod_articles_list2,539,86,Веселый питер Пен и Динь,,,,articles_listing539_1.jpg,articles_listing539.jpg,1,3,no-url,,,0
maskaradkid_mod_articles_list2,540,86,Питер помолчи немного,,,,articles_listing540_1.jpg,articles_listing540.jpg,1,4,no-url,,,0
maskaradkid_mod_articles_list2,541,86,Звездная пыль,,,,articles_listing541_1.jpg,articles_listing541.jpg,1,5,no-url,,,0
maskaradkid_mod_articles_list2,542,86,Летающий Питер,,,,articles_listing542_1.jpg,articles_listing542.jpg,1,6,no-url,,,0
maskaradkid_mod_articles_list2,543,86,"Приземляйся, Питер!",,,,articles_listing543_1.jpg,articles_listing543.jpg,1,7,no-url,,,0
maskaradkid_mod_articles_list2,544,86,Как это у меня поучилось?,,,,articles_listing544_1.jpg,articles_listing544.jpg,1,10,no-url,,,0
maskaradkid_mod_articles_list2,417,59,Анонс,,детский праздник по сценарию интерактивного праздника Незнайка,,articles_listing417_1.jpg,articles_listing417.jpg,1,1,no-url,,,0
maskaradkid_mod_articles_list2,405,55,Анонс,,,,articles_listing405_1.jpg,articles_listing405.jpg,1,1,no-url,,,0
maskaradkid_mod_articles_list2,406,55,Сценарий,,,,,,1,2,no-url,,,0
maskaradkid_mod_articles_list2,407,55,Смета,,,,,,1,3,no-url,,,0
maskaradkid_mod_articles_list2,590,94,Мардж,,,,articles_listing590_1.jpg,articles_listing590.jpg,0,3,no-url,,,0
maskaradkid_mod_articles_list2,408,58,Анонс,,,,articles_listing408_1.jpg,articles_listing408.jpg,1,1,no-url,,,0
maskaradkid_mod_articles_list2,409,58,Сценарий,,,,,,1,2,no-url,,,0
maskaradkid_mod_articles_list2,410,58,Смета,,,,,,1,3,no-url,,,0
maskaradkid_mod_articles_list2,411,57,Анонс,,,,articles_listing411_1.jpg,articles_listing411.jpg,1,1,no-url,,,0
maskaradkid_mod_articles_list2,412,57,Сценарий,,,,,,1,3,no-url,,Сценарий: Знакомство с Венди . Театральная сценка. Раскрывает образ Венди . Готовит участников к приключениям и знакомству с Питером Пеном . Знакомство с Питером Пеном . Театральная сценка. Раскрывает образ Питера Пена…,1214
maskaradkid_mod_articles_list2,413,57,Смета,,,,,,1,4,no-url,,,0
maskaradkid_mod_articles_list2,414,56,Анонс,,,,articles_listing414_1.jpg,articles_listing414.jpg,1,1,no-url,,,0
maskaradkid_mod_articles_list2,415,56,Сценарий,,,,,,1,3,no-url,,,0
maskaradkid_mod_articles_list2,416,56,Смета,,,,,,1,4,no-url,,,0
maskaradkid_mod_articles_list2,418,1,Незнайка в цветочном городе,/detkii-prazdnik/neznaika-v-tsvetochnom-gorode.html,детский праздник по сценарию интерактивного праздника Незнайка,articles_listing418_2.jpg,articles_listing418_1.jpg,articles_listing418.jpg,0,127,show,,,0
maskaradkid_mod_articles_list2,419,59,Смета,,,,,,1,2,no-url,,,0
maskaradkid_mod_articles_list2,422,62,Анонс,,,,articles_listing422_1.jpg,articles_listing422.jpg,1,1,no-url,,,0
maskaradkid_mod_articles_list2,423,62,Смета,,,,,,1,2,no-url,,,0
maskaradkid_mod_articles_list2,424,63,Анонс,,,,articles_listing424_1.jpg,articles_listing424.jpg,1,1,no-url,,,0
maskaradkid_mod_articles_list2,425,63,Смета,,,,,,1,2,no-url,,,0
maskaradkid_mod_articles_list2,433,67,Смета,,,,,,1,2,no-url,,,0
maskaradkid_mod_articles_list2,427,64,Анонс,,,,articles_listing427_1.jpg,articles_listing427.jpg,1,1,no-url,,,0
maskaradkid_mod_articles_list2,428,64,Смета,,,,,,1,2,no-url,,,0
maskaradkid_mod_articles_list2,429,65,Анонс,,,,articles_listing429_1.jpg,articles_listing429.jpg,1,1,no-url,,,0
maskaradkid_mod_articles_list2,430,65,Смета,,,,,,1,2,no-url,,,0
maskaradkid_mod_articles_list2,431,66,Смета,,,,,,1,2,no-url,,,0
maskaradkid_mod_articles_list2,432,66,Анонс,,,,articles_listing432_1.jpg,articles_listing432.jpg,1,1,no-url,,,0
maskaradkid_mod_articles_list2,434,67,Анонс,,,,articles_listing434_1.jpg,articles_listing434.jpg,1,1,no-url,,,0
maskaradkid_mod_articles_list2,435,68,Анонс,,,,articles_listing435_1.jpg,articles_listing435.jpg,1,1,no-url,,,0
maskaradkid_mod_articles_list2,436,68,Смета,,,,,,1,2,no-url,,,0
maskaradkid_mod_articles_list2,437,69,Анонс,,,,articles_listing437_1.jpg,articles_listing437.jpg,1,1,no-url,,,0
maskaradkid_mod_articles_list2,438,69,Смета,,,,,,1,2,no-url,,,0
maskaradkid_mod_articles_list2,439,70,Анонс,,,,articles_listing439_1.jpg,articles_listing439.jpg,1,1,no-url,,,0
maskaradkid_mod_articles_list2,440,70,Смета,,,,,,1,2,no-url,,,0
maskaradkid_mod_articles_list2,441,71,Анонс,,,articles_listing441_2.jpg,articles_listing441_1.jpg,articles_listing441.jpg,1,1,no-url,,,0
maskaradkid_mod_articles_list2,442,71,Смета,,,,,,1,6,no-url,,,0
maskaradkid_mod_articles_list2,443,23,Винни и Пятачок,,,,articles_listing443_1.jpg,articles_listing443.jpg,1,3,no-url,,,0
maskaradkid_mod_articles_list2,444,23,Ослик,,,,articles_listing444_1.jpg,articles_listing444.jpg,1,4,no-url,,,0
maskaradkid_mod_articles_list2,445,72,Ежик и грибы,,,,articles_listing445_1.jpg,articles_listing445.jpg,1,1,no-url,,,0
maskaradkid_mod_articles_list2,446,72,Ежик в березовом лесу,,,,articles_listing446_1.jpg,articles_listing446.jpg,1,2,no-url,,,0
maskaradkid_mod_articles_list2,447,44,Ежик на самокате,,,,articles_listing447_1.jpg,articles_listing447.jpg,1,13,no-url,,,0
maskaradkid_mod_articles_list2,448,73,Смета,,,,,,1,2,no-url,,,0
maskaradkid_mod_articles_list2,449,73,Анонс,,,,articles_listing449_1.jpg,articles_listing449.jpg,1,1,no-url,,,0
maskaradkid_mod_articles_list2,450,74,Аппосумы и Белка,,,,articles_listing450_1.jpg,articles_listing450.jpg,1,1,no-url,,,0
maskaradkid_mod_articles_list2,451,74,Веселые аппосумы,,,,articles_listing451_1.jpg,articles_listing451.jpg,1,2,no-url,,,0
maskaradkid_mod_articles_list2,452,74,Два аппосума,,,,articles_listing452_1.jpg,articles_listing452.jpg,1,3,no-url,,,0
maskaradkid_mod_articles_list2,453,74,Сид и Белка,,,,articles_listing453_1.jpg,articles_listing453.jpg,1,4,no-url,,,0
maskaradkid_mod_articles_list2,454,74,Аппосум,,,,articles_listing454_1.jpg,articles_listing454.jpg,1,5,no-url,,,0
maskaradkid_mod_articles_list2,455,74,Белка,,,,articles_listing455_1.jpg,articles_listing455.jpg,1,6,no-url,,,0
maskaradkid_mod_articles_list2,456,6,Белоснежка и семь гномов для STARhit,,,articles_listing456_2.jpg,articles_listing456_1.jpg,articles_listing456.jpg,1,22,no-url,,,0
maskaradkid_mod_articles_list2,457,7,Выпускной праздник,,,,articles_listing457_1.gif,articles_listing457.gif,0,47,no-url,,,0
maskaradkid_mod_articles_list2,458,75,Выпускной праздник для 11 класса,/detskie-prazdniki/vypusknoi/starsheklassniki.html,,,articles_listing458_1.gif,articles_listing458.gif,0,1,celebration,,,0
maskaradkid_mod_articles_list2,459,75,Выпускной праздник для начальных классов,/detskie-prazdniki/vypusknoi/mladsheklassniki.html,,,articles_listing459_1.gif,articles_listing459.gif,1,2,celebration,,,0
maskaradkid_mod_articles_list2,460,75,Выпускной праздник для детского сада,/detskie-prazdniki/vypusknoi/detskii-sad.html,,,articles_listing460_1.gif,articles_listing460.gif,1,3,celebration,,,0
maskaradkid_mod_articles_list2,461,71,Сценарий,,,,,,1,5,no-url,,,0
maskaradkid_mod_articles_list2,462,54,Джек,,,,articles_listing462_1.jpg,articles_listing462.jpg,1,1,no-url,,,0
maskaradkid_mod_articles_list2,463,54,Запарило,,,,articles_listing463_1.jpg,articles_listing463.jpg,1,2,no-url,,,0
maskaradkid_mod_articles_list2,464,54,В ушко,,,,articles_listing464_1.jpg,articles_listing464.jpg,1,3,no-url,,,0
maskaradkid_mod_articles_list2,465,54,Джек Воробей,,,,articles_listing465_1.jpg,articles_listing465.jpg,1,4,no-url,,,0
maskaradkid_mod_articles_list2,466,54,Элизабет,,,,articles_listing466_1.jpg,articles_listing466.jpg,1,5,no-url,,,0
maskaradkid_mod_articles_list2,467,54,Сокровища,,,,articles_listing467_1.jpg,articles_listing467.jpg,1,6,no-url,,,0
maskaradkid_mod_articles_list2,468,77,Мечтающий принц,,,,articles_listing468_1.jpg,articles_listing468.jpg,1,1,no-url,,,0
maskaradkid_mod_articles_list2,469,77,Как же хороша!,,,,articles_listing469_1.jpg,articles_listing469.jpg,1,2,no-url,,,0
maskaradkid_mod_articles_list2,470,77,Манящий принц,,,,articles_listing470_1.jpg,articles_listing470.jpg,1,3,no-url,,,0
maskaradkid_mod_articles_list2,471,77,Старшая сестра,,,,articles_listing471_1.jpg,articles_listing471.jpg,0,4,no-url,,,0
maskaradkid_mod_articles_list2,472,77,Вот вам всем,,,,articles_listing472_1.jpg,articles_listing472.jpg,0,5,no-url,,,0
maskaradkid_mod_articles_list2,473,77,Мачеха,,,,articles_listing473_1.jpg,articles_listing473.jpg,0,6,no-url,,,0
maskaradkid_mod_articles_list2,474,77,Знай свое место,,,,articles_listing474_1.jpg,articles_listing474.jpg,1,7,no-url,,,0
maskaradkid_mod_articles_list2,475,52,Белоснежка и два гнома,,,,articles_listing475_1.jpg,articles_listing475.jpg,1,1,no-url,,,0
maskaradkid_mod_articles_list2,476,52,Белоснежка и фонарик,,,,articles_listing476_1.jpg,articles_listing476.jpg,1,2,no-url,,,0
maskaradkid_mod_articles_list2,477,52,Ворчуня,,,,articles_listing477_1.jpg,articles_listing477.jpg,1,3,no-url,,,0
maskaradkid_mod_articles_list2,478,52,Весельчак,,,,articles_listing478_1.jpg,articles_listing478.jpg,1,4,no-url,,,0
maskaradkid_mod_articles_list2,479,52,Умник,,,,articles_listing479_1.jpg,articles_listing479.jpg,1,5,no-url,,,0
maskaradkid_mod_articles_list2,480,52,Соня,,,,articles_listing480_1.jpg,articles_listing480.jpg,1,6,no-url,,,0
maskaradkid_mod_articles_list2,481,52,Простачек,,,,articles_listing481_1.jpg,articles_listing481.jpg,1,7,no-url,,,0
maskaradkid_mod_articles_list2,482,52,Белоснежка,,,,articles_listing482_1.jpg,articles_listing482.jpg,1,8,no-url,,,0
maskaradkid_mod_articles_list2,483,52,Белоснежка с фонариком,,,,articles_listing483_1.jpg,articles_listing483.jpg,1,9,no-url,,,0
maskaradkid_mod_articles_list2,484,52,Белоснежка и семь гномов,,,,articles_listing484_1.jpg,articles_listing484.jpg,1,10,no-url,,,0
maskaradkid_mod_articles_list2,485,33,Пираты,,,,articles_listing485_1.jpg,articles_listing485.jpg,1,5,no-url,,,0
maskaradkid_mod_articles_list2,486,33,Ром,,,,articles_listing486_1.jpg,articles_listing486.jpg,1,6,no-url,,,0
maskaradkid_mod_articles_list2,487,33,Никто не получит,,,,articles_listing487_1.jpg,articles_listing487.jpg,1,7,no-url,,,0
maskaradkid_mod_articles_list2,488,33,Что там впереди,,,,articles_listing488_1.jpg,articles_listing488.jpg,1,8,no-url,,,0
maskaradkid_mod_articles_list2,489,33,Джим и пират,,,,articles_listing489_1.jpg,articles_listing489.jpg,1,9,no-url,,,0
maskaradkid_mod_articles_list2,490,33,Джим Хоккинс,,,,articles_listing490_1.jpg,articles_listing490.jpg,1,10,no-url,,,0
maskaradkid_mod_articles_list2,491,79,Больше так не будешь,,,,articles_listing491_1.jpg,articles_listing491.jpg,1,1,no-url,,,0
maskaradkid_mod_articles_list2,492,79,Карлсон,,,,articles_listing492_1.jpg,articles_listing492.jpg,1,2,no-url,,,0
maskaradkid_mod_articles_list2,493,79,Вот мой пропеллер,,,,articles_listing493_1.jpg,articles_listing493.jpg,1,3,no-url,,,0
maskaradkid_mod_articles_list2,494,79,Фрекенбок,,,,articles_listing494_1.jpg,articles_listing494.jpg,1,4,no-url,,,0
maskaradkid_mod_articles_list2,495,79,Карлсон и Фрекенбок,,,,articles_listing495_1.jpg,articles_listing495.jpg,1,5,no-url,,,0
maskaradkid_mod_articles_list2,496,79,В каком ухе у меня жужжит?,,,,articles_listing496_1.jpg,articles_listing496.jpg,1,6,no-url,,,0
maskaradkid_mod_articles_list2,497,80,Певунья,,,,articles_listing497_1.jpg,articles_listing497.jpg,1,1,no-url,,,0
maskaradkid_mod_articles_list2,498,80,Инопланетянка,,,,articles_listing498_1.jpg,articles_listing498.jpg,1,3,no-url,,,0
maskaradkid_mod_articles_list2,499,80,Утонченная инопланетянка,,,,articles_listing499_1.jpg,articles_listing499.jpg,1,5,no-url,,,0
maskaradkid_mod_articles_list2,500,80,Громогласная певунья,,,,articles_listing500_1.jpg,articles_listing500.jpg,1,6,no-url,,,0
maskaradkid_mod_articles_list2,501,1,Алладин и Жасмин,/detkii-prazdnik/alladin-zhasmin.html,детский праздник по сценарию интерактивного спектакля Алладин и Жасмин,articles_listing501_2.jpg,articles_listing501_1.jpg,articles_listing501.jpg,1,118,show,,,0
maskaradkid_mod_articles_list2,502,81,Анонс,,детский праздник по сценарию интерактивного спектакля Алладин и Жасмин,,articles_listing502_1.jpg,articles_listing502.jpg,1,1,no-url,,,0
maskaradkid_mod_articles_list2,503,81,Смета,,,,,,1,2,no-url,,,0
maskaradkid_mod_articles_list2,504,82,Алладин с лампой,,,,articles_listing504_1.jpg,articles_listing504.jpg,1,1,no-url,,,0
maskaradkid_mod_articles_list2,505,82,Алладин трет лампу,,,,articles_listing505_1.jpg,articles_listing505.jpg,1,2,no-url,,,0
maskaradkid_mod_articles_list2,506,82,Зубами лампу,,,,articles_listing506_1.jpg,articles_listing506.jpg,1,3,no-url,,,0
maskaradkid_mod_articles_list2,507,82,лампа обшее счастье,,,,articles_listing507_1.jpg,articles_listing507.jpg,1,4,no-url,,,0
maskaradkid_mod_articles_list2,508,82,она наша,,,,articles_listing508_1.jpg,articles_listing508.jpg,1,5,no-url,,,0
maskaradkid_mod_articles_list2,509,82,Жасмин,,,,articles_listing509_1.jpg,articles_listing509.jpg,1,11,no-url,,,0
maskaradkid_mod_articles_list2,510,82,Жимин жестока,,,,articles_listing510_1.jpg,articles_listing510.jpg,1,12,no-url,,,0
maskaradkid_mod_articles_list2,511,82,Мы с востока,,,,articles_listing511_1.jpg,articles_listing511.jpg,1,13,no-url,,,0
maskaradkid_mod_articles_list2,512,83,ссылки_allsubmitter,,,,,,1,1,no-url,,http://individu.valuehost.ru http://www.essko.ru http://labokka.org.ua http://inter-cat.net http://catalog.klasstour.ru http://lookfor.ws http://uoziod.ru http://catalog.elgrad.net http://free.westtrade.ru http://rating…,100000
maskaradkid_mod_articles_list2,513,84,Что это?,,,,articles_listing513_1.jpg,articles_listing513.jpg,1,1,no-url,,,0
maskaradkid_mod_articles_list2,514,84,Очень радостные эльфы,,,,articles_listing514_1.jpg,articles_listing514.jpg,1,2,no-url,,,0
maskaradkid_mod_articles_list2,515,84,Что там на горизонте?,,,,articles_listing515_1.jpg,articles_listing515.jpg,1,3,no-url,,,0
maskaradkid_mod_articles_list2,516,84,Вот и ты,,,,articles_listing516_1.jpg,articles_listing516.jpg,1,4,no-url,,,0
maskaradkid_mod_articles_list2,517,84,Крадущиеся эльфы,,,,articles_listing517_1.jpg,articles_listing517.jpg,1,5,no-url,,,0
maskaradkid_mod_articles_list2,518,84,Ты что здесь делаешь?,,,,articles_listing518_1.jpg,articles_listing518.jpg,1,6,no-url,,,0
maskaradkid_mod_articles_list2,519,84,Весело,,,,articles_listing519_1.jpg,articles_listing519.jpg,1,7,no-url,,,0
maskaradkid_mod_articles_list2,520,84,Эльфы,,,,articles_listing520_1.jpg,articles_listing520.jpg,1,8,no-url,,,0
maskaradkid_mod_articles_list2,521,84,Эльфы вперед,,,,articles_listing521_1.jpg,articles_listing521.jpg,1,9,no-url,,,0
maskaradkid_mod_articles_list2,522,85,Белка и орех,,,,articles_listing522_1.jpg,articles_listing522.jpg,1,1,no-url,,,0
maskaradkid_mod_articles_list2,523,85,Вкусный орех,,,,articles_listing523_1.jpg,articles_listing523.jpg,1,2,no-url,,,0
maskaradkid_mod_articles_list2,524,85,Белка,,,,articles_listing524_1.jpg,articles_listing524.jpg,1,3,no-url,,,0
maskaradkid_mod_articles_list2,525,85,Не отдам,,,,articles_listing525_1.jpg,articles_listing525.jpg,1,4,no-url,,,0
maskaradkid_mod_articles_list2,526,85,Белка и Сид,,,,articles_listing526_1.jpg,articles_listing526.jpg,1,5,no-url,,,0
maskaradkid_mod_articles_list2,527,85,Один на один,,,,articles_listing527_1.jpg,articles_listing527.jpg,1,6,no-url,,,0
maskaradkid_mod_articles_list2,528,85,верни обратно,,,,articles_listing528_1.jpg,articles_listing528.jpg,1,7,no-url,,,0
maskaradkid_mod_articles_list2,529,85,Белка и Сид дерутся за орех,,,,articles_listing529_1.jpg,articles_listing529.jpg,1,8,no-url,,,0
maskaradkid_mod_articles_list2,530,85,Вся компания,,,,articles_listing530_1.jpg,articles_listing530.jpg,1,9,no-url,,,0
maskaradkid_mod_articles_list2,531,85,Сид и аппосум,,,,articles_listing531_1.jpg,articles_listing531.jpg,1,10,no-url,,,0
maskaradkid_mod_articles_list2,532,85,веселье,,,,articles_listing532_1.jpg,articles_listing532.jpg,1,11,no-url,,,0
maskaradkid_mod_articles_list2,546,86,Непривычно летать,,,,articles_listing546_1.jpg,articles_listing546.jpg,1,12,no-url,,,0
maskaradkid_mod_articles_list2,547,86,Звездная пыль,,,,articles_listing547_1.jpg,articles_listing547.jpg,1,19,no-url,,,0
maskaradkid_mod_articles_list2,548,86,"Тяжело, Динь!",,,,articles_listing548_1.jpg,articles_listing548.jpg,1,20,no-url,,,0
maskaradkid_mod_articles_list2,549,86,Питер Пен,,,,articles_listing549_1.jpg,articles_listing549.jpg,1,21,no-url,,,0
maskaradkid_mod_articles_list2,550,36,Дважды два четыре,,,,articles_listing550_1.jpg,articles_listing550.jpg,1,4,no-url,,,0
maskaradkid_mod_articles_list2,551,36,Ой какой кошмар,,,,articles_listing551_1.jpg,articles_listing551.jpg,1,5,no-url,,,0
maskaradkid_mod_articles_list2,552,36,Мальвина,,,,articles_listing552_1.jpg,articles_listing552.jpg,1,6,no-url,,,0
maskaradkid_mod_articles_list2,553,36,Хлопаем в ладоши,,,,articles_listing553_1.jpg,articles_listing553.jpg,1,7,no-url,,,0
maskaradkid_mod_articles_list2,554,2,Образовательные праздники,/detskie-prazdniki/obrazovatelnye-prazdniki.html,,articles_listing554_2.jpg,articles_listing554_1.jpg,articles_listing554.jpg,1,10,celebration,,,0
maskaradkid_mod_articles_list2,555,87,Ультрафиолет,,,,articles_listing555_1.jpg,articles_listing555.jpg,1,1,no-url,,,0
maskaradkid_mod_articles_list2,556,87,Клубы дыма,,,,articles_listing556_1.jpg,articles_listing556.jpg,1,2,no-url,,,0
maskaradkid_mod_articles_list2,557,87,Электрический шар,,,,articles_listing557_1.jpg,articles_listing557.jpg,1,3,no-url,,,0
maskaradkid_mod_articles_list2,558,88,Внимание,,,,articles_listing558_1.jpg,articles_listing558.jpg,1,1,no-url,,,0
maskaradkid_mod_articles_list2,559,88,Интересный конус,,,,articles_listing559_1.jpg,articles_listing559.jpg,1,2,no-url,,,0
maskaradkid_mod_articles_list2,560,88,Сумашедший химик,,,,articles_listing560_1.jpg,articles_listing560.jpg,1,3,no-url,,,0
maskaradkid_mod_articles_list2,561,88,Опыт,,,,articles_listing561_1.jpg,articles_listing561.jpg,1,4,no-url,,,0
maskaradkid_mod_articles_list2,562,88,Надуваем,,,,articles_listing562_1.jpg,articles_listing562.jpg,1,5,no-url,,,0
maskaradkid_mod_articles_list2,563,88,Делаем вату,,,,articles_listing563_1.jpg,articles_listing563.jpg,1,6,no-url,,,0
maskaradkid_mod_articles_list2,564,2,Аренда теплоходов,/detskie-uslugi/arenda-teplohodov.html,,articles_listing564_2.jpg,articles_listing564_1.jpg,articles_listing564.jpg,1,15,service,,,0
maskaradkid_mod_articles_list2,565,91,Алегрия,,,,articles_listing565_1.jpg,articles_listing565.jpg,1,1,no-url,,,0
maskaradkid_mod_articles_list2,566,91,Дельфин,,,,articles_listing566_1.jpg,articles_listing566.jpg,1,2,no-url,,,0
maskaradkid_mod_articles_list2,567,91,Кармель,,,,articles_listing567_1.jpg,articles_listing567.jpg,1,3,no-url,,,0
maskaradkid_mod_articles_list2,568,91,Москвич,,,,articles_listing568_1.jpg,articles_listing568.jpg,1,4,no-url,,,0
maskaradkid_mod_articles_list2,569,91,Симфония,,,,articles_listing569_1.jpg,articles_listing569.jpg,1,5,no-url,,,0
maskaradkid_mod_articles_list2,570,2,Аттракционы,/detskie-uslugi/attraktsiony.html,,articles_listing570_2.jpg,articles_listing570_1.jpg,articles_listing570.jpg,1,16,service,,,0
maskaradkid_mod_articles_list2,571,90,Надувной дом,,,,articles_listing571_1.jpg,articles_listing571.jpg,1,1,no-url,,,0
maskaradkid_mod_articles_list2,572,90,Надувная замок,,,,articles_listing572_1.jpg,articles_listing572.jpg,1,2,no-url,,,0
maskaradkid_mod_articles_list2,573,90,Полоса препядствий,,,,articles_listing573_1.jpg,articles_listing573.jpg,1,3,no-url,,,0
maskaradkid_mod_articles_list2,574,90,Лыжи,,,,articles_listing574_1.jpg,articles_listing574.jpg,1,4,no-url,,,0
maskaradkid_mod_articles_list2,575,2,Кейтеринг,/detskie-uslugi/keitering.html,,articles_listing575_2.jpg,articles_listing575_1.jpg,articles_listing575.jpg,1,17,service,,,0
maskaradkid_mod_articles_list2,576,92,Кейтеринг на концерте,,,,articles_listing576_1.jpg,articles_listing576.jpg,1,1,no-url,,,0
maskaradkid_mod_articles_list2,577,92,Стена из стаканов,,,,articles_listing577_1.jpg,articles_listing577.jpg,1,2,no-url,,,0
maskaradkid_mod_articles_list2,578,92,Праздничный кейтеринг,,,,articles_listing578_1.jpg,articles_listing578.jpg,1,3,no-url,,,0
maskaradkid_mod_articles_list2,579,92,Массовый кейтеринг,,,,articles_listing579_1.jpg,articles_listing579.jpg,1,4,no-url,,,0
maskaradkid_mod_articles_list2,580,92,Кейтеринг на природе,,,,articles_listing580_1.jpg,articles_listing580.jpg,1,5,no-url,,,0
maskaradkid_mod_articles_list2,581,92,Кейтеринг в лесу,,,,articles_listing581_1.jpg,articles_listing581.jpg,1,6,no-url,,,0
maskaradkid_mod_articles_list2,582,29,НОВЫЙ спектакль СИМПСОНЫ!,,,,,,1,16,no-url,,,0
maskaradkid_mod_articles_list2,583,6,Благодарность фее «Динь-динь» и Питеру Пену!,,,,,,1,21,no-url,,,0
maskaradkid_mod_articles_list2,584,1,Симпсоны,/detskii-prazdnik/simpsony.html,"Детский спектакль Симпсоны - Барт и Лиза, Гомер и Мардж",articles_listing584_2.jpg,articles_listing584_1.jpg,articles_listing584.jpg,1,36,show,,,0
maskaradkid_mod_articles_list2,585,93,Анонс,,"Симпсоны, Гомер и Мардж, Лиза и Барт",articles_listing585_2.jpg,articles_listing585_1.jpg,articles_listing585.jpg,1,1,no-url,,,0
maskaradkid_mod_articles_list2,586,93,Сценарий,,,,,,0,4,no-url,,,0
maskaradkid_mod_articles_list2,587,93,Смета,,,,,,1,5,no-url,,,0
maskaradkid_mod_articles_list2,588,94,Лиза и Барт,,,,articles_listing588_1.jpg,articles_listing588.jpg,0,1,no-url,,,0
maskaradkid_mod_articles_list2,589,94,Гомер и Мардж,,,,articles_listing589_1.jpg,articles_listing589.jpg,0,2,no-url,,,0
maskaradkid_mod_articles_list2,592,4,Партнеры,,,,,,1,3,no-url,,,0
maskaradkid_mod_articles_list2,682,104,"проведение детских праздников, детский праздник в новый год",,,,,,1,1,no-url,,,0
maskaradkid_mod_articles_list2,681,104,"проведение детских праздников, детский праздник 8 марта",,,,,,1,1,no-url,,,0
maskaradkid_mod_articles_list2,680,104,"проведение детских праздников, выпускной в школе",,,,,,1,1,no-url,,,0
maskaradkid_mod_articles_list2,679,104,"проведение детских праздников, выпускной в детском саду",,,,,,1,1,no-url,,,0
maskaradkid_mod_articles_list2,678,104,"проведение детских праздников, выпускной праздник",,,,,,1,1,no-url,,,0
maskaradkid_mod_articles_list2,677,104,"проведение детских праздников, праздник в детском саду",,,,,,1,1,no-url,,,0
maskaradkid_mod_articles_list2,676,104,"проведение детских праздников, детский праздник в Москве",,,,,,1,1,no-url,,,0
maskaradkid_mod_articles_list2,675,104,"проведение детских праздников, детский сад праздник",,,,,,1,1,no-url,,,0
maskaradkid_mod_articles_list2,674,104,"проведение детских праздников, детский день рождения",,,,,,1,1,no-url,,,0
maskaradkid_mod_articles_list2,673,104,"проведение детских праздников, день рождения ребенка",,,,,,1,1,no-url,,,0
maskaradkid_mod_articles_list2,672,104,"организация детских праздников, детский праздник 23 февраля",,,,,,1,1,no-url,,,0
maskaradkid_mod_articles_list2,671,104,"организация детских праздников, масленица",,,,,,1,1,no-url,,,0
maskaradkid_mod_articles_list2,670,104,"организация детских праздников, дед мороз и снегурочка",,,,,,1,1,no-url,,,0
maskaradkid_mod_articles_list2,669,104,"организация детских праздников, новый год",,,,,,1,1,no-url,,,0
maskaradkid_mod_articles_list2,668,104,"организация детских праздников, новогодний праздник",,,,,,1,1,no-url,,,0
maskaradkid_mod_articles_list2,667,104,"организация детских праздников, детский новогодний праздник",,,,,,1,1,no-url,,,0
maskaradkid_mod_articles_list2,666,104,"организация детских праздников, детский праздник в новый год",,,,,,1,1,no-url,,,0
maskaradkid_mod_articles_list2,665,104,"организация детских праздников, детский праздник 8 марта",,,,,,1,1,no-url,,,0
maskaradkid_mod_articles_list2,664,104,"организация детских праздников, выпускной в школе",,,,,,1,1,no-url,,,0
maskaradkid_mod_articles_list2,663,104,"организация детских праздников, выпускной в детском саду",,,,,,1,1,no-url,,,0
maskaradkid_mod_articles_list2,662,104,"организация детских праздников, выпускной праздник",,,,,,1,1,no-url,,,0
maskaradkid_mod_articles_list2,661,104,"организация детских праздников, праздник в детском саду",,,,,,1,1,no-url,,,0
maskaradkid_mod_articles_list2,660,104,"организация детских праздников, детский праздник в Москве",,,,,,1,1,no-url,,,0
maskaradkid_mod_articles_list2,659,104,"организация детских праздников, детский сад праздник",,,,,,1,1,no-url,,,0
maskaradkid_mod_articles_list2,658,104,"организация детских праздников, детский день рождения",,,,,,1,1,no-url,,,0
maskaradkid_mod_articles_list2,657,104,"организация детских праздников, день рождения ребенка",,,,,,1,1,no-url,,,0
maskaradkid_mod_articles_list2,656,104,"детские праздники, детский праздник 23 февраля",,,,,,1,1,no-url,,,0
maskaradkid_mod_articles_list2,655,104,"детские праздники, масленица",,,,,,1,1,no-url,,,0
maskaradkid_mod_articles_list2,654,104,"детские праздники, дед мороз и снегурочка",,,,,,1,1,no-url,,,0
maskaradkid_mod_articles_list2,653,104,"детские праздники, новый год",,,,,,1,1,no-url,,,0
maskaradkid_mod_articles_list2,652,104,"детские праздники, новогодний праздник",,,,,,1,1,no-url,,,0
maskaradkid_mod_articles_list2,651,104,"детские праздники, детский новогодний праздник",,,,,,1,1,no-url,,,0
maskaradkid_mod_articles_list2,650,104,"детские праздники, детский праздник в новый год",,,,,,1,1,no-url,,,0
maskaradkid_mod_articles_list2,649,104,"детские праздники, детский праздник 8 марта",,,,,,1,1,no-url,,,0
maskaradkid_mod_articles_list2,648,104,"детские праздники, выпускной в школе",,,,,,1,1,no-url,,,0
maskaradkid_mod_articles_list2,647,104,"детские праздники, выпускной в детском саду",,,,,,1,1,no-url,,,0
maskaradkid_mod_articles_list2,646,104,"детские праздники, выпускной праздник",,,,,,1,1,no-url,,,0
maskaradkid_mod_articles_list2,645,104,"детские праздники, праздник в детском саду",,,,,,1,1,no-url,,,0
maskaradkid_mod_articles_list2,644,104,"детские праздники, детский праздник в Москве",,,,,,1,1,no-url,,,0
maskaradkid_mod_articles_list2,643,104,"детские праздники, детский сад праздник",,,,,,1,1,no-url,,,0
maskaradkid_mod_articles_list2,642,104,"детские праздники, детский день рождения",,,,,,1,1,no-url,,,0
maskaradkid_mod_articles_list2,641,104,"детские праздники, день рождения ребенка",,,,,,1,1,no-url,,,0
maskaradkid_mod_articles_list2,683,104,"проведение детских праздников, детский новогодний праздник",,,,,,1,1,no-url,,,0
maskaradkid_mod_articles_list2,684,104,"проведение детских праздников, новогодний праздник",,,,,,1,1,no-url,,,0
maskaradkid_mod_articles_list2,685,104,"проведение детских праздников, новый год",,,,,,1,1,no-url,,,0
maskaradkid_mod_articles_list2,686,104,"проведение детских праздников, дед мороз и снегурочка",,,,,,1,1,no-url,,,0
maskaradkid_mod_articles_list2,687,104,"проведение детских праздников, масленица",,,,,,1,1,no-url,,,0
maskaradkid_mod_articles_list2,688,104,"проведение детских праздников, детский праздник 23 февраля",,,,,,1,1,no-url,,,0
maskaradkid_mod_articles_list2,719,104,"проведение детского праздника, детский спектакль",,,,,,1,1,no-url,,,0
maskaradkid_mod_articles_list2,718,104,"организация детского праздника, детский спектакль",,,,,,1,1,no-url,,,0
maskaradkid_mod_articles_list2,717,104,"детский праздник, детский спектакль",,,,,,1,1,no-url,,,0
maskaradkid_mod_articles_list2,727,104,"организация детских праздников, детское представление",,,,,,1,1,no-url,,,0
maskaradkid_mod_articles_list2,726,104,"детские праздники, детское представление",,,,,,1,1,no-url,,,0
maskaradkid_mod_articles_list2,725,104,"проведение детских прадников, детский спектакль",,,,,,1,1,no-url,,,0
maskaradkid_mod_articles_list2,724,104,"организация детских праздников, детский спектакль",,,,,,1,1,no-url,,,0
maskaradkid_mod_articles_list2,723,104,"детские праздники, детский спектакль",,,,,,1,1,no-url,,,0
maskaradkid_mod_articles_list2,722,104,"проведение детского праздника, детское представление",,,,,,1,1,no-url,,,0
maskaradkid_mod_articles_list2,721,104,"организация детского праздника, детское представление",,,,,,1,1,no-url,,,0
maskaradkid_mod_articles_list2,720,104,"детский праздник, детское представление",,,,,,1,1,no-url,,,0
maskaradkid_mod_articles_list2,728,104,"проведение детских праздников, детское представление",,,,,,1,1,no-url,,,0
maskaradkid_mod_articles_list2,729,8,Спектакли по возрасту,,,,,,1,2,no-url,,,0
maskaradkid_mod_articles_list2,730,9,Детские услуги,,,articles_listing730_2.jpg,articles_listing730_1.jpg,articles_listing730.jpg,1,1,no-url,,,0
maskaradkid_mod_articles_list2,732,107,Герои,,,articles_listing732_2.jpg,,articles_listing732.jpg,1,1,no-url,,,0
maskaradkid_mod_articles_list2,733,107,Белоснежка и гном,,,articles_listing733_2.jpg,,articles_listing733.jpg,1,2,no-url,,,0
maskaradkid_mod_articles_list2,734,107,Питер Пен,,,articles_listing734_2.jpg,,articles_listing734.jpg,1,3,no-url,,,0
maskaradkid_mod_articles_list2,735,107,Питер,,,articles_listing735_2.jpg,,articles_listing735.jpg,1,4,no-url,,,0
maskaradkid_mod_articles_list2,736,107,Бой,,,articles_listing736_2.jpg,,articles_listing736.jpg,1,5,no-url,,,0
maskaradkid_mod_articles_list2,737,107,Круэлла Де Виль,,,articles_listing737_2.jpg,,articles_listing737.jpg,1,6,no-url,,,0
maskaradkid_mod_articles_list2,738,107,Внимание,,,articles_listing738_2.jpg,,articles_listing738.jpg,1,7,no-url,,,0
maskaradkid_mod_articles_list2,739,105,Дуэль,,,articles_listing739_2.jpg,articles_listing739_1.jpg,articles_listing739.jpg,1,1,no-url,,,0
maskaradkid_mod_articles_list2,740,105,Крюк и Гарри,,,articles_listing740_2.jpg,,articles_listing740.jpg,1,4,no-url,,,0
maskaradkid_mod_articles_list2,741,105,Танец,,,articles_listing741_2.jpg,,articles_listing741.jpg,1,5,no-url,,,0
maskaradkid_mod_articles_list2,742,105,Все вместе,,,articles_listing742_2.jpg,,articles_listing742.jpg,1,6,no-url,,,0
maskaradkid_mod_articles_list2,743,105,Игры,,,articles_listing743_2.jpg,,articles_listing743.jpg,1,7,no-url,,,0
maskaradkid_mod_articles_list2,744,106,Мушкетер,,,articles_listing744_2.jpg,,articles_listing744.jpg,1,1,no-url,,,0
maskaradkid_mod_articles_list2,745,106,Кардинал и МиЛеди,,,articles_listing745_2.jpg,,articles_listing745.jpg,1,2,no-url,,,0
maskaradkid_mod_articles_list2,746,106,Минует,,,articles_listing746_2.jpg,,articles_listing746.jpg,1,3,no-url,,,0
maskaradkid_mod_articles_list2,747,108,Анонс,,,articles_listing747_2.jpg,articles_listing747_1.jpg,articles_listing747.jpg,1,1,no-url,,,0
maskaradkid_mod_articles_list2,748,109,Анонс,,,articles_listing748_2.jpg,articles_listing748_1.jpg,articles_listing748.jpg,1,1,no-url,,,0
maskaradkid_mod_articles_list2,749,1,Три мушкетера,/detskii-prazdnik/tri-mushketera.html,,articles_listing749_2.jpg,articles_listing749_1.jpg,articles_listing749.jpg,0,40,show,,,0
maskaradkid_mod_articles_list2,750,1,Сказочный балаганчик,/detskii-prazdnik/balaganchik.html,,articles_listing750_2.jpg,articles_listing750_1.jpg,articles_listing750.jpg,1,29,show,,,0
maskaradkid_mod_articles_list2,751,108,Смета,,,,,,1,4,no-url,,,0
maskaradkid_mod_articles_list2,752,108,Сценарий,,,,,,1,3,no-url,,,0
maskaradkid_mod_articles_list2,753,111,Дед Мороз и Снегурочка,,,articles_listing753_2.jpg,,articles_listing753.jpg,1,1,no-url,,,0
maskaradkid_mod_articles_list2,754,111,Эльфы,,,articles_listing754_2.jpg,,articles_listing754.jpg,1,2,no-url,,,0
maskaradkid_mod_articles_list2,755,111,Лесные жители,,,articles_listing755_2.jpg,,articles_listing755.jpg,1,3,no-url,,,0
maskaradkid_mod_articles_list2,756,7,Эксклюзивные праздники,/detskie-prazdniki/exlusive.html,,articles_listing756_2.jpg,articles_listing756_1.jpg,articles_listing756.jpg,1,10,celebration,,,0
maskaradkid_mod_articles_list2,761,24,Пират,,,articles_listing761_2.jpg,,articles_listing761.jpg,1,1,no-url,,,0
maskaradkid_mod_articles_list2,762,24,Пираты,,,articles_listing762_2.jpg,,articles_listing762.jpg,1,3,no-url,,,0
maskaradkid_mod_articles_list2,763,24,Песня,,,articles_listing763_2.jpg,,articles_listing763.jpg,1,4,no-url,,,0
maskaradkid_mod_articles_list2,764,113,Мачеха и сестра,,,articles_listing764_2.jpg,,articles_listing764.jpg,1,1,no-url,,,0
maskaradkid_mod_articles_list2,765,113,Грим,,,articles_listing765_2.jpg,,articles_listing765.jpg,1,3,no-url,,,0
maskaradkid_mod_articles_list2,766,113,Танец с принцем,,,articles_listing766_2.jpg,,articles_listing766.jpg,1,4,no-url,,,0
maskaradkid_mod_articles_list2,767,113,Вторая сестрица,,,,,,0,5,no-url,,,0
maskaradkid_mod_articles_list2,768,112,Питер Пен,,,articles_listing768_2.jpg,,articles_listing768.jpg,1,1,no-url,,,0
maskaradkid_mod_articles_list2,769,112,Гномик,,,articles_listing769_2.jpg,,articles_listing769.jpg,1,3,no-url,,,0
maskaradkid_mod_articles_list2,770,112,Белоснежка,,,articles_listing770_2.jpg,,articles_listing770.jpg,1,4,no-url,,,0
maskaradkid_mod_articles_list2,771,112,Эльфы,,,articles_listing771_2.jpg,,articles_listing771.jpg,1,5,no-url,,,0
maskaradkid_mod_articles_list2,772,112,Креулла Де Виль,,,articles_listing772_2.jpg,,articles_listing772.jpg,1,6,no-url,,,0
maskaradkid_mod_articles_list2,773,114,Анонс,,,articles_listing773_2.jpg,articles_listing773_1.jpg,articles_listing773.jpg,1,1,no-url,,,0
maskaradkid_mod_articles_list2,774,114,Смета,,,,,,1,4,no-url,,,0
maskaradkid_mod_articles_list2,775,135,Новогодний экспресс,/detskii-prazdnik/exspress.html,,articles_listing775_2.jpg,articles_listing775_1.jpg,articles_listing775.jpg,1,1,show,,,0
maskaradkid_mod_articles_list2,777,11,Сотрудничество,,,articles_listing777_2.jpg,articles_listing777_1.jpg,articles_listing777.jpg,1,130,no-url,,,0
maskaradkid_mod_articles_list2,808,99,benata.ru,http://www.benata.ru/govorcvet5.html,,,,,1,1,other,,,0
maskaradkid_mod_articles_list2,812,98,podarkov.com,http://www.podarkov.com/cat/univers0.php,,,,,1,1,other,,,0
maskaradkid_mod_articles_list2,814,116,Часы кролика,,,articles_listing814_2.jpg,,articles_listing814.jpg,1,1,no-url,,,0
maskaradkid_mod_articles_list2,815,116,Декорация 4.5x2.5метра,,,articles_listing815_2.jpg,,articles_listing815.jpg,1,2,no-url,,,0
maskaradkid_mod_articles_list2,816,116,Гриб гусеницы,,,articles_listing816_2.jpg,,articles_listing816.jpg,1,4,no-url,,,0
maskaradkid_mod_articles_list2,817,116,Кальян гусеницы,,,articles_listing817_2.jpg,,articles_listing817.jpg,1,5,no-url,,,0
maskaradkid_mod_articles_list2,818,117,Анонс,,"Новый год, детский новогодний праздник, дед мороз и снегурочка, интерактивный спектакль",articles_listing818_2.jpg,articles_listing818_1.jpg,articles_listing818.jpg,1,1,no-url,,,0
maskaradkid_mod_articles_list2,819,117,Смета,,,,,,1,7,no-url,,,0
maskaradkid_mod_articles_list2,820,118,Анонс,,Новогодняя сказка Эльфов с Дедом Морозом и Снегурочкой,articles_listing820_2.jpg,articles_listing820_1.jpg,articles_listing820.jpg,1,1,no-url,,,0
maskaradkid_mod_articles_list2,821,118,Смета,,,,,,1,5,no-url,,"Интерактивный спектакль: Новогодняя сказка Эльфов и Деда Мороза Возраст детей: 4 - 12 лет Пол: мальчик или девочка Число актеров: от 2 до 7 Персонажи: Дед Мороз, Снегурочка, Ледниковая королева, гном Труссо, Эльфина Тил…",359
maskaradkid_mod_articles_list2,822,119,Шляпник,,,,articles_listing822_1.jpg,articles_listing822.jpg,1,1,no-url,,,0
maskaradkid_mod_articles_list2,823,119,Игра,,,,articles_listing823_1.jpg,articles_listing823.jpg,1,2,no-url,,,0
maskaradkid_mod_articles_list2,824,119,Король и Додо,,,,articles_listing824_1.jpg,articles_listing824.jpg,1,3,no-url,,,0
maskaradkid_mod_articles_list2,825,119,Чеширский кот,,,,articles_listing825_1.jpg,articles_listing825.jpg,1,4,no-url,,,0
maskaradkid_mod_articles_list2,826,119,Гусеница с кальяном,,,,articles_listing826_1.jpg,articles_listing826.jpg,1,5,no-url,,,0
maskaradkid_mod_articles_list2,827,119,Шляпник притаился,,,,articles_listing827_1.jpg,articles_listing827.jpg,1,6,no-url,,,0
maskaradkid_mod_articles_list2,828,119,Червовая королева,,,,articles_listing828_1.jpg,articles_listing828.jpg,1,7,no-url,,,0
maskaradkid_mod_articles_list2,829,119,Дети под грибом,,,,articles_listing829_1.jpg,articles_listing829.jpg,1,8,no-url,,,0
maskaradkid_mod_articles_list2,830,119,Королева и Роза,,,,articles_listing830_1.jpg,articles_listing830.jpg,1,9,no-url,,,0
maskaradkid_mod_articles_list2,831,119,Роза,,,,articles_listing831_1.jpg,articles_listing831.jpg,1,10,no-url,,,0
maskaradkid_mod_articles_list2,832,119,Внимание,,,,articles_listing832_1.jpg,articles_listing832.jpg,1,11,no-url,,,0
maskaradkid_mod_articles_list2,833,119,Все в тоннель,,,,articles_listing833_1.jpg,articles_listing833.jpg,1,12,no-url,,,0
maskaradkid_mod_articles_list2,834,119,В кругу,,,,articles_listing834_1.jpg,articles_listing834.jpg,1,13,no-url,,,0
maskaradkid_mod_articles_list2,835,119,Фея,,,,articles_listing835_1.jpg,articles_listing835.jpg,1,14,no-url,,,0
maskaradkid_mod_articles_list2,836,119,Полетели,,,,articles_listing836_1.jpg,articles_listing836.jpg,1,15,no-url,,,0
maskaradkid_mod_articles_list2,837,119,Фея и Чеширский кот,,,,articles_listing837_1.jpg,articles_listing837.jpg,1,16,no-url,,,0
maskaradkid_mod_articles_list2,838,119,Гусеница,,,,articles_listing838_1.jpg,articles_listing838.jpg,1,17,no-url,,,0
maskaradkid_mod_articles_list2,839,119,Птица Додо,,,,articles_listing839_1.jpg,articles_listing839.jpg,1,18,no-url,,,0
maskaradkid_mod_articles_list2,840,119,Чай для мартовского заяца,,,,articles_listing840_1.jpg,articles_listing840.jpg,1,19,no-url,,,0
maskaradkid_mod_articles_list2,841,119,Белый заяц и его часы,,,,articles_listing841_1.jpg,articles_listing841.jpg,1,20,no-url,,,0
maskaradkid_mod_articles_list2,842,119,Белый заяц,,,,articles_listing842_1.jpg,articles_listing842.jpg,1,21,no-url,,,0
maskaradkid_mod_articles_list2,843,119,Вредная королева,,,,articles_listing843_1.jpg,articles_listing843.jpg,1,22,no-url,,,0
maskaradkid_mod_articles_list2,844,119,Удивленный Шляпник,,,,articles_listing844_1.jpg,articles_listing844.jpg,1,23,no-url,,,0
maskaradkid_mod_articles_list2,845,119,Мартовский заяц,,,,articles_listing845_1.jpg,articles_listing845.jpg,1,24,no-url,,,0
maskaradkid_mod_articles_list2,846,119,Кто играет в крикет,,,,articles_listing846_1.jpg,articles_listing846.jpg,1,25,no-url,,,0
maskaradkid_mod_articles_list2,847,119,Додо бъет,,,,articles_listing847_1.jpg,articles_listing847.jpg,1,26,no-url,,,0
maskaradkid_mod_articles_list2,848,119,Король и пузыри,,,,articles_listing848_1.jpg,articles_listing848.jpg,1,27,no-url,,,0
maskaradkid_mod_articles_list2,849,119,Дуель с чайником,,,,articles_listing849_1.jpg,articles_listing849.jpg,1,28,no-url,,,0
maskaradkid_mod_articles_list2,850,119,Гусеница и пузыри,,,,articles_listing850_1.jpg,articles_listing850.jpg,1,29,no-url,,,0
maskaradkid_mod_articles_list2,851,119,Король,,,,articles_listing851_1.jpg,articles_listing851.jpg,1,30,no-url,,,0
maskaradkid_mod_articles_list2,852,119,Додо,,,,articles_listing852_1.jpg,articles_listing852.jpg,1,31,no-url,,,0
maskaradkid_mod_articles_list2,853,119,Королева Червей,,,,articles_listing853_1.jpg,articles_listing853.jpg,1,32,no-url,,,0
maskaradkid_mod_articles_list2,854,119,Вместе,,,,articles_listing854_1.jpg,articles_listing854.jpg,1,33,no-url,,,0
maskaradkid_mod_articles_list2,855,119,Все вместе,,,,articles_listing855_1.jpg,articles_listing855.jpg,1,34,no-url,,,0
maskaradkid_mod_articles_list2,856,119,Руки вверх,,,,articles_listing856_1.jpg,articles_listing856.jpg,1,35,no-url,,,0
maskaradkid_mod_articles_list2,857,7,Школьный клиенты,,,,,,1,50,no-url,,,0
maskaradkid_mod_articles_list2,858,50,Unite Bottling Group,,,articles_listing858_2.jpg,articles_listing858_1.jpg,articles_listing858.jpg,1,27,no-url,,,0
maskaradkid_mod_articles_list2,859,119,Гусеница,,,,articles_listing859_1.gif,articles_listing859.gif,1,36,no-url,,,0
maskaradkid_mod_articles_list2,860,53,На Рублевке,,,articles_listing860_2.jpg,articles_listing860_1.jpg,articles_listing860.jpg,1,1,no-url,,,0
maskaradkid_mod_articles_list2,862,114,Сценарий,,,,,,1,3,no-url,,,0
maskaradkid_mod_articles_list2,863,120,Анонс,,,articles_listing863_2.jpg,articles_listing863_1.jpg,articles_listing863.jpg,1,1,no-url,,,0
maskaradkid_mod_articles_list2,864,120,Сценарий,,,,,,1,2,no-url,,,0
maskaradkid_mod_articles_list2,865,120,Смета,,,,,,1,3,no-url,,,0
maskaradkid_mod_articles_list2,866,135,Новогоднее приключение Винни Пуха,/detskii-prazdnik/novogodnii-vinny-puh.html,,articles_listing866_2.jpg,articles_listing866_1.jpg,articles_listing866.jpg,1,2,show,,,0
maskaradkid_mod_articles_list2,867,109,Смета,,,,,,1,3,no-url,,,0
maskaradkid_mod_articles_list2,869,117,Сценарий,,,,,,1,2,no-url,,,0
maskaradkid_mod_articles_list2,870,122,Анонс,,,articles_listing870_2.jpg,articles_listing870_1.jpg,articles_listing870.jpg,1,1,no-url,,,0
maskaradkid_mod_articles_list2,871,122,Сценарий,,,,,,1,3,no-url,,,0
maskaradkid_mod_articles_list2,872,122,Смета,,,,,,1,4,no-url,,,0
maskaradkid_mod_articles_list2,873,135,Новый год с Питером Пеном,/detskii-prazdnik/novogodnii-piter-pen.html,,articles_listing873_2.jpg,articles_listing873_1.jpg,articles_listing873.jpg,1,8,show,,,0
maskaradkid_mod_articles_list2,877,102,delightstudio.ru,http://www.delightstudio.ru/links/links19.html,,,,,1,1,other,,,0
maskaradkid_mod_articles_list2,878,123,Анонс,,,articles_listing878_2.jpg,articles_listing878_1.jpg,articles_listing878.jpg,1,1,no-url,,,0
maskaradkid_mod_articles_list2,879,123,Сценарий,,,,,,1,2,no-url,,,0
maskaradkid_mod_articles_list2,880,123,Смета,,,,,,1,3,no-url,,,0
maskaradkid_mod_articles_list2,881,135,Новогодний ледниковый период,/detskii-prazdnik/novogodnii-ledn-period.html,,articles_listing881_2.jpg,articles_listing881_1.jpg,articles_listing881.jpg,1,9,show,,,0
maskaradkid_mod_articles_list2,884,124,Анонс,,,articles_listing884_2.jpg,articles_listing884_1.jpg,articles_listing884.jpg,1,1,no-url,,,0
maskaradkid_mod_articles_list2,885,135,Новогодняя Страна Чудес,/detskii-prazdnik/novogodnyaya-strana-chudes.html,,articles_listing885_2.jpg,articles_listing885_1.jpg,articles_listing885.jpg,1,7,show,,,0
maskaradkid_mod_articles_list2,886,124,Сценарий,,,,,,1,2,no-url,,,0
maskaradkid_mod_articles_list2,887,124,Смета,,,,,,1,3,no-url,,,0
maskaradkid_mod_articles_list2,888,125,Анонс,,,articles_listing888_2.jpg,articles_listing888_1.jpg,articles_listing888.jpg,1,1,no-url,,,0
maskaradkid_mod_articles_list2,889,135,Новый год с Симпсонами,/detskii-prazdnik/novoii-god-simpsons.html,,articles_listing889_2.jpg,articles_listing889_1.jpg,articles_listing889.jpg,1,4,show,,,0
maskaradkid_mod_articles_list2,890,125,Сценарий,,,,,,1,2,no-url,,,0
maskaradkid_mod_articles_list2,891,125,Смета,,,,,,1,3,no-url,,,0
maskaradkid_mod_articles_list2,892,103,kyliemania.ru,http://www.kyliemania.ru/links/fun17.htm,,,,,1,1,other,,,0
maskaradkid_mod_articles_list2,893,126,Анонс,,,articles_listing893_2.jpg,articles_listing893_1.jpg,articles_listing893.jpg,1,1,no-url,,,0
maskaradkid_mod_articles_list2,894,126,Сценарий,,,,,,1,2,no-url,,,0
maskaradkid_mod_articles_list2,895,126,Смета,,,,,,1,4,no-url,,,0
maskaradkid_mod_articles_list2,896,135,Новогодняя Золушка,/detskii-prazdnik/novogodnyaa-zolushka.html,,articles_listing896_2.jpg,articles_listing896_1.jpg,articles_listing896.jpg,1,5,show,,,0
maskaradkid_mod_articles_list2,897,96,marutaev.ru,http://marutaev.ru/friends/prazd02.htm,,,,,1,116,other,,,0
maskaradkid_mod_articles_list2,909,96,dedmoroz.lv,http://www.dedmoroz.lv/linkexchanger/index.php?category=все_категории&page=14,,,,,1,139,other,,,0
maskaradkid_mod_articles_list2,908,96,spb-events.ru,http://www.spb-events.ru/thematic3.htm,,,,,1,138,other,,,0
maskaradkid_mod_articles_list2,905,96,funhouse.ru,http://www.funhouse.ru/links-26.html,,,,,1,123,other,,,0
maskaradkid_mod_articles_list2,906,96,moscowsvadba.ru,http://moscowsvadba.ru/ssylki7.html,,,,,1,124,other,,,0
maskaradkid_mod_articles_list2,907,96,okvedu.ru,http://www.okvedu.ru/reference/,,,,,1,135,other,Вам нужен тамада на свадьбу? Тамада Константин поможет Вам в проведении свадебного торжества.,,0
maskaradkid_mod_articles_list2,904,96,tamada-smirnov.ru,http://www.tamada-smirnov.ru/lnk/links_1203766114_3.html,,,,,1,122,other,,,0
maskaradkid_mod_articles_list2,910,96,tamada.lv,http://www.tamada.lv/linkexchanger/index.php?category=все_категории&page=23,,,,,1,140,other,,,0
maskaradkid_mod_articles_list2,911,96,musicriders.com,http://www.musicriders.com/links9.html,,,,,1,141,other,,,0
maskaradkid_mod_articles_list2,912,127,Анонс,,,articles_listing912_2.jpg,articles_listing912_1.jpg,articles_listing912.jpg,1,1,no-url,,,0
maskaradkid_mod_articles_list2,913,127,Сценарий,,,,,,1,2,no-url,,,0
maskaradkid_mod_articles_list2,914,127,Смета,,,,,,1,3,no-url,,,0
maskaradkid_mod_articles_list2,915,135,Новогодний Золотой ключик,/detskii-prazdnik/novogodnii-zolotoi-klyuchik.html,,articles_listing915_2.jpg,articles_listing915_1.jpg,articles_listing915.jpg,1,3,show,,,0
maskaradkid_mod_articles_list2,916,118,Сценарий,,,,,,1,4,no-url,,"Сценарий: Оживление героев. Войдя в помещение праздника, дети увидят застывших ельфов, и лишь только героев коснется снежинка, они начнут поочередно оживать! Знакомство. Ожившие герои, танцем завлекают детей и знакомятс…",915
maskaradkid_mod_articles_list2,917,109,Сценарий,,,,,,1,2,no-url,,,0
maskaradkid_mod_articles_list2,918,128,Анонс,,,articles_listing918_2.jpg,articles_listing918_1.jpg,articles_listing918.jpg,1,1,no-url,,,0
maskaradkid_mod_articles_list2,919,96,wedding4you.ru,http://www.wedding4you.ru/sites/index.php,,,,,1,146,other,,,0
maskaradkid_mod_articles_list2,920,128,Сценарий,,,,,,1,2,no-url,,,0
maskaradkid_mod_articles_list2,921,96,funsvadba.com,http://www.funsvadba.com/ssylki9.html,,,,,1,147,other,,,0
maskaradkid_mod_articles_list2,922,128,Смета,,,,,,1,3,no-url,,,0
maskaradkid_mod_articles_list2,923,135,Новогодний Мадагаскар,/detskii-prazdnik/novoii-god-madagaskar.html,,articles_listing923_2.jpg,articles_listing923_1.jpg,articles_listing923.jpg,1,10,show,,,0
maskaradkid_mod_articles_list2,924,96,убить,,,,,,1,150,no-url,,,0
maskaradkid_mod_articles_list2,925,96,sveigo.ru,http://sveigo.ru/links.09.htm,,,,,1,163,other,,,0
maskaradkid_mod_articles_list2,926,96,Убить,,,,,,1,164,no-url,,,0
maskaradkid_mod_articles_list2,927,96,teplohod.net.ru,http://teplohod.net.ru/links.php?text=%EC%E0%F1%EA%E0%F0%E0%E4,,,,,1,167,other,,,0
maskaradkid_mod_articles_list2,928,103,narechena.org.ua,http://narechena.org.ua/dirlinks/links_1220102271_1.html,,,,,1,2,other,,,0
maskaradkid_mod_articles_list2,929,103,2sa.ru,http://www.2sa.ru/katalog/index.php?category=1205964108&page=16,,,,,1,4,other,,,0
maskaradkid_mod_articles_list2,930,96,Убить,,,,,,1,168,no-url,,,0
maskaradkid_mod_articles_list2,931,96,svadba-data.ru,http://svadba-data.ru/links/?id=15648&cat=,,,,,1,170,other,,,0
maskaradkid_mod_articles_list2,932,96,apipyai.ru,http://www.apipyai.ru/links.php?cat=1&page=9,,,,,1,172,other,,,0
maskaradkid_mod_articles_list2,933,96,Убить,,,,,,1,171,no-url,,,0
maskaradkid_mod_articles_list2,934,103,kmt2007.ru,http://www.kmt2007.ru/katalog/index.php?category=1204556761&page=2,,,,,1,5,other,,,0
maskaradkid_mod_articles_list2,936,96,www.yuk-art.ru,http://www.yuk-art.ru/pen/gm/g005.html,,,,,1,177,other,,,0
maskaradkid_mod_articles_list2,937,96,ny-traditions.ru,http://www.ny-traditions.ru/index.php?topic=links3,,,,,1,179,other,,,0
maskaradkid_mod_articles_list2,938,96,www.wedfilm.ru,http://www.wedfilm.ru/wedfilm/partners/links_1150379107_6.html,,,,,1,180,other,,,0
maskaradkid_mod_articles_list2,939,96,tamada-super.ru,http://www.tamada-super.ru/friend/svadba3.htm,,,,,1,181,other,,,0
maskaradkid_mod_articles_list2,940,96,rentsoundpro.ru,http://www.rentsoundpro.ru/links4you/prazdnik19.htm,,,,,1,182,other,,,0
maskaradkid_mod_articles_list2,941,96,marinastilist.ru,http://www.marinastilist.ru/index.php?px=68,,,,,1,190,other,,,0
maskaradkid_mod_articles_list2,942,96,okstudio.ru,http://okstudio.ru/links.php?id=15648&cat=,,,,,1,193,other,,,0
maskaradkid_mod_articles_list2,943,96,zolotov.com,,,,,,1,194,no-url,,,0
maskaradkid_mod_articles_list2,944,96,prazdnik4kids.ru,http://www.prazdnik4kids.ru/viplinks/vse_prazdnik13.htm,,,,,1,196,other,,,0
maskaradkid_mod_articles_list2,945,96,kreativ-media.ru,http://www.kreativ-media.ru/friends/holiday/4.php,,,,,1,199,other,,,0
maskaradkid_mod_articles_list2,946,96,attrax.ru,http://www.attrax.ru/allpartner/childrens2.htm,,,,,1,200,other,,,0
maskaradkid_mod_articles_list2,947,96,mgfoto.ru,http://mgfoto.ru/organizatory02.htm,,,,,1,204,other,,,0
maskaradkid_mod_articles_list2,948,96,orient-style.ru,,,,,,1,206,no-url,,,0
maskaradkid_mod_articles_list2,949,101,www.diving.hit.lv,http://www.diving.hit.lv/linkexchanger/index.php?category=все_категории&page=8,,,,,1,3,other,,,0
maskaradkid_mod_articles_list2,950,101,teatr.hit.lv,http://www.teatr.hit.lv/links/index.php?category=все_категории&page=5,,,,,1,4,other,,,0
maskaradkid_mod_articles_list2,952,103,novogodnieelki.ru,http://www.novogodnieelki.ru/ssylki1-6.html,,,,,1,12,other,,,0
maskaradkid_mod_articles_list2,953,103,shar-design.ru,http://www.shar-design.ru/blinks/children0.html,,,,,1,13,other,,,0
maskaradkid_mod_articles_list2,954,96,ruzima.ru,http://ruzima.ru/links/detskie1.htm,,,,,1,207,other,,,0
maskaradkid_mod_articles_list2,955,96,yournewyear.ru,http://www.yournewyear.ru/link/index.htm?part=11&page=1,,,,,1,209,other,,,0
maskaradkid_mod_articles_list2,956,96,s-trofimov.ru,http://www.s-trofimov.ru/links/index.php?actions=cat&id=20&page=2,,,,,1,210,other,,,0
maskaradkid_mod_articles_list2,957,96,jenih-i-nevesta.ru,http://jenih-i-nevesta.ru/tematiksait/wedding2.htm,,,,,1,211,other,,,0
maskaradkid_mod_articles_list2,958,96,carnevale.ru,http://www.carnevale.ru/usf/index.php?category=1189899265&page=32,,,,,1,218,other,,,0
maskaradkid_mod_articles_list2,959,96,www.prazd.info,,,,,,1,220,no-url,,,0
maskaradkid_mod_articles_list2,960,96,grand-servise.ru,http://grand-servise.ru/links/add_organizaciya2.htm,,,,,1,221,other,,,0
maskaradkid_mod_articles_list2,961,96,kurzyamov.ru,http://www.kurzyamov.ru/cat/holidays5.htm,,,,,1,223,other,,,0
maskaradkid_mod_articles_list2,962,96,bs-agency.ru,,,,,,1,225,no-url,,,0
maskaradkid_mod_articles_list2,963,96,agentstvo-yu.ru,http://www.agentstvo-yu.ru/mlinks/holiday2.htm,,,,,1,226,other,,,0
maskaradkid_mod_articles_list2,964,96,artstage.ru,,,,,,1,227,no-url,,,0
maskaradkid_mod_articles_list2,965,96,magicrings.ru,http://magicrings.ru/cat/holidays2.htm,,,,,1,232,other,,,0
maskaradkid_mod_articles_list2,966,96,franksinatra.ru,http://franksinatra.ru/cat/links_1216063814_6.html,,,,,1,233,other,,,0
maskaradkid_mod_articles_list2,967,96,na-prazdnik.com,http://www.na-prazdnik.com/item789.html,,,,,1,234,other,,,0
maskaradkid_mod_articles_list2,968,103,joker-rim.ru,http://www.joker-rim.ru/cat/holidays1.htm,,,,,1,17,other,,,0
maskaradkid_mod_articles_list2,969,103,avflower.com,http://avflower.com/l/marriage.php,,,,,1,18,other,,,0
maskaradkid_mod_articles_list2,970,96,avto-standart.ru,http://www.avto-standart.ru/pagelinks8-0.html,,,,,1,235,other,,,0
maskaradkid_mod_articles_list2,971,103,bah.ru,http://www.bah.ru/lnk-1-2.html,,,,,1,26,other,,,0
maskaradkid_mod_articles_list2,972,96,anshante.ru,http://www.anshante.ru/links/party_organization/page4/,,,,,1,238,other,,,0
maskaradkid_mod_articles_list2,973,96,kan-kan.ru,http://kan-kan.ru/view_cat.php?cat=1&page=2,,,,,1,239,other,,,0
maskaradkid_mod_articles_list2,974,96,3541555.ru,http://3541555.ru/le2/links_1204968319_1.html,,,,,1,240,other,,,0
maskaradkid_mod_articles_list2,975,96,piroff.ru,http://www.piroff.ru/partners-5.htm,,,,,1,243,other,,,0
maskaradkid_mod_articles_list2,980,98,karpovich.ru,http://www.karpovich.ru/wave/pr005.html,,,,,1,5,other,,,0
maskaradkid_mod_articles_list2,978,98,coronation.ru,http://www.coronation.ru/lorg_prazd_4.html,,,,,1,3,other,,,0
maskaradkid_mod_articles_list2,979,98,nevecta.ru,http://www.nevecta.ru/org_prazd_6.html,,,,,1,4,other,,,0
maskaradkid_mod_articles_list2,981,96,a-gerasimov.ru,http://a-gerasimov.ru/links/organizers2.htm,,,,,1,244,other,,,0
maskaradkid_mod_articles_list2,982,103,donnaflora.ru,http://www.donnaflora.ru/main.cgi?act=links&cat=128,,,,,1,27,other,,,0
maskaradkid_mod_articles_list2,985,96,fenix-m.ru,http://fenix-m.ru/linkt/,,,,,1,248,other,,,0
maskaradkid_mod_articles_list2,986,96,убить,,,,,,1,249,no-url,,,0
maskaradkid_mod_articles_list2,987,96,moscorp.ru,http://www.moscorp.ru/moscorp/sites/index.php,,,,,1,260,other,,,0
maskaradkid_mod_articles_list2,988,103,nefm.ru,http://www.nefm.ru/partners.htm,,,,,1,30,other,,,0
maskaradkid_mod_articles_list2,989,129,Анонс,,,articles_listing989_2.jpg,articles_listing989_1.jpg,articles_listing989.jpg,1,1,no-url,,,0
maskaradkid_mod_articles_list2,993,135,Новогодняя Белоснежка,/detskii-prazdnik/novogodnyaya-belosnezhka.html,,articles_listing993_2.jpg,articles_listing993_1.jpg,articles_listing993.jpg,1,6,show,,,0
maskaradkid_mod_articles_list2,992,129,Смета,,,,,,1,5,no-url,,,0
maskaradkid_mod_articles_list2,991,129,Сценарий,,,,,,1,4,no-url,,,0
maskaradkid_mod_articles_list2,999,96,show-music.ru,http://show-music.ru/links/holiday?&start=6,,,,,1,261,other,,,0
maskaradkid_mod_articles_list2,998,103,terradelluomo.ru,http://www.terradelluomo.ru/useful_urls40.htm,,,,,1,31,other,,,0
maskaradkid_mod_articles_list2,1000,130,Марти,,,,articles_listing1000_1.jpg,articles_listing1000.jpg,1,1,no-url,,,0
maskaradkid_mod_articles_list2,1001,130,Задумчивый Марти,,,,articles_listing1001_1.jpg,articles_listing1001.jpg,0,2,no-url,,,0
maskaradkid_mod_articles_list2,1002,130,Марти в вагоне,,,,articles_listing1002_1.jpg,articles_listing1002.jpg,1,3,no-url,,,0
maskaradkid_mod_articles_list2,1003,130,Зебра Марти,,,,articles_listing1003_1.jpg,articles_listing1003.jpg,0,4,no-url,,,0
maskaradkid_mod_articles_list2,1004,130,Мелман,,,,articles_listing1004_1.jpg,articles_listing1004.jpg,1,5,no-url,,,0
maskaradkid_mod_articles_list2,1005,130,Вредный Мелман,,,,articles_listing1005_1.jpg,articles_listing1005.jpg,0,6,no-url,,,0
maskaradkid_mod_articles_list2,1006,130,Жираф,,,,articles_listing1006_1.jpg,articles_listing1006.jpg,0,7,no-url,,,0
maskaradkid_mod_articles_list2,1007,130,Мелман в метро,,,,articles_listing1007_1.jpg,articles_listing1007.jpg,1,8,no-url,,,0
maskaradkid_mod_articles_list2,1008,130,Высокий Жираф,,,,articles_listing1008_1.jpg,articles_listing1008.jpg,0,9,no-url,,,0
maskaradkid_mod_articles_list2,1009,130,Пингвин,,,,articles_listing1009_1.jpg,articles_listing1009.jpg,0,10,no-url,,,0
maskaradkid_mod_articles_list2,1010,130,Целеустремленный пингвин,,,,articles_listing1010_1.jpg,articles_listing1010.jpg,1,11,no-url,,,0
maskaradkid_mod_articles_list2,1011,130,Пингвинчик,,,,articles_listing1011_1.jpg,articles_listing1011.jpg,0,12,no-url,,,0
maskaradkid_mod_articles_list2,1012,130,Мартин,,,,articles_listing1012_1.jpg,articles_listing1012.jpg,0,13,no-url,,,0
maskaradkid_mod_articles_list2,1013,130,Марти и пингвин,,,,articles_listing1013_1.jpg,articles_listing1013.jpg,0,14,no-url,,,0
maskaradkid_mod_articles_list2,1014,130,Жираф Мелман,,,,articles_listing1014_1.jpg,articles_listing1014.jpg,1,15,no-url,,,0
maskaradkid_mod_articles_list2,1015,96,mprazdnik.ru,http://www.mprazdnik.ru/links/celebrations_organisation/holiday_agency/?p=5,,,,,1,268,other,,,0
maskaradkid_mod_articles_list2,1016,96,livestage.ru,"http://catalog.livestage.ru/Home,%20family-0.html",,,,,1,269,other,,,0
maskaradkid_mod_articles_list2,1017,96,idealevent.ru,http://idealevent.ru/index.php?page=links&linkpage=3,,,,,1,270,other,,,0
maskaradkid_mod_articles_list2,1018,103,ifiori.ru,http://www.ifiori.ru/ifiori/links/?linkid=39219,,,,,1,34,other,,,0
maskaradkid_mod_articles_list2,1019,103,sg-shar.ru,http://www.holidaythis.ru/segment_partner_2.html,,,,,1,35,other,,,0
maskaradkid_mod_articles_list2,1020,96,weddingvideo.ru,http://www.weddingvideo.ru/links/index.php?idcat=11&p=3&rating=1,,,,,1,272,other,,,0
maskaradkid_mod_articles_list2,1021,96,zotovshow.ru,http://www.zotovshow.ru/ssylki21.html,,,,,1,273,other,,,0
maskaradkid_mod_articles_list2,1022,98,minsk-podarok.com,http://minsk-podarok.com/Poleznoe.html,,,,,1,10,other,,,0
maskaradkid_mod_articles_list2,1023,98,artzoom.ru,http://www.artzoom.ru/bee/pr/pr005.html,,,,,1,11,other,,,0
maskaradkid_mod_articles_list2,1024,103,adamieva.com.ua,http://www.adamieva.com.ua/sitelinks/links_1200131492_1.html,,,,,1,39,other,,,0
maskaradkid_mod_articles_list2,1025,96,убить,,,,,,1,274,no-url,,,0
maskaradkid_mod_articles_list2,1026,96,убить,,,,,,1,275,no-url,,,0
maskaradkid_mod_articles_list2,1027,98,goldturtle.ru,http://goldturtle.ru/links/60.html,,,,,1,13,other,,,0
maskaradkid_mod_articles_list2,1028,103,piroff-show.ru,http://www.piroff-show.ru/partners/1,,,,,1,40,other,,,0
maskaradkid_mod_articles_list2,1029,103,Убить,,,,,,1,42,no-url,,,0
maskaradkid_mod_articles_list2,1030,103,granpri-msk.ru,http://granpri-msk.ru/topic/links/party-organization/2/,,,,,1,46,other,,,0
maskaradkid_mod_articles_list2,1031,103,vashprazdnik.com,http://vashprazdnik.com/masters/partners/.,,,,,1,48,other,,,0
maskaradkid_mod_articles_list2,1032,96,swadba.by,http://www.swadba.byhttp://www.swadba.by/best.php?actions=cat&id=16,,,,,1,278,other,,,0
maskaradkid_mod_articles_list2,1033,96,framestudio.ru,http://framestudio.ru/links.shtml?id=15648&cat=.,,,,,1,280,other,,,0
maskaradkid_mod_articles_list2,1034,103,klonator.ru,http://klonator.ru/links/prazdnik1.htm,,,,,1,49,other,,,0
maskaradkid_mod_articles_list2,1035,98,newtoys.ru,http://www.newtoys.ru/links/podarks/lst_0/,,,,,1,14,other,,,0
maskaradkid_mod_articles_list2,1038,103,nat-florist.ru,http://www.nat-florist.ru/links/mainCat.asp?page=4&catID=12,,,,,1,50,other,,,0
maskaradkid_mod_articles_list2,1039,103,Убить,,,,,,1,51,no-url,,,0
maskaradkid_mod_articles_list2,1040,103,Убить,,,,,,1,52,no-url,,,0
maskaradkid_mod_articles_list2,1041,96,nighttrust.ru,http://www.nighttrust.ru/cncat/item90.html,,,,,1,281,other,,,0
maskaradkid_mod_articles_list2,1042,103,Убить,,,,,,1,53,no-url,,,0
maskaradkid_mod_articles_list2,1043,103,photospace.ru,http://www.photospace.ru/links/link.php?id=1058,,,,,1,59,other,,,0
maskaradkid_mod_articles_list2,1044,96,nevesta.info,http://www.nevesta.info/partners/,,,,,1,282,other,,,0
maskaradkid_mod_articles_list2,1045,96,svadba66.ru,http://www.svadba66.ru/partners,,,,,1,283,other,,,0
maskaradkid_mod_articles_list2,1046,96,jenimsya.ru,http://www.jenimsya.ru/exchange/tamada-4.html,,,,,1,284,other,,,0
maskaradkid_mod_articles_list2,1047,103,dmitrykalinin.ru,http://dmitrykalinin.ru/catalogue/prazdnik-2.html,,,,,1,60,other,,,0
maskaradkid_mod_articles_list2,1048,96,belleb.ru,http://www.anyparty.ru/links/cat/3/page/0,,,,,1,285,other,,,0
maskaradkid_mod_articles_list2,1049,96,vanilar.ru,http://www.vanilar.ru/links/link.php?id=1094,,,,,1,286,other,,,0
maskaradkid_mod_articles_list2,1050,102,vanilar.ru,http://www.vanilar.ru/links/link.php?id=1094,,,,,1,2,other,,,0
maskaradkid_mod_articles_list2,1051,102,futaji.ru,http://futaji.ru/index.php?show_aux_page=10,,,,,1,3,other,,,0
maskaradkid_mod_articles_list2,1052,103,убить,,,,,,1,61,no-url,,,0
maskaradkid_mod_articles_list2,1053,102,proprint.ru,http://www.proprint.ru/le2/index.php?category=1206576305&page=10,,,,,1,7,other,,,0
maskaradkid_mod_articles_list2,1054,96,artcatering.ru,http://www.artcatering.ru/useful_urls42.htm,,,,,1,287,other,,,0
maskaradkid_mod_articles_list2,1055,98,artjoke.ru,http://www.artjoke.ru/bee/pr005.html,,,,,1,15,other,,,0
maskaradkid_mod_articles_list2,1056,102,moswedding.ru,http://www.moswedding.ru/item181.html,,,,,1,8,other,,,0
maskaradkid_mod_articles_list2,1057,103,Убить,,,,,,1,62,no-url,,,0
maskaradkid_mod_articles_list2,1058,103,Убить,,,,,,1,63,no-url,,,0
maskaradkid_mod_articles_list2,1059,102,okfoto.ru,http://www.okfoto.ru/katalog/index.php?category=1205964108&page=8,,,,,1,9,other,,,0
maskaradkid_mod_articles_list2,1060,98,veleos.ru,http://www.veleos.ru/linki_dr.html,,,,,1,16,other,,,0
maskaradkid_mod_articles_list2,1061,102,ak-studio.ru,http://www.ak-studio.ru/link_izoart9.htm,,,,,1,10,other,,,0
maskaradkid_mod_articles_list2,1062,96,v-zags.com,http://v-zags.com/links/org6.htm,,,,,1,288,other,,,0
maskaradkid_mod_articles_list2,1063,103,Убить,,,,,,1,64,no-url,,,0
maskaradkid_mod_articles_list2,1064,98,tovaroved.biz,http://www.tovaroved.biz/archives/310,,,,,1,17,other,,,0
maskaradkid_mod_articles_list2,1065,97,jurconsul.ru,http://www.jurconsul.ru/useful_urls25.htm,,,,,1,1,other,,,0
maskaradkid_mod_articles_list2,1066,96,salon-izumi.ru,http://www.salon-izumi.ru/lnk/realty-1.html,,,,,1,289,other,,,0
maskaradkid_mod_articles_list2,1067,96,art-svadba.ru,http://www.art-svadba.ru/links/links_1174648569_2.html,,,,,1,290,other,,,0
maskaradkid_mod_articles_list2,1068,102,smv.od.ua,http://www.smv.od.ua/index_ssilki7.html,,,,,1,11,other,,,0
maskaradkid_mod_articles_list2,1069,131,Снежная планета! Декорация 4.5х2.5 метра,,,articles_listing1069_2.jpg,,articles_listing1069.jpg,1,1,no-url,,,0
maskaradkid_mod_articles_list2,1070,132,В пути! Декорация 4.5х2.5 метра,,,articles_listing1070_2.jpg,,articles_listing1070.jpg,1,1,no-url,,,0
maskaradkid_mod_articles_list2,1072,132,Дом Деда Мороза! Декорация 4.5х2.5 метра,,,articles_listing1072_2.jpg,,articles_listing1072.jpg,1,2,no-url,,,0
maskaradkid_mod_articles_list2,1073,103,yes.com.ua,http://yes.com.ua/catalog/link.19.37.html,,,,,1,69,other,,,0
maskaradkid_mod_articles_list2,1074,103,buket.net.ua,http://buket.net.ua/lp/links_1189583212_2.html,,,,,1,70,other,,,0
maskaradkid_mod_articles_list2,1075,98,darena.ru,http://www.darena.ru/catalog/1/4.htm,,,,,1,18,other,,,0
maskaradkid_mod_articles_list2,1076,102,stalker-next.ucoz.ru,http://stalker-next.ucoz.ru/dir/,,,,,1,12,other,,,0
maskaradkid_mod_articles_list2,1077,102,videostart.ru,http://www.videostart.ru/ss/wedd-0.html,,,,,1,15,other,,,0
maskaradkid_mod_articles_list2,1078,102,angeymaster.narod.ru,http://www.angeymaster.narod.ru/partners7.html,,,,,1,16,other,,,0
maskaradkid_mod_articles_list2,1079,98,confael.ru,http://www.confael.ru/content/files/ssss/con-deti.htm,,,,,1,24,other,,,0
maskaradkid_mod_articles_list2,1080,103,theklim.ru,http://www.theklim.ru/?page=links,,,,,1,72,other,,,0
maskaradkid_mod_articles_list2,1081,102,master-fo.spb.ru,http://www.master-fo.spb.ru/ssilki3.php,,,,,1,20,other,,,0
maskaradkid_mod_articles_list2,1082,102,nikolenko.ucoz.ru,http://nikolenko.ucoz.ru/dir/,,,,,1,21,other,,,0
maskaradkid_mod_articles_list2,1114,7,Индивидуальные праздники,/detskie-prazdniki/individualnye-prazdniki.html,,articles_listing1114_2.jpg,articles_listing1114_1.jpg,articles_listing1114.jpg,1,51,celebration,,,0
maskaradkid_mod_articles_list2,1083,102,futajist.com,http://www.futajist.com/links.php/lPath/4,,,,,1,22,other,,,0
maskaradkid_mod_articles_list2,1084,102,wedding-animation.ru,http://www.wedding-animation.ru/links.php/lPath/1,,,,,1,23,other,,,0
maskaradkid_mod_articles_list2,1085,102,light-n-shade.ru,http://www.light-n-shade.ru/catalog/cat/7/,,,,,1,32,other,,,0
maskaradkid_mod_articles_list2,1086,102,ritmstyle.ru,http://ritmstyle.ru/photosites/2.htm,,,,,1,33,other,,,0
maskaradkid_mod_articles_list2,1087,102,andrews-film.narod.ru,http://andrews-film.narod.ru/links3.html,,,,,1,34,other,,,0
maskaradkid_mod_articles_list2,1088,102,SurkovStudio.com,http://www.surkovstudio.com/links.php,,,,,1,35,other,,,0
maskaradkid_mod_articles_list2,1089,102,SurkovStudio.ucoz.ru,http://surkovstudio.ucoz.ru/dir/1-1-2,,,,,1,36,other,,,0
maskaradkid_mod_articles_list2,1090,102,raspberry.ucoz.ru,http://raspberry.ucoz.ru/dir/2-1-2,,,,,1,40,other,,,0
maskaradkid_mod_articles_list2,1092,98,vkaut.narod.ru,http://vkaut.narod.ru/linksHoliday_4.html,,,,,1,25,other,,,0
maskaradkid_mod_articles_list2,1096,50,Магистральнефтеоргсинтез,,,articles_listing1096_2.gif,articles_listing1096_1.gif,articles_listing1096.gif,1,28,no-url,,,0
maskaradkid_mod_articles_list2,1094,50,Jones Day,,,articles_listing1094_2.gif,articles_listing1094_1.gif,articles_listing1094.gif,1,22,no-url,,,0
maskaradkid_mod_articles_list2,1095,50,Департамент Социальной Защиты,,,articles_listing1095_2.gif,articles_listing1095_1.gif,articles_listing1095.gif,1,23,no-url,,,0
maskaradkid_mod_articles_list2,1097,50,Индезит,,,articles_listing1097_2.gif,articles_listing1097_1.gif,articles_listing1097.gif,1,17,no-url,,,0
maskaradkid_mod_articles_list2,1098,50,Медиа Бюро,,,articles_listing1098_2.gif,articles_listing1098_1.gif,articles_listing1098.gif,1,29,no-url,,,0
maskaradkid_mod_articles_list2,1099,50,Премьера мультфильма Нико. Путь к звездам в кинотеатре Художетсвенный,,,articles_listing1099_2.gif,articles_listing1099_1.gif,articles_listing1099.gif,1,18,no-url,,,0
maskaradkid_mod_articles_list2,1100,50,Фитнес центр Марк Аврелий,,,articles_listing1100_2.gif,articles_listing1100_1.gif,articles_listing1100.gif,1,26,no-url,,,0
maskaradkid_mod_articles_list2,1101,50,Центр социальной реабилитации для детей-инвалидов,,,,,,1,25,no-url,,,0
maskaradkid_mod_articles_list2,1102,50,Андрей Малахов и журнал Starhit,,,articles_listing1102_2.gif,articles_listing1102_1.jpg,articles_listing1102.jpg,1,1,no-url,,,0
maskaradkid_mod_articles_list2,1103,50,Первая московская гимназия,,,articles_listing1103_2.gif,articles_listing1103_1.gif,articles_listing1103.gif,1,30,no-url,,,0
maskaradkid_mod_articles_list2,1104,6,О примьере мультфильма Нико,,,articles_listing1104_2.gif,articles_listing1104_1.gif,articles_listing1104.gif,1,23,no-url,,,0
maskaradkid_mod_articles_list2,1105,101,sc-garmoniya.ru,http://sc-garmoniya.ru/catalog/item40.html.,,,,,1,10,other,,,0
maskaradkid_mod_articles_list2,1106,133,Анонс,,,articles_listing1106_2.jpg,articles_listing1106_1.jpg,articles_listing1106.jpg,1,1,no-url,,,0
maskaradkid_mod_articles_list2,1107,133,Сценарий,,,,,,1,2,no-url,,,0
maskaradkid_mod_articles_list2,1108,133,Смета,,,,,,1,3,no-url,,,0
maskaradkid_mod_articles_list2,1109,134,Анонс,,,articles_listing1109_2.jpg,articles_listing1109_1.jpg,articles_listing1109.jpg,1,1,no-url,,,0
maskaradkid_mod_articles_list2,1110,134,Сценарий,,,,,,1,3,no-url,,,0
maskaradkid_mod_articles_list2,1111,134,Смета,,,,,,1,4,no-url,,,0
maskaradkid_mod_articles_list2,1112,1,Полярный экспресс,/detskii-prazdnik/polyarnyi-ekspress.html,"детский праздник, детский интерактивный спектакль, поезд, сказка, организация детских праздников",articles_listing1112_2.jpg,articles_listing1112_1.jpg,articles_listing1112.jpg,1,1,show,,,0
maskaradkid_mod_articles_list2,1113,1,Мадагаскар,/detskii-prazdnik/madagaskar.html,,articles_listing1113_2.jpg,articles_listing1113_1.jpg,articles_listing1113.jpg,1,4,show,,,0
maskaradkid_mod_articles_list2,1115,102,foto-mixer.ru,http://foto-mixer.ru/links7.html,,,,,1,41,other,,,0
maskaradkid_mod_articles_list2,1116,102,bombcreator.ru,http://www.bombcreator.ru/links2,,,,,1,42,other,,,0
maskaradkid_mod_articles_list2,1117,8,Театрализованные игровые программы,,,articles_listing1117_2.jpg,articles_listing1117_1.jpg,articles_listing1117.jpg,1,3,no-url,,,0
maskaradkid_mod_articles_list2,1118,136,Веселое путешествие,,,,articles_listing1118_1.jpg,articles_listing1118.jpg,1,1,no-url,,,0
maskaradkid_mod_articles_list2,1119,136,Чуткий лев Алекс,,,,articles_listing1119_1.jpg,articles_listing1119.jpg,1,2,no-url,,,0
maskaradkid_mod_articles_list2,1120,136,Непроходимые джунгли,,,,articles_listing1120_1.jpg,articles_listing1120.jpg,1,3,no-url,,,0
maskaradkid_mod_articles_list2,1121,136,Учимся танцевать с Мэлвином и Джулией,,,,articles_listing1121_1.jpg,articles_listing1121.jpg,1,4,no-url,,,0
maskaradkid_mod_articles_list2,1122,136,Вечеринка в стиле Мадагаскар,,,,articles_listing1122_1.jpg,articles_listing1122.jpg,1,5,no-url,,,0
maskaradkid_mod_articles_list2,1123,136,Переплыть океан,,,,articles_listing1123_1.jpg,articles_listing1123.jpg,1,6,no-url,,,0
maskaradkid_mod_articles_list2,1124,139,Развлекательную,,,,,,0,1,no-url,,,0
maskaradkid_mod_articles_list2,1125,139,Познавательную,,,,,,1,2,no-url,,,0
maskaradkid_mod_articles_list2,1126,139,Образовательную,,,,,,1,4,no-url,,,0
maskaradkid_mod_articles_list2,1127,139,Развивающую,,,,,,1,5,no-url,,,0
maskaradkid_mod_articles_list2,1128,139,Подвижную,,,,,,1,11,no-url,,,0
maskaradkid_mod_articles_list2,1129,98,Аня,,,,,,1,26,no-url,,,0
maskaradkid_mod_articles_list2,1130,6,4 дня рождения и выпускной вечер в детском саду.,,,,,,1,24,no-url,,,0
maskaradkid_mod_articles_list2,1131,11,Благотворительность,,,,,,1,131,no-url,,,0
maskaradkid_mod_articles_list2,1132,140,Праздник для детей больных раком,,,articles_listing1132_2.jpg,articles_listing1132_1.jpg,,1,1,no-url,,,0
maskaradkid_mod_articles_list2,1133,140,Праздник ко дню знаний,,,articles_listing1133_2.jpg,articles_listing1133_1.jpg,,1,2,no-url,,,0
maskaradkid_mod_articles_list2,1134,143,Полярный экспресс,http://video.rutube.ru/240a7a5a62bb90f2521cd7199dbe2b1b,,,,,1,1,other,,,0
maskaradkid_mod_articles_list2,1135,143,Снежная планета,http://video.rutube.ru/60d5bf1408289c167a795192a20c956a,,,,,1,2,other,,,0
maskaradkid_mod_articles_list2,1136,143,Белоснежка и семь гномов,http://video.rutube.ru/945453e7d45cc4c828a2d6a3458be590,,,,,1,4,other,,,0
maskaradkid_mod_articles_list2,1137,143,Пираты Карибского моря,http://video.rutube.ru/d268027d034d8799fce98cb50e4dbdd3,,,,,1,5,other,,,0
maskaradkid_mod_articles_list2,1138,143,Ледниковый период,http://video.rutube.ru/2251a577b0a923fb2a784845c1fabb06,,,,,1,6,other,,,0
maskaradkid_mod_articles_list2,1139,143,Золушка,http://video.rutube.ru/56b69489d0634f49d5102c54465848b6,,,,,1,7,other,,,0
maskaradkid_mod_articles_list2,1140,143,Алиса в стране чудес,http://video.rutube.ru/8402d24c3123b280c5f253f49235a897,,,,,1,8,other,,,0
maskaradkid_mod_articles_list2,1141,144,Декорация 4.5х2.5 метра,,,articles_listing1141_2.jpg,articles_listing1141_1.jpg,articles_listing1141.jpg,1,1,no-url,,,0
maskaradkid_mod_articles_list2,1142,140,Новогодняя ёлка,,,articles_listing1142_2.jpg,articles_listing1142_1.jpg,,1,3,no-url,,,0
maskaradkid_mod_articles_list2,1143,6,Новогоднее мероприятие для детей сотрудников РАТИОФАРМ,,,articles_listing1143_2.jpg,articles_listing1143_1.jpg,,1,25,no-url,,,0
maskaradkid_mod_articles_list2,1144,50,Фармацевтический гигант «РАТИОФАРМ»,,,articles_listing1144_2.jpg,articles_listing1144_1.jpg,,1,6,no-url,,,0
maskaradkid_mod_articles_list2,1145,50,Кира Пластинина стиль,,,articles_listing1145_2.jpg,articles_listing1145_1.jpg,,1,4,no-url,,,0
maskaradkid_mod_articles_list2,1146,50,Российские Железные Дороги,,,articles_listing1146_2.jpg,articles_listing1146_1.jpg,,1,3,no-url,,,0
maskaradkid_mod_articles_list2,1147,50,Гипермаркет «МЕТРО Кэш энд Керри»,,,articles_listing1147_2.jpg,articles_listing1147_1.jpg,,1,5,no-url,,,0
maskaradkid_mod_articles_list2,1148,112,Вагончик,,,articles_listing1148_2.jpg,articles_listing1148_1.jpg,articles_listing1148.jpg,1,7,no-url,,,0
maskaradkid_mod_articles_list2,1149,1,Школа волшебниц Винкс,/detskii-prazdnik/winx.html,"Школа волшебниц Винкс, детский праздник Winx club",articles_listing1149_2.jpg,articles_listing1149_1.jpg,articles_listing1149.jpg,1,32,show,,,0
maskaradkid_mod_articles_list2,1150,145,Анонс,,"Школа волшебниц Винкс, детский праздник Winx club",articles_listing1150_2.jpg,articles_listing1150_1.jpg,articles_listing1150.jpg,1,1,no-url,,,0
maskaradkid_mod_articles_list2,1151,145,Сценарий,,,,,,0,4,no-url,,,0
maskaradkid_mod_articles_list2,1152,145,Смета,,,,,,1,5,no-url,,,0
maskaradkid_mod_articles_list2,1153,1,Мэри Поппинс,/detskii-prazdnik/mary-poppins.html,"Мэри Поппинс, организация детского праздника, няня, мисс совершенство",articles_listing1153_2.jpg,articles_listing1153_1.jpg,articles_listing1153.jpg,1,33,show,,,0
maskaradkid_mod_articles_list2,1154,146,Анонс,,"Мэри Поппинс, организация детского праздника, няня, мисс совершенство",articles_listing1154_2.jpg,articles_listing1154_1.jpg,articles_listing1154.jpg,1,1,no-url,,,0
maskaradkid_mod_articles_list2,1155,146,Сценарий,,,,,,0,2,no-url,,,0
maskaradkid_mod_articles_list2,1156,146,Смета,,,,,,1,3,no-url,,,0
maskaradkid_mod_articles_list3,1,1,Золотой ключик,/detskii-prazdnik/zolotoi-klyuchik.html,"Золотой ключик, детский праздник, сказка с Буратино, Мальвина, Алиса, Базилио",articles_listing1_2.jpg,articles_listing1_1.jpg,listing1.jpg,1,45,show,,,0
maskaradkid_mod_articles_list3,3,1,Винни пух и все все все,/detskii-prazdnik/vinni-puh.html,"Винни пух и все все все: пятачок, ослик иа иа, умный кролик и сова",articles_listing3_2.jpg,articles_listing3_1.jpg,listing3.jpg,1,42,show,,,0
maskaradkid_mod_articles_list3,2,1,Сказка Шрека,/detskii-prazdnik/skazka-shreka.html,"Сказка Шрека, детский праздник, Феона, осел, волшебница, кот в сапогах, Шрек",articles_listing2_2.jpg,articles_listing2_1.jpg,listing2.jpg,1,119,show,,,0
maskaradkid_mod_articles_list3,4,1,Волшебная фея,/detskii-prazdnik/volshebnaya-feya.html,"Волшебная фея, детские праздники, детский праздник дома, детский день рождения, день рождения ребенка",articles_listing4_2.jpg,articles_listing4_1.jpg,listing4.jpg,1,125,show,,,0
maskaradkid_mod_articles_list3,7,1,Золушка,/detskii-prazdnik/zolushka.html,"Золушка, хрустальная туфелька, принц, фея и злая мачеха",articles_listing7_2.jpg,articles_listing7_1.jpg,articles_listing7.jpg,1,38,show,,,0
maskaradkid_mod_articles_list3,6,2,Оформление воздушными шарами,/detskie-uslugi/oformlenie-sharami.html,"Оформление воздушными шарами, украшение детского праздника",articles_listing6_2.jpg,articles_listing6_1.jpg,listing6.jpg,1,2,service,,,0
maskaradkid_mod_articles_list3,5,1,Ледниковый период,/detskii-prazdnik/lednikovyi-period.html,"Ледниковый период, Манфред, Сид, Диего, Элли и белка с орехом",articles_listing5_2.jpg,articles_listing5_1.jpg,articles_listing5.jpg,1,31,show,,,0
maskaradkid_mod_articles_list3,533,77,Сестрица,,,,articles_listing533_1.jpg,articles_listing533.jpg,1,8,no-url,,,0
maskaradkid_mod_articles_list3,534,77,Какой ужас,,,,articles_listing534_1.jpg,articles_listing534.jpg,0,9,no-url,,,0
maskaradkid_mod_articles_list3,535,77,Иду на бал,,,,articles_listing535_1.jpg,articles_listing535.jpg,1,10,no-url,,,0
maskaradkid_mod_articles_list3,983,98,portraits.su,http://www.karpovich.ru/wave/pr005.html,,,,,0,6,other,,,0
maskaradkid_mod_articles_list3,984,96,imperia-r.ru,http://www.nersys.ru/urls_partner_0.html,,,,,0,245,other,,,0
maskaradkid_mod_articles_list3,537,77,вот твое место,,,,articles_listing537_1.jpg,articles_listing537.jpg,0,12,no-url,,,0
maskaradkid_mod_articles_list3,545,86,Вперед к звездам,,,,articles_listing545_1.jpg,articles_listing545.jpg,1,11,no-url,,,0
maskaradkid_mod_articles_list3,8,3,Ребенок рождает родителей,,Ребенок рождает родителей,,,,1,1,no-url,,,0
maskaradkid_mod_articles_list3,9,3,"Родители - настолько простые устройства, что ими могут управлять даже дети.",,"Родители - настолько простые устройства, что ими могут управлять даже дети.",,,,1,7,no-url,,,0
maskaradkid_mod_articles_list3,10,3,Непросто поставить детей на ноги - особенно ранним утром.,,,,,,1,8,no-url,,,0
maskaradkid_mod_articles_list3,228,22,Фокус,,,,gallery_listing172_1.jpg,gallery_listing172.jpg,1,26,no-url,,,0
maskaradkid_mod_articles_list3,229,22,"А это, дети, квадрат",,,,gallery_listing173_1.jpg,gallery_listing173.jpg,1,27,no-url,,,0
maskaradkid_mod_articles_list3,230,22,Черный ящик в студию!,,,,gallery_listing174_1.jpg,gallery_listing174.jpg,1,28,no-url,,,0
maskaradkid_mod_articles_list3,231,22,Сим салабим!,,,,gallery_listing175_1.jpg,gallery_listing175.jpg,1,29,no-url,,,0
maskaradkid_mod_articles_list3,232,22,Аплодисменты маме,,,,gallery_listing176_1.jpg,gallery_listing176.jpg,1,30,no-url,,,0
maskaradkid_mod_articles_list3,233,22,Общее фото,,,,gallery_listing177_1.jpg,gallery_listing177.jpg,1,31,no-url,,,0
maskaradkid_mod_articles_list3,234,22,УРА!!!!,,,,gallery_listing178_1.jpg,gallery_listing178.jpg,1,32,no-url,,,0
maskaradkid_mod_articles_list3,235,22,Часовых дел мастер,,,,gallery_listing179_1.jpg,gallery_listing179.jpg,1,33,no-url,,,0
maskaradkid_mod_articles_list3,236,22,Праздничный торт от алисы,,,,gallery_listing180_1.jpg,gallery_listing180.jpg,1,34,no-url,,,0
maskaradkid_mod_articles_list3,237,22,Эйфория!,,,,gallery_listing181_1.jpg,gallery_listing181.jpg,1,35,no-url,,,0
maskaradkid_mod_articles_list3,238,23,"Кристофер Робин, Винни Пух и Пятачек",,,,gallery_listing182_1.jpg,gallery_listing182.jpg,1,1,no-url,,,0
maskaradkid_mod_articles_list3,239,23,Просто Пух,,,,gallery_listing183_1.jpg,gallery_listing183.jpg,1,2,no-url,,,0
maskaradkid_mod_articles_list3,240,25,Плюшки для Карлсона,,,,gallery_listing184_1.jpg,gallery_listing184.jpg,1,5,no-url,,,0
maskaradkid_mod_articles_list3,241,25,Ай да Карлсон - озорник!,,,,gallery_listing185_1.jpg,gallery_listing185.jpg,1,3,no-url,,,0
maskaradkid_mod_articles_list3,242,25,Обаятельная Фрекен Бок,,,,gallery_listing186_1.jpg,gallery_listing186.jpg,1,4,no-url,,,0
maskaradkid_mod_articles_list3,243,33,Одноглазый Пират,,,,gallery_listing187_1.jpg,gallery_listing187.jpg,0,3,no-url,,,0
maskaradkid_mod_articles_list3,244,33,Обаятельная Пиратка,,,,gallery_listing188_1.jpg,gallery_listing188.jpg,0,4,no-url,,,0
maskaradkid_mod_articles_list3,245,33,Пират и бутылка рома,,,,gallery_listing189_1.jpg,gallery_listing189.jpg,0,1,no-url,,,0
maskaradkid_mod_articles_list3,246,26,"Санта Клаус, Снеговики и Пингвины",,,,gallery_listing190_1.jpg,gallery_listing190.jpg,1,1,no-url,,,0
maskaradkid_mod_articles_list3,247,26,Снеговик Художник,,,,gallery_listing191_1.jpg,gallery_listing191.jpg,1,2,no-url,,,0
maskaradkid_mod_articles_list3,248,28,Клоун,,,,gallery_listing192_1.jpg,gallery_listing192.jpg,1,1,no-url,,,0
maskaradkid_mod_articles_list3,249,28,Цветочная роспись,,,,gallery_listing193_1.jpg,gallery_listing193.jpg,1,2,no-url,,,0
maskaradkid_mod_articles_list3,250,28,Хищница,,,,gallery_listing194_1.jpg,gallery_listing194.jpg,1,3,no-url,,,0
maskaradkid_mod_articles_list3,251,28,Мартовские коты,,,,gallery_listing195_1.jpg,gallery_listing195.jpg,1,4,no-url,,,0
maskaradkid_mod_articles_list3,252,28,Океан,,,,gallery_listing196_1.jpg,gallery_listing196.jpg,1,5,no-url,,,0
maskaradkid_mod_articles_list3,253,28,Эскимос,,,,gallery_listing197_1.jpg,gallery_listing197.jpg,1,6,no-url,,,0
maskaradkid_mod_articles_list3,254,28,Тигр,,,,gallery_listing198_1.jpg,gallery_listing198.jpg,1,7,no-url,,,0
maskaradkid_mod_articles_list3,255,28,Привидение,,,,gallery_listing199_1.jpg,gallery_listing199.jpg,1,8,no-url,,,0
maskaradkid_mod_articles_list3,256,28,Змея,,,,gallery_listing200_1.jpg,gallery_listing200.jpg,1,9,no-url,,,0
maskaradkid_mod_articles_list3,257,28,Кобра,,,,gallery_listing201_1.jpg,gallery_listing201.jpg,1,10,no-url,,,0
maskaradkid_mod_articles_list3,258,28,Щенок,,,,gallery_listing202_1.jpg,gallery_listing202.jpg,1,11,no-url,,,0
maskaradkid_mod_articles_list3,259,28,Закат,,,,gallery_listing203_1.jpg,gallery_listing203.jpg,1,12,no-url,,,0
maskaradkid_mod_articles_list3,263,29,Поздравляем с днём знаний!,,,,,,1,3,no-url,,,0
maskaradkid_mod_articles_list3,264,29,С праздником блинов масленицей!,,,,,,0,4,no-url,,,0
maskaradkid_mod_articles_list3,265,29,Поздравляем всех ребятишек с днем защиты детей!,,,,,,1,9,no-url,,,0
maskaradkid_mod_articles_list3,266,29,Поздравляем всех деток с наступлением Зимы!,,,,,,1,13,no-url,,,0
maskaradkid_mod_articles_list3,267,29,Поздравляем дорогих учителей с Международным Днем Учителя!,,,,,,1,14,no-url,,,0
maskaradkid_mod_articles_list3,268,29,Редизайн сайта театра детских праздников Маскарад,,,,,,1,15,no-url,,,0
maskaradkid_mod_articles_list3,279,37,Торт С днем рождения,,,,articles_listing279_1.jpg,,1,1,no-url,,,0
maskaradkid_mod_articles_list3,280,37,Торт Домик,,,,articles_listing280_1.jpg,,1,3,no-url,,,0
maskaradkid_mod_articles_list3,281,37,Торт Праздник,,,,articles_listing281_1.jpg,,1,4,no-url,,,0
maskaradkid_mod_articles_list3,270,30,ссылки,,,,,,1,1,no-url,,http://apteki-moscow.ru http://logistic.ru http://climatecontrol.ru http://sites.webrostov.ru http://musipusi.ru http://www.1magazin.net http://www.openmarket.ru http://www.tourpoisk.ru http://www.fanat.com.ua http://ww…,100000
maskaradkid_mod_articles_list3,271,34,Шрек великолепный,,,,articles_listing271_1.jpg,articles_listing271.jpg,1,1,no-url,,,0
maskaradkid_mod_articles_list3,272,34,Очаровательная Феона,,,,articles_listing272_1.jpg,articles_listing272.jpg,1,2,no-url,,,0
maskaradkid_mod_articles_list3,273,34,Летающий ослик,,,,articles_listing273_1.jpg,articles_listing273.jpg,1,3,no-url,,,0
maskaradkid_mod_articles_list3,274,34,Ласковый кот,,,,articles_listing274_1.jpg,articles_listing274.jpg,1,4,no-url,,,0
maskaradkid_mod_articles_list3,275,34,Кот без сопог,,,,articles_listing275_1.jpg,articles_listing275.jpg,1,5,no-url,,,0
maskaradkid_mod_articles_list3,276,34,Колдующая волшебница,,,,articles_listing276_1.jpg,articles_listing276.jpg,1,6,no-url,,,0
maskaradkid_mod_articles_list3,277,36,Буратино и Мальвина,,,,articles_listing277_1.jpg,articles_listing277.jpg,1,1,no-url,,,0
maskaradkid_mod_articles_list3,278,36,Прекрасная мальвина,,,,articles_listing278_1.jpg,articles_listing278.jpg,1,3,no-url,,,0
maskaradkid_mod_articles_list3,282,37,Торт Принцесса,,,,articles_listing282_1.jpg,,1,5,no-url,,,0
maskaradkid_mod_articles_list3,283,37,Торт На любой случай,,,,articles_listing283_1.jpg,,1,6,no-url,,,0
maskaradkid_mod_articles_list3,284,37,Торт Молодожены,,,,articles_listing284_1.jpg,,1,7,no-url,,,0
maskaradkid_mod_articles_list3,285,37,Торт Серпантин,,,,articles_listing285_1.jpg,,1,8,no-url,,,0
maskaradkid_mod_articles_list3,286,37,Торт Нежность,,,,articles_listing286_1.jpg,,1,9,no-url,,,0
maskaradkid_mod_articles_list3,287,37,Торт Лужайка,,,,articles_listing287_1.jpg,,1,10,no-url,,,0
maskaradkid_mod_articles_list3,288,37,Торт Именины,,,,articles_listing288_1.jpg,,1,11,no-url,,,0
maskaradkid_mod_articles_list3,289,37,Торт Лягушка,,,,articles_listing289_1.jpg,,1,12,no-url,,,0
maskaradkid_mod_articles_list3,290,37,Торт Футбольное поле,,,,articles_listing290_1.jpg,,1,13,no-url,,,0
maskaradkid_mod_articles_list3,291,37,Торт Кот,,,,articles_listing291_1.jpg,,1,14,no-url,,,0
maskaradkid_mod_articles_list3,292,37,Торт С новым годом,,,,articles_listing292_1.jpg,,1,15,no-url,,,0
maskaradkid_mod_articles_list3,293,37,Торт Дюймовочка,,,,articles_listing293_1.jpg,,1,16,no-url,,,0
maskaradkid_mod_articles_list3,294,37,Торт Пожарная машина,,,,articles_listing294_1.jpg,,1,17,no-url,,,0
maskaradkid_mod_articles_list3,295,37,Торт Муравей,,,,articles_listing295_1.jpg,,1,18,no-url,,,0
maskaradkid_mod_articles_list3,296,37,Торт Торжество,,,,articles_listing296_1.jpg,,1,19,no-url,,,0
maskaradkid_mod_articles_list3,297,37,Торт Тридевятое царство,,,,articles_listing297_1.jpg,,1,20,no-url,,,0
maskaradkid_mod_articles_list3,298,37,Торт Мерседес,,,,articles_listing298_1.jpg,,1,21,no-url,,,0
maskaradkid_mod_articles_list3,299,37,Торт Телекастер,,,,articles_listing299_1.jpg,,1,22,no-url,,,0
maskaradkid_mod_articles_list3,300,37,Торт Тыква,,,,articles_listing300_1.jpg,,1,23,no-url,,,0
maskaradkid_mod_articles_list3,301,37,Торт Полосатый котик,,,,articles_listing301_1.jpg,,1,24,no-url,,,0
maskaradkid_mod_articles_list3,302,37,Торт Барби,,,,articles_listing302_1.jpg,,1,25,no-url,,,0
maskaradkid_mod_articles_list3,303,37,Торт Черепашка ниндзя,,,,articles_listing303_1.jpg,,1,26,no-url,,,0
maskaradkid_mod_articles_list3,304,37,Торт Невеста,,,,articles_listing304_1.jpg,,1,27,no-url,,,0
maskaradkid_mod_articles_list3,305,37,Торт Машина,,,,articles_listing305_1.jpg,,1,28,no-url,,,0
maskaradkid_mod_articles_list3,306,37,Торт Девочка-машина,,,,articles_listing306_1.jpg,,1,29,no-url,,,0
maskaradkid_mod_articles_list3,307,37,Торт Лес Пол,,,,articles_listing307_1.jpg,,1,30,no-url,,,0
maskaradkid_mod_articles_list3,308,37,Торт Божья коровка,,,,articles_listing308_1.jpg,,1,31,no-url,,,0
maskaradkid_mod_articles_list3,309,37,Торт Колыбельная,,,,articles_listing309_1.jpg,,1,32,no-url,,,0
maskaradkid_mod_articles_list3,310,37,Торт Кролик,,,,articles_listing310_1.jpg,,1,33,no-url,,,0
maskaradkid_mod_articles_list3,311,37,Торт Крысобел,,,,articles_listing311_1.jpg,,1,34,no-url,,,0
maskaradkid_mod_articles_list3,312,37,Торт Львенок,,,,articles_listing312_1.jpg,,1,35,no-url,,,0
maskaradkid_mod_articles_list3,313,37,Торт Рыба,,,,articles_listing313_1.jpg,,1,36,no-url,,,0
maskaradkid_mod_articles_list3,314,37,Торт Кит,,,,articles_listing314_1.jpg,,1,37,no-url,,,0
maskaradkid_mod_articles_list3,315,37,Торт Кабан,,,,articles_listing315_1.jpg,,1,38,no-url,,,0
maskaradkid_mod_articles_list3,316,37,Торт Розовая Барби,,,,articles_listing316_1.jpg,,1,39,no-url,,,0
maskaradkid_mod_articles_list3,317,37,Торт Бегемот,,,,articles_listing317_1.jpg,,1,40,no-url,,,0
maskaradkid_mod_articles_list3,318,37,Торт Снеговик,,,,articles_listing318_1.jpg,,1,41,no-url,,,0
maskaradkid_mod_articles_list3,319,37,Торт Дед Мороз,,,,articles_listing319_1.jpg,,1,42,no-url,,,0
maskaradkid_mod_articles_list3,320,37,Торт Футбол,,,,articles_listing320_1.jpg,,1,43,no-url,,,0
maskaradkid_mod_articles_list3,321,37,Торт Игра,,,,articles_listing321_1.jpg,,1,44,no-url,,,0
maskaradkid_mod_articles_list3,322,37,Торт Паровоз,,,,articles_listing322_1.jpg,,1,45,no-url,,,0
maskaradkid_mod_articles_list3,323,37,Торт Мышка и сыр,,,,articles_listing323_1.jpg,,1,46,no-url,,,0
maskaradkid_mod_articles_list3,324,37,Торт Паутина,,,,articles_listing324_1.jpg,,1,47,no-url,,,0
maskaradkid_mod_articles_list3,325,2,Специальные эффекты,/detskie-uslugi/spetsialnye-effekty.html,"дым машина, снег машина, машина конфетти",articles_listing325_2.jpg,articles_listing325_1.jpg,articles_listing325.jpg,1,5,service,,"Таинственный замок, где томится сказочная принцесса, ожидая спасения, в который спешит прекрасный принц, но на пути его ждет огромный ров, внутри которого, изрыгая ядовитый дым, бурлит раскаленная лава, и огнедышащий др…",790
maskaradkid_mod_articles_list3,326,38,Праздничный салют,,,,articles_listing326_1.jpg,,1,1,no-url,,,0
maskaradkid_mod_articles_list3,327,38,Городское торжество,,,,articles_listing327_1.jpg,,1,2,no-url,,,0
maskaradkid_mod_articles_list3,328,38,Фейерверк,,,,articles_listing328_1.jpg,,1,3,no-url,,,0
maskaradkid_mod_articles_list3,334,40,Снег,,,,articles_listing334_1.jpg,articles_listing334.jpg,1,2,no-url,,,0
maskaradkid_mod_articles_list3,336,40,Мыльный пузырь,,,,articles_listing336_1.jpg,articles_listing336.jpg,1,3,no-url,,,0
maskaradkid_mod_articles_list3,337,41,Букет шаров,,,,articles_listing337_1.jpg,articles_listing337.jpg,1,1,no-url,,,0
maskaradkid_mod_articles_list3,338,41,полоса,,,,articles_listing338_1.jpg,articles_listing338.jpg,1,2,no-url,,,0
maskaradkid_mod_articles_list3,339,41,Воздушные шары,,,,articles_listing339_1.jpg,articles_listing339.jpg,1,3,no-url,,,0
maskaradkid_mod_articles_list3,343,43,Дым внутри,,,,articles_listing343_1.jpg,articles_listing343.jpg,1,1,no-url,,,0
maskaradkid_mod_articles_list3,344,43,Корона,,,,articles_listing344_1.jpg,articles_listing344.jpg,1,2,no-url,,,0
maskaradkid_mod_articles_list3,345,43,Мыльный дождь,,,,articles_listing345_1.jpg,articles_listing345.jpg,1,3,no-url,,,0
maskaradkid_mod_articles_list3,346,43,Мыльный мост,,,,articles_listing346_1.jpg,articles_listing346.jpg,1,4,no-url,,,0
maskaradkid_mod_articles_list3,347,43,Мыльное облако,,,,articles_listing347_1.jpg,articles_listing347.jpg,1,5,no-url,,,0
maskaradkid_mod_articles_list3,348,43,Мыльное покрывало,,,,articles_listing348_1.jpg,articles_listing348.jpg,1,6,no-url,,,0
maskaradkid_mod_articles_list3,349,43,Мыльная цепочка,,,,articles_listing349_1.jpg,articles_listing349.jpg,1,7,no-url,,,0
maskaradkid_mod_articles_list3,350,43,Мыльная радуга,,,,articles_listing350_1.jpg,articles_listing350.jpg,1,8,no-url,,,0
maskaradkid_mod_articles_list3,351,2,Дрессированые животные,/detskie-uslugi/dressirovanye-zhivotnye.html,,articles_listing351_2.jpg,articles_listing351_1.jpg,articles_listing351.jpg,1,7,service,,,0
maskaradkid_mod_articles_list3,352,19,Дрессированая собачка,,,,articles_listing352_1.jpg,articles_listing352.jpg,1,9,no-url,,,0
maskaradkid_mod_articles_list3,353,19,Почтовый голубь,,,,articles_listing353_1.jpg,articles_listing353.jpg,1,10,no-url,,,0
maskaradkid_mod_articles_list3,354,19,Рыжий кот,,,,articles_listing354_1.jpg,articles_listing354.jpg,1,11,no-url,,,0
maskaradkid_mod_articles_list3,355,19,Ловкий кот,,,,articles_listing355_1.jpg,articles_listing355.jpg,1,12,no-url,,,0
maskaradkid_mod_articles_list3,356,19,Белый голубь,,,,articles_listing356_1.jpg,articles_listing356.jpg,1,13,no-url,,,0
maskaradkid_mod_articles_list3,357,2,Фотосъемка,/detskie-uslugi/foto.html,,articles_listing357_2.jpg,articles_listing357_1.jpg,articles_listing357.jpg,1,8,service,,,0
maskaradkid_mod_articles_list3,358,2,Видеосъемка,/detskie-uslugi/video.html,,articles_listing358_2.jpg,articles_listing358_1.jpg,articles_listing358.jpg,1,9,service,,,0
maskaradkid_mod_articles_list3,359,7,Праздники в школе,/detskie-prazdniki/shkolnye-prazdniki.html,,articles_listing359_2.jpg,articles_listing359_1.jpg,articles_listing359.jpg,1,48,celebration,,,0
maskaradkid_mod_articles_list3,360,44,Питон,,,,articles_listing360_1.jpg,articles_listing360.jpg,1,1,no-url,,,0
maskaradkid_mod_articles_list3,361,44,Обезьянка на самокате,,,,articles_listing361_1.jpg,articles_listing361.jpg,1,2,no-url,,,0
maskaradkid_mod_articles_list3,362,44,Свинка,,,,articles_listing362_1.jpg,articles_listing362.jpg,1,3,no-url,,,0
maskaradkid_mod_articles_list3,363,44,Собака,,,,articles_listing363_1.jpg,articles_listing363.jpg,1,4,no-url,,,0
maskaradkid_mod_articles_list3,364,44,Свинка в красном,,,,articles_listing364_1.jpg,articles_listing364.jpg,1,5,no-url,,,0
maskaradkid_mod_articles_list3,365,44,Умная свинка,,,,articles_listing365_1.jpg,articles_listing365.jpg,1,6,no-url,,,0
maskaradkid_mod_articles_list3,366,44,Собака и дрессировщик,,,,articles_listing366_1.jpg,articles_listing366.jpg,1,7,no-url,,,0
maskaradkid_mod_articles_list3,367,44,Свинка играет в кегли,,,,articles_listing367_1.jpg,articles_listing367.jpg,1,8,no-url,,,0
maskaradkid_mod_articles_list3,368,44,Обруч и свинка,,,,articles_listing368_1.jpg,articles_listing368.jpg,1,9,no-url,,,0
maskaradkid_mod_articles_list3,369,44,Дрессированый питон,,,,articles_listing369_1.jpg,articles_listing369.jpg,1,10,no-url,,,0
maskaradkid_mod_articles_list3,370,44,Укращенная змея,,,,articles_listing370_1.jpg,articles_listing370.jpg,1,11,no-url,,,0
maskaradkid_mod_articles_list3,371,44,Крокодил,,,,articles_listing371_1.jpg,articles_listing371.jpg,1,12,no-url,,,0
maskaradkid_mod_articles_list3,372,50,BASF,,,articles_listing372_2.jpg,articles_listing372_1.gif,articles_listing372.gif,1,20,no-url,,,0
maskaradkid_mod_articles_list3,373,50,DHL,,,articles_listing373_2.jpg,articles_listing373_1.gif,articles_listing373.gif,1,21,no-url,,,0
maskaradkid_mod_articles_list3,374,50,Богемия-Люкс,,,articles_listing374_2.jpg,articles_listing374_1.gif,articles_listing374.gif,1,52,no-url,,,0
maskaradkid_mod_articles_list3,375,50,Международная Туристская Ярмарка,,,articles_listing375_2.jpg,articles_listing375_1.gif,articles_listing375.gif,1,53,no-url,,,0
maskaradkid_mod_articles_list3,378,50,Научный центр сердечно-сосудистой хирургии им. А.Н.Бакулева,,,articles_listing378_2.jpg,articles_listing378_1.gif,articles_listing378.gif,1,57,no-url,,,0
maskaradkid_mod_articles_list3,377,50,Управа района Южное Медведково города Москвы,,,articles_listing377_2.jpg,articles_listing377_1.gif,articles_listing377.gif,1,54,no-url,,,0
maskaradkid_mod_articles_list3,379,50,Паркет-Холл,,,articles_listing379_2.jpg,articles_listing379_1.gif,articles_listing379.gif,1,58,no-url,,,0
maskaradkid_mod_articles_list3,380,50,Студия Артемия Лебедева,,,articles_listing380_2.gif,articles_listing380_1.gif,articles_listing380.gif,1,61,no-url,,,0
maskaradkid_mod_articles_list3,381,50,Гостиница Новотель Москва-Центр,,,articles_listing381_2.jpg,articles_listing381_1.gif,articles_listing381.gif,1,62,no-url,,,0
maskaradkid_mod_articles_list3,382,7,Корпоративные детские праздники,/detskie-prazdniki/korporativnye-prazdniki.html,организация и проведение корпоративных детских праздников,articles_listing382_2.jpg,articles_listing382_1.jpg,articles_listing382.jpg,1,49,celebration,,,0
maskaradkid_mod_articles_list3,701,96,www.clouns.ru,http://www.clouns.ru/clouns/partners/links_1150379405_2.html,,,,,0,27,other,,,0
maskaradkid_mod_articles_list3,383,1,Белоснежка и семь гномов,/detskii-prazdnik/belosnezhka.html,Инерактивный детский спектакль Белоснежка и семь гномов,articles_listing383_2.jpg,articles_listing383_1.jpg,articles_listing383.jpg,1,30,show,,,0
maskaradkid_mod_articles_list3,384,43,Мыльная радуга,,,,articles_listing384_1.jpg,articles_listing384.jpg,1,9,no-url,,,0
maskaradkid_mod_articles_list3,385,43,Пузырь,,,,articles_listing385_1.jpg,articles_listing385.jpg,1,10,no-url,,,0
maskaradkid_mod_articles_list3,386,43,Мыльная колонна,,,,articles_listing386_1.jpg,articles_listing386.jpg,1,11,no-url,,,0
maskaradkid_mod_articles_list3,388,43,Королева пузырей,,,,articles_listing388_1.jpg,articles_listing388.jpg,1,13,no-url,,,0
maskaradkid_mod_articles_list3,389,43,Мыльный туман,,,,articles_listing389_1.jpg,articles_listing389.jpg,1,14,no-url,,,0
maskaradkid_mod_articles_list3,391,78,Мыльный костюм,,,,articles_listing391_1.jpg,articles_listing391.jpg,1,6,no-url,,,0
maskaradkid_mod_articles_list3,392,78,Наблюдаем чудо,,,,articles_listing392_1.jpg,articles_listing392.jpg,1,1,no-url,,,0
maskaradkid_mod_articles_list3,393,78,Торт от Маши Колесниковой,,,,articles_listing393_1.jpg,articles_listing393.jpg,0,3,no-url,,,0
maskaradkid_mod_articles_list3,394,78,Ваня Григорьев-Аполлонов и ежик Сема,,,,articles_listing394_1.jpg,articles_listing394.jpg,0,5,no-url,,,0
maskaradkid_mod_articles_list3,395,78,Аквагрим,,,,articles_listing395_1.jpg,articles_listing395.jpg,0,4,no-url,,,0
maskaradkid_mod_articles_list3,396,53,timeout,,,,,,1,23,no-url,,,0
maskaradkid_mod_articles_list3,398,78,"Гном, Андрей Малахов и Маликов",,"Гном, Андрей Малахов и Маликов",,articles_listing398_1.jpg,articles_listing398.jpg,1,2,no-url,,,0
maskaradkid_mod_articles_list3,399,1,Пятый элемент,/detskii-prazdnik/pyatyi-element.html,детский праздник по сценарю интерактивного спектакля Пятый элемент,articles_listing399_2.jpg,articles_listing399_1.jpg,articles_listing399.jpg,1,117,show,,,0
maskaradkid_mod_articles_list3,421,60,Смета,,,,,,1,2,no-url,,,0
maskaradkid_mod_articles_list3,400,1,Пираты карибского моря,/detkii-prazdnik/piraty-karibskogo-morya.html,,articles_listing400_2.jpg,articles_listing400_1.jpg,articles_listing400.jpg,1,124,show,,,0
maskaradkid_mod_articles_list3,420,60,Анонс,,,,articles_listing420_1.jpg,articles_listing420.jpg,1,1,no-url,,,0
maskaradkid_mod_articles_list3,401,76,В бой!,,,,articles_listing401_1.jpg,articles_listing401.jpg,1,1,no-url,,,0
maskaradkid_mod_articles_list3,402,76,"А карта то здесь, смекаешь?",,,,articles_listing402_1.jpg,articles_listing402.jpg,1,2,no-url,,,0
maskaradkid_mod_articles_list3,403,76,Команда,,,,articles_listing403_1.jpg,articles_listing403.jpg,1,3,no-url,,,0
maskaradkid_mod_articles_list3,404,1,Питер Пен,/detkii-prazdnik/piter-pen.html,Интерактивный спектакль Питер Пен,articles_listing404_2.jpg,articles_listing404_1.jpg,articles_listing404.jpg,1,41,show,,,0
maskaradkid_mod_articles_list3,538,86,Питер и Динь,,,,articles_listing538_1.jpg,articles_listing538.jpg,1,1,no-url,,,0
maskaradkid_mod_articles_list3,539,86,Веселый питер Пен и Динь,,,,articles_listing539_1.jpg,articles_listing539.jpg,1,3,no-url,,,0
maskaradkid_mod_articles_list3,540,86,Питер помолчи немного,,,,articles_listing540_1.jpg,articles_listing540.jpg,1,4,no-url,,,0
maskaradkid_mod_articles_list3,541,86,Звездная пыль,,,,articles_listing541_1.jpg,articles_listing541.jpg,1,5,no-url,,,0
maskaradkid_mod_articles_list3,542,86,Летающий Питер,,,,articles_listing542_1.jpg,articles_listing542.jpg,1,6,no-url,,,0
maskaradkid_mod_articles_list3,543,86,"Приземляйся, Питер!",,,,articles_listing543_1.jpg,articles_listing543.jpg,1,7,no-url,,,0
maskaradkid_mod_articles_list3,544,86,Как это у меня поучилось?,,,,articles_listing544_1.jpg,articles_listing544.jpg,1,10,no-url,,,0
maskaradkid_mod_articles_list3,417,59,Анонс,,детский праздник по сценарию интерактивного праздника Незнайка,,articles_listing417_1.jpg,articles_listing417.jpg,1,1,no-url,,,0
maskaradkid_mod_articles_list3,405,55,Анонс,,,,articles_listing405_1.jpg,articles_listing405.jpg,1,1,no-url,,,0
maskaradkid_mod_articles_list3,406,55,Сценарий,,,,,,1,2,no-url,,,0
maskaradkid_mod_articles_list3,407,55,Смета,,,,,,1,3,no-url,,,0
maskaradkid_mod_articles_list3,590,94,Мардж,,,,articles_listing590_1.jpg,articles_listing590.jpg,0,3,no-url,,,0
maskaradkid_mod_articles_list3,408,58,Анонс,,,,articles_listing408_1.jpg,articles_listing408.jpg,1,1,no-url,,,0
maskaradkid_mod_articles_list3,409,58,Сценарий,,,,,,1,2,no-url,,,0
maskaradkid_mod_articles_list3,410,58,Смета,,,,,,1,3,no-url,,,0
maskaradkid_mod_articles_list3,411,57,Анонс,,,,articles_listing411_1.jpg,articles_listing411.jpg,1,1,no-url,,,0
maskaradkid_mod_articles_list3,412,57,Сценарий,,,,,,1,3,no-url,,Сценарий: Знакомство с Венди . Театральная сценка. Раскрывает образ Венди . Готовит участников к приключениям и знакомству с Питером Пеном . Знакомство с Питером Пеном . Театральная сценка. Раскрывает образ Питера Пена…,1214
maskaradkid_mod_articles_list3,413,57,Смета,,,,,,1,4,no-url,,,0
maskaradkid_mod_articles_list3,414,56,Анонс,,,,articles_listing414_1.jpg,articles_listing414.jpg,1,1,no-url,,,0
maskaradkid_mod_articles_list3,415,56,Сценарий,,,,,,1,3,no-url,,,0
maskaradkid_mod_articles_list3,416,56,Смета,,,,,,1,4,no-url,,,0
maskaradkid_mod_articles_list3,418,1,Незнайка в цветочном городе,/detkii-prazdnik/neznaika-v-tsvetochnom-gorode.html,детский праздник по сценарию интерактивного праздника Незнайка,articles_listing418_2.jpg,articles_listing418_1.jpg,articles_listing418.jpg,0,127,show,,,0
maskaradkid_mod_articles_list3,419,59,Смета,,,,,,1,2,no-url,,,0
maskaradkid_mod_articles_list3,422,62,Анонс,,,,articles_listing422_1.jpg,articles_listing422.jpg,1,1,no-url,,,0
maskaradkid_mod_articles_list3,423,62,Смета,,,,,,1,2,no-url,,,0
maskaradkid_mod_articles_list3,424,63,Анонс,,,,articles_listing424_1.jpg,articles_listing424.jpg,1,1,no-url,,,0
maskaradkid_mod_articles_list3,425,63,Смета,,,,,,1,2,no-url,,,0
maskaradkid_mod_articles_list3,433,67,Смета,,,,,,1,2,no-url,,,0
maskaradkid_mod_articles_list3,427,64,Анонс,,,,articles_listing427_1.jpg,articles_listing427.jpg,1,1,no-url,,,0
maskaradkid_mod_articles_list3,428,64,Смета,,,,,,1,2,no-url,,,0
maskaradkid_mod_articles_list3,429,65,Анонс,,,,articles_listing429_1.jpg,articles_listing429.jpg,1,1,no-url,,,0
maskaradkid_mod_articles_list3,430,65,Смета,,,,,,1,2,no-url,,,0
maskaradkid_mod_articles_list3,431,66,Смета,,,,,,1,2,no-url,,,0
maskaradkid_mod_articles_list3,432,66,Анонс,,,,articles_listing432_1.jpg,articles_listing432.jpg,1,1,no-url,,,0
maskaradkid_mod_articles_list3,434,67,Анонс,,,,articles_listing434_1.jpg,articles_listing434.jpg,1,1,no-url,,,0
maskaradkid_mod_articles_list3,435,68,Анонс,,,,articles_listing435_1.jpg,articles_listing435.jpg,1,1,no-url,,,0
maskaradkid_mod_articles_list3,436,68,Смета,,,,,,1,2,no-url,,,0
maskaradkid_mod_articles_list3,437,69,Анонс,,,,articles_listing437_1.jpg,articles_listing437.jpg,1,1,no-url,,,0
maskaradkid_mod_articles_list3,438,69,Смета,,,,,,1,2,no-url,,,0
maskaradkid_mod_articles_list3,439,70,Анонс,,,,articles_listing439_1.jpg,articles_listing439.jpg,1,1,no-url,,,0
maskaradkid_mod_articles_list3,440,70,Смета,,,,,,1,2,no-url,,,0
maskaradkid_mod_articles_list3,441,71,Анонс,,,articles_listing441_2.jpg,articles_listing441_1.jpg,articles_listing441.jpg,1,1,no-url,,,0
maskaradkid_mod_articles_list3,442,71,Смета,,,,,,1,6,no-url,,,0
maskaradkid_mod_articles_list3,443,23,Винни и Пятачок,,,,articles_listing443_1.jpg,articles_listing443.jpg,1,3,no-url,,,0
maskaradkid_mod_articles_list3,444,23,Ослик,,,,articles_listing444_1.jpg,articles_listing444.jpg,1,4,no-url,,,0
maskaradkid_mod_articles_list3,445,72,Ежик и грибы,,,,articles_listing445_1.jpg,articles_listing445.jpg,1,1,no-url,,,0
maskaradkid_mod_articles_list3,446,72,Ежик в березовом лесу,,,,articles_listing446_1.jpg,articles_listing446.jpg,1,2,no-url,,,0
maskaradkid_mod_articles_list3,447,44,Ежик на самокате,,,,articles_listing447_1.jpg,articles_listing447.jpg,1,13,no-url,,,0
maskaradkid_mod_articles_list3,448,73,Смета,,,,,,1,2,no-url,,,0
maskaradkid_mod_articles_list3,449,73,Анонс,,,,articles_listing449_1.jpg,articles_listing449.jpg,1,1,no-url,,,0
maskaradkid_mod_articles_list3,450,74,Аппосумы и Белка,,,,articles_listing450_1.jpg,articles_listing450.jpg,1,1,no-url,,,0
maskaradkid_mod_articles_list3,451,74,Веселые аппосумы,,,,articles_listing451_1.jpg,articles_listing451.jpg,1,2,no-url,,,0
maskaradkid_mod_articles_list3,452,74,Два аппосума,,,,articles_listing452_1.jpg,articles_listing452.jpg,1,3,no-url,,,0
maskaradkid_mod_articles_list3,453,74,Сид и Белка,,,,articles_listing453_1.jpg,articles_listing453.jpg,1,4,no-url,,,0
maskaradkid_mod_articles_list3,454,74,Аппосум,,,,articles_listing454_1.jpg,articles_listing454.jpg,1,5,no-url,,,0
maskaradkid_mod_articles_list3,455,74,Белка,,,,articles_listing455_1.jpg,articles_listing455.jpg,1,6,no-url,,,0
maskaradkid_mod_articles_list3,456,6,Белоснежка и семь гномов для STARhit,,,articles_listing456_2.jpg,articles_listing456_1.jpg,articles_listing456.jpg,1,22,no-url,,,0
maskaradkid_mod_articles_list3,457,7,Выпускной праздник,,,,articles_listing457_1.gif,articles_listing457.gif,0,47,no-url,,,0
maskaradkid_mod_articles_list3,458,75,Выпускной праздник для 11 класса,/detskie-prazdniki/vypusknoi/starsheklassniki.html,,,articles_listing458_1.gif,articles_listing458.gif,0,1,celebration,,,0
maskaradkid_mod_articles_list3,459,75,Выпускной праздник для начальных классов,/detskie-prazdniki/vypusknoi/mladsheklassniki.html,,,articles_listing459_1.gif,articles_listing459.gif,1,2,celebration,,,0
maskaradkid_mod_articles_list3,460,75,Выпускной праздник для детского сада,/detskie-prazdniki/vypusknoi/detskii-sad.html,,,articles_listing460_1.gif,articles_listing460.gif,1,3,celebration,,,0
maskaradkid_mod_articles_list3,461,71,Сценарий,,,,,,1,5,no-url,,,0
maskaradkid_mod_articles_list3,462,54,Джек,,,,articles_listing462_1.jpg,articles_listing462.jpg,1,1,no-url,,,0
maskaradkid_mod_articles_list3,463,54,Запарило,,,,articles_listing463_1.jpg,articles_listing463.jpg,1,2,no-url,,,0
maskaradkid_mod_articles_list3,464,54,В ушко,,,,articles_listing464_1.jpg,articles_listing464.jpg,1,3,no-url,,,0
maskaradkid_mod_articles_list3,465,54,Джек Воробей,,,,articles_listing465_1.jpg,articles_listing465.jpg,1,4,no-url,,,0
maskaradkid_mod_articles_list3,466,54,Элизабет,,,,articles_listing466_1.jpg,articles_listing466.jpg,1,5,no-url,,,0
maskaradkid_mod_articles_list3,467,54,Сокровища,,,,articles_listing467_1.jpg,articles_listing467.jpg,1,6,no-url,,,0
maskaradkid_mod_articles_list3,468,77,Мечтающий принц,,,,articles_listing468_1.jpg,articles_listing468.jpg,1,1,no-url,,,0
maskaradkid_mod_articles_list3,469,77,Как же хороша!,,,,articles_listing469_1.jpg,articles_listing469.jpg,1,2,no-url,,,0
maskaradkid_mod_articles_list3,470,77,Манящий принц,,,,articles_listing470_1.jpg,articles_listing470.jpg,1,3,no-url,,,0
maskaradkid_mod_articles_list3,471,77,Старшая сестра,,,,articles_listing471_1.jpg,articles_listing471.jpg,0,4,no-url,,,0
maskaradkid_mod_articles_list3,472,77,Вот вам всем,,,,articles_listing472_1.jpg,articles_listing472.jpg,0,5,no-url,,,0
maskaradkid_mod_articles_list3,473,77,Мачеха,,,,articles_listing473_1.jpg,articles_listing473.jpg,0,6,no-url,,,0
maskaradkid_mod_articles_list3,474,77,Знай свое место,,,,articles_listing474_1.jpg,articles_listing474.jpg,1,7,no-url,,,0
maskaradkid_mod_articles_list3,475,52,Белоснежка и два гнома,,,,articles_listing475_1.jpg,articles_listing475.jpg,1,1,no-url,,,0
maskaradkid_mod_articles_list3,476,52,Белоснежка и фонарик,,,,articles_listing476_1.jpg,articles_listing476.jpg,1,2,no-url,,,0
maskaradkid_mod_articles_list3,477,52,Ворчуня,,,,articles_listing477_1.jpg,articles_listing477.jpg,1,3,no-url,,,0
maskaradkid_mod_articles_list3,478,52,Весельчак,,,,articles_listing478_1.jpg,articles_listing478.jpg,1,4,no-url,,,0
maskaradkid_mod_articles_list3,479,52,Умник,,,,articles_listing479_1.jpg,articles_listing479.jpg,1,5,no-url,,,0
maskaradkid_mod_articles_list3,480,52,Соня,,,,articles_listing480_1.jpg,articles_listing480.jpg,1,6,no-url,,,0
maskaradkid_mod_articles_list3,481,52,Простачек,,,,articles_listing481_1.jpg,articles_listing481.jpg,1,7,no-url,,,0
maskaradkid_mod_articles_list3,482,52,Белоснежка,,,,articles_listing482_1.jpg,articles_listing482.jpg,1,8,no-url,,,0
maskaradkid_mod_articles_list3,483,52,Белоснежка с фонариком,,,,articles_listing483_1.jpg,articles_listing483.jpg,1,9,no-url,,,0
maskaradkid_mod_articles_list3,484,52,Белоснежка и семь гномов,,,,articles_listing484_1.jpg,articles_listing484.jpg,1,10,no-url,,,0
maskaradkid_mod_articles_list3,485,33,Пираты,,,,articles_listing485_1.jpg,articles_listing485.jpg,1,5,no-url,,,0
maskaradkid_mod_articles_list3,486,33,Ром,,,,articles_listing486_1.jpg,articles_listing486.jpg,1,6,no-url,,,0
maskaradkid_mod_articles_list3,487,33,Никто не получит,,,,articles_listing487_1.jpg,articles_listing487.jpg,1,7,no-url,,,0
maskaradkid_mod_articles_list3,488,33,Что там впереди,,,,articles_listing488_1.jpg,articles_listing488.jpg,1,8,no-url,,,0
maskaradkid_mod_articles_list3,489,33,Джим и пират,,,,articles_listing489_1.jpg,articles_listing489.jpg,1,9,no-url,,,0
maskaradkid_mod_articles_list3,490,33,Джим Хоккинс,,,,articles_listing490_1.jpg,articles_listing490.jpg,1,10,no-url,,,0
maskaradkid_mod_articles_list3,491,79,Больше так не будешь,,,,articles_listing491_1.jpg,articles_listing491.jpg,1,1,no-url,,,0
maskaradkid_mod_articles_list3,492,79,Карлсон,,,,articles_listing492_1.jpg,articles_listing492.jpg,1,2,no-url,,,0
maskaradkid_mod_articles_list3,493,79,Вот мой пропеллер,,,,articles_listing493_1.jpg,articles_listing493.jpg,1,3,no-url,,,0
maskaradkid_mod_articles_list3,494,79,Фрекенбок,,,,articles_listing494_1.jpg,articles_listing494.jpg,1,4,no-url,,,0
maskaradkid_mod_articles_list3,495,79,Карлсон и Фрекенбок,,,,articles_listing495_1.jpg,articles_listing495.jpg,1,5,no-url,,,0
maskaradkid_mod_articles_list3,496,79,В каком ухе у меня жужжит?,,,,articles_listing496_1.jpg,articles_listing496.jpg,1,6,no-url,,,0
maskaradkid_mod_articles_list3,497,80,Певунья,,,,articles_listing497_1.jpg,articles_listing497.jpg,1,1,no-url,,,0
maskaradkid_mod_articles_list3,498,80,Инопланетянка,,,,articles_listing498_1.jpg,articles_listing498.jpg,1,3,no-url,,,0
maskaradkid_mod_articles_list3,499,80,Утонченная инопланетянка,,,,articles_listing499_1.jpg,articles_listing499.jpg,1,5,no-url,,,0
maskaradkid_mod_articles_list3,500,80,Громогласная певунья,,,,articles_listing500_1.jpg,articles_listing500.jpg,1,6,no-url,,,0
maskaradkid_mod_articles_list3,501,1,Алладин и Жасмин,/detkii-prazdnik/alladin-zhasmin.html,детский праздник по сценарию интерактивного спектакля Алладин и Жасмин,articles_listing501_2.jpg,articles_listing501_1.jpg,articles_listing501.jpg,1,118,show,,,0
maskaradkid_mod_articles_list3,502,81,Анонс,,детский праздник по сценарию интерактивного спектакля Алладин и Жасмин,,articles_listing502_1.jpg,articles_listing502.jpg,1,1,no-url,,,0
maskaradkid_mod_articles_list3,503,81,Смета,,,,,,1,2,no-url,,,0
maskaradkid_mod_articles_list3,504,82,Алладин с лампой,,,,articles_listing504_1.jpg,articles_listing504.jpg,1,1,no-url,,,0
maskaradkid_mod_articles_list3,505,82,Алладин трет лампу,,,,articles_listing505_1.jpg,articles_listing505.jpg,1,2,no-url,,,0
maskaradkid_mod_articles_list3,506,82,Зубами лампу,,,,articles_listing506_1.jpg,articles_listing506.jpg,1,3,no-url,,,0
maskaradkid_mod_articles_list3,507,82,лампа обшее счастье,,,,articles_listing507_1.jpg,articles_listing507.jpg,1,4,no-url,,,0
maskaradkid_mod_articles_list3,508,82,она наша,,,,articles_listing508_1.jpg,articles_listing508.jpg,1,5,no-url,,,0
maskaradkid_mod_articles_list3,509,82,Жасмин,,,,articles_listing509_1.jpg,articles_listing509.jpg,1,11,no-url,,,0
maskaradkid_mod_articles_list3,510,82,Жимин жестока,,,,articles_listing510_1.jpg,articles_listing510.jpg,1,12,no-url,,,0
maskaradkid_mod_articles_list3,511,82,Мы с востока,,,,articles_listing511_1.jpg,articles_listing511.jpg,1,13,no-url,,,0
maskaradkid_mod_articles_list3,512,83,ссылки_allsubmitter,,,,,,1,1,no-url,,http://individu.valuehost.ru http://www.essko.ru http://labokka.org.ua http://inter-cat.net http://catalog.klasstour.ru http://lookfor.ws http://uoziod.ru http://catalog.elgrad.net http://free.westtrade.ru http://rating…,100000
maskaradkid_mod_articles_list3,513,84,Что это?,,,,articles_listing513_1.jpg,articles_listing513.jpg,1,1,no-url,,,0
maskaradkid_mod_articles_list3,514,84,Очень радостные эльфы,,,,articles_listing514_1.jpg,articles_listing514.jpg,1,2,no-url,,,0
maskaradkid_mod_articles_list3,515,84,Что там на горизонте?,,,,articles_listing515_1.jpg,articles_listing515.jpg,1,3,no-url,,,0
maskaradkid_mod_articles_list3,516,84,Вот и ты,,,,articles_listing516_1.jpg,articles_listing516.jpg,1,4,no-url,,,0
maskaradkid_mod_articles_list3,517,84,Крадущиеся эльфы,,,,articles_listing517_1.jpg,articles_listing517.jpg,1,5,no-url,,,0
maskaradkid_mod_articles_list3,518,84,Ты что здесь делаешь?,,,,articles_listing518_1.jpg,articles_listing518.jpg,1,6,no-url,,,0
maskaradkid_mod_articles_list3,519,84,Весело,,,,articles_listing519_1.jpg,articles_listing519.jpg,1,7,no-url,,,0
maskaradkid_mod_articles_list3,520,84,Эльфы,,,,articles_listing520_1.jpg,articles_listing520.jpg,1,8,no-url,,,0
maskaradkid_mod_articles_list3,521,84,Эльфы вперед,,,,articles_listing521_1.jpg,articles_listing521.jpg,1,9,no-url,,,0
maskaradkid_mod_articles_list3,522,85,Белка и орех,,,,articles_listing522_1.jpg,articles_listing522.jpg,1,1,no-url,,,0
maskaradkid_mod_articles_list3,523,85,Вкусный орех,,,,articles_listing523_1.jpg,articles_listing523.jpg,1,2,no-url,,,0
maskaradkid_mod_articles_list3,524,85,Белка,,,,articles_listing524_1.jpg,articles_listing524.jpg,1,3,no-url,,,0
maskaradkid_mod_articles_list3,525,85,Не отдам,,,,articles_listing525_1.jpg,articles_listing525.jpg,1,4,no-url,,,0
maskaradkid_mod_articles_list3,526,85,Белка и Сид,,,,articles_listing526_1.jpg,articles_listing526.jpg,1,5,no-url,,,0
maskaradkid_mod_articles_list3,527,85,Один на один,,,,articles_listing527_1.jpg,articles_listing527.jpg,1,6,no-url,,,0
maskaradkid_mod_articles_list3,528,85,верни обратно,,,,articles_listing528_1.jpg,articles_listing528.jpg,1,7,no-url,,,0
maskaradkid_mod_articles_list3,529,85,Белка и Сид дерутся за орех,,,,articles_listing529_1.jpg,articles_listing529.jpg,1,8,no-url,,,0
maskaradkid_mod_articles_list3,530,85,Вся компания,,,,articles_listing530_1.jpg,articles_listing530.jpg,1,9,no-url,,,0
maskaradkid_mod_articles_list3,531,85,Сид и аппосум,,,,articles_listing531_1.jpg,articles_listing531.jpg,1,10,no-url,,,0
maskaradkid_mod_articles_list3,532,85,веселье,,,,articles_listing532_1.jpg,articles_listing532.jpg,1,11,no-url,,,0
maskaradkid_mod_articles_list3,546,86,Непривычно летать,,,,articles_listing546_1.jpg,articles_listing546.jpg,1,12,no-url,,,0
maskaradkid_mod_articles_list3,547,86,Звездная пыль,,,,articles_listing547_1.jpg,articles_listing547.jpg,1,19,no-url,,,0
maskaradkid_mod_articles_list3,548,86,"Тяжело, Динь!",,,,articles_listing548_1.jpg,articles_listing548.jpg,1,20,no-url,,,0
maskaradkid_mod_articles_list3,549,86,Питер Пен,,,,articles_listing549_1.jpg,articles_listing549.jpg,1,21,no-url,,,0
maskaradkid_mod_articles_list3,550,36,Дважды два четыре,,,,articles_listing550_1.jpg,articles_listing550.jpg,1,4,no-url,,,0
maskaradkid_mod_articles_list3,551,36,Ой какой кошмар,,,,articles_listing551_1.jpg,articles_listing551.jpg,1,5,no-url,,,0
maskaradkid_mod_articles_list3,552,36,Мальвина,,,,articles_listing552_1.jpg,articles_listing552.jpg,1,6,no-url,,,0
maskaradkid_mod_articles_list3,553,36,Хлопаем в ладоши,,,,articles_listing553_1.jpg,articles_listing553.jpg,1,7,no-url,,,0
maskaradkid_mod_articles_list3,554,2,Образовательные праздники,/detskie-prazdniki/obrazovatelnye-prazdniki.html,,articles_listing554_2.jpg,articles_listing554_1.jpg,articles_listing554.jpg,1,10,celebration,,,0
maskaradkid_mod_articles_list3,555,87,Ультрафиолет,,,,articles_listing555_1.jpg,articles_listing555.jpg,1,1,no-url,,,0
maskaradkid_mod_articles_list3,556,87,Клубы дыма,,,,articles_listing556_1.jpg,articles_listing556.jpg,1,2,no-url,,,0
maskaradkid_mod_articles_list3,557,87,Электрический шар,,,,articles_listing557_1.jpg,articles_listing557.jpg,1,3,no-url,,,0
maskaradkid_mod_articles_list3,558,88,Внимание,,,,articles_listing558_1.jpg,articles_listing558.jpg,1,1,no-url,,,0
maskaradkid_mod_articles_list3,559,88,Интересный конус,,,,articles_listing559_1.jpg,articles_listing559.jpg,1,2,no-url,,,0
maskaradkid_mod_articles_list3,560,88,Сумашедший химик,,,,articles_listing560_1.jpg,articles_listing560.jpg,1,3,no-url,,,0
maskaradkid_mod_articles_list3,561,88,Опыт,,,,articles_listing561_1.jpg,articles_listing561.jpg,1,4,no-url,,,0
maskaradkid_mod_articles_list3,562,88,Надуваем,,,,articles_listing562_1.jpg,articles_listing562.jpg,1,5,no-url,,,0
maskaradkid_mod_articles_list3,563,88,Делаем вату,,,,articles_listing563_1.jpg,articles_listing563.jpg,1,6,no-url,,,0
maskaradkid_mod_articles_list3,564,2,Аренда теплоходов,/detskie-uslugi/arenda-teplohodov.html,,articles_listing564_2.jpg,articles_listing564_1.jpg,articles_listing564.jpg,1,15,service,,,0
maskaradkid_mod_articles_list3,565,91,Алегрия,,,,articles_listing565_1.jpg,articles_listing565.jpg,1,1,no-url,,,0
maskaradkid_mod_articles_list3,566,91,Дельфин,,,,articles_listing566_1.jpg,articles_listing566.jpg,1,2,no-url,,,0
maskaradkid_mod_articles_list3,567,91,Кармель,,,,articles_listing567_1.jpg,articles_listing567.jpg,1,3,no-url,,,0
maskaradkid_mod_articles_list3,568,91,Москвич,,,,articles_listing568_1.jpg,articles_listing568.jpg,1,4,no-url,,,0
maskaradkid_mod_articles_list3,569,91,Симфония,,,,articles_listing569_1.jpg,articles_listing569.jpg,1,5,no-url,,,0
maskaradkid_mod_articles_list3,570,2,Аттракционы,/detskie-uslugi/attraktsiony.html,,articles_listing570_2.jpg,articles_listing570_1.jpg,articles_listing570.jpg,1,16,service,,,0
maskaradkid_mod_articles_list3,571,90,Надувной дом,,,,articles_listing571_1.jpg,articles_listing571.jpg,1,1,no-url,,,0
maskaradkid_mod_articles_list3,572,90,Надувная замок,,,,articles_listing572_1.jpg,articles_listing572.jpg,1,2,no-url,,,0
maskaradkid_mod_articles_list3,573,90,Полоса препядствий,,,,articles_listing573_1.jpg,articles_listing573.jpg,1,3,no-url,,,0
maskaradkid_mod_articles_list3,574,90,Лыжи,,,,articles_listing574_1.jpg,articles_listing574.jpg,1,4,no-url,,,0
maskaradkid_mod_articles_list3,575,2,Кейтеринг,/detskie-uslugi/keitering.html,,articles_listing575_2.jpg,articles_listing575_1.jpg,articles_listing575.jpg,1,17,service,,,0
maskaradkid_mod_articles_list3,576,92,Кейтеринг на концерте,,,,articles_listing576_1.jpg,articles_listing576.jpg,1,1,no-url,,,0
maskaradkid_mod_articles_list3,577,92,Стена из стаканов,,,,articles_listing577_1.jpg,articles_listing577.jpg,1,2,no-url,,,0
maskaradkid_mod_articles_list3,578,92,Праздничный кейтеринг,,,,articles_listing578_1.jpg,articles_listing578.jpg,1,3,no-url,,,0
maskaradkid_mod_articles_list3,579,92,Массовый кейтеринг,,,,articles_listing579_1.jpg,articles_listing579.jpg,1,4,no-url,,,0
maskaradkid_mod_articles_list3,580,92,Кейтеринг на природе,,,,articles_listing580_1.jpg,articles_listing580.jpg,1,5,no-url,,,0
maskaradkid_mod_articles_list3,581,92,Кейтеринг в лесу,,,,articles_listing581_1.jpg,articles_listing581.jpg,1,6,no-url,,,0
maskaradkid_mod_articles_list3,582,29,НОВЫЙ спектакль СИМПСОНЫ!,,,,,,1,16,no-url,,,0
maskaradkid_mod_articles_list3,583,6,Благодарность фее «Динь-динь» и Питеру Пену!,,,,,,1,21,no-url,,,0
maskaradkid_mod_articles_list3,584,1,Симпсоны,/detskii-prazdnik/simpsony.html,"Детский спектакль Симпсоны - Барт и Лиза, Гомер и Мардж",articles_listing584_2.jpg,articles_listing584_1.jpg,articles_listing584.jpg,1,36,show,,,0
maskaradkid_mod_articles_list3,585,93,Анонс,,"Симпсоны, Гомер и Мардж, Лиза и Барт",articles_listing585_2.jpg,articles_listing585_1.jpg,articles_listing585.jpg,1,1,no-url,,,0
maskaradkid_mod_articles_list3,586,93,Сценарий,,,,,,0,4,no-url,,,0
maskaradkid_mod_articles_list3,587,93,Смета,,,,,,1,5,no-url,,,0
maskaradkid_mod_articles_list3,588,94,Лиза и Барт,,,,articles_listing588_1.jpg,articles_listing588.jpg,0,1,no-url,,,0
maskaradkid_mod_articles_list3,589,94,Гомер и Мардж,,,,articles_listing589_1.jpg,articles_listing589.jpg,0,2,no-url,,,0
maskaradkid_mod_articles_list3,592,4,Партнеры,,,,,,1,3,no-url,,,0
maskaradkid_mod_articles_list3,682,104,"проведение детских праздников, детский праздник в новый год",,,,,,1,1,no-url,,,0
maskaradkid_mod_articles_list3,681,104,"проведение детских праздников, детский праздник 8 марта",,,,,,1,1,no-url,,,0
maskaradkid_mod_articles_list3,680,104,"проведение детских праздников, выпускной в школе",,,,,,1,1,no-url,,,0
maskaradkid_mod_articles_list3,679,104,"проведение детских праздников, выпускной в детском саду",,,,,,1,1,no-url,,,0
maskaradkid_mod_articles_list3,678,104,"проведение детских праздников, выпускной праздник",,,,,,1,1,no-url,,,0
maskaradkid_mod_articles_list3,677,104,"проведение детских праздников, праздник в детском саду",,,,,,1,1,no-url,,,0
maskaradkid_mod_articles_list3,676,104,"проведение детских праздников, детский праздник в Москве",,,,,,1,1,no-url,,,0
maskaradkid_mod_articles_list3,675,104,"проведение детских праздников, детский сад праздник",,,,,,1,1,no-url,,,0
maskaradkid_mod_articles_list3,674,104,"проведение детских праздников, детский день рождения",,,,,,1,1,no-url,,,0
maskaradkid_mod_articles_list3,673,104,"проведение детских праздников, день рождения ребенка",,,,,,1,1,no-url,,,0
maskaradkid_mod_articles_list3,672,104,"организация детских праздников, детский праздник 23 февраля",,,,,,1,1,no-url,,,0
maskaradkid_mod_articles_list3,671,104,"организация детских праздников, масленица",,,,,,1,1,no-url,,,0
maskaradkid_mod_articles_list3,670,104,"организация детских праздников, дед мороз и снегурочка",,,,,,1,1,no-url,,,0
maskaradkid_mod_articles_list3,669,104,"организация детских праздников, новый год",,,,,,1,1,no-url,,,0
maskaradkid_mod_articles_list3,668,104,"организация детских праздников, новогодний праздник",,,,,,1,1,no-url,,,0
maskaradkid_mod_articles_list3,667,104,"организация детских праздников, детский новогодний праздник",,,,,,1,1,no-url,,,0
maskaradkid_mod_articles_list3,666,104,"организация детских праздников, детский праздник в новый год",,,,,,1,1,no-url,,,0
maskaradkid_mod_articles_list3,665,104,"организация детских праздников, детский праздник 8 марта",,,,,,1,1,no-url,,,0
maskaradkid_mod_articles_list3,664,104,"организация детских праздников, выпускной в школе",,,,,,1,1,no-url,,,0
maskaradkid_mod_articles_list3,663,104,"организация детских праздников, выпускной в детском саду",,,,,,1,1,no-url,,,0
maskaradkid_mod_articles_list3,662,104,"организация детских праздников, выпускной праздник",,,,,,1,1,no-url,,,0
maskaradkid_mod_articles_list3,661,104,"организация детских праздников, праздник в детском саду",,,,,,1,1,no-url,,,0
maskaradkid_mod_articles_list3,660,104,"организация детских праздников, детский праздник в Москве",,,,,,1,1,no-url,,,0
maskaradkid_mod_articles_list3,659,104,"организация детских праздников, детский сад праздник",,,,,,1,1,no-url,,,0
maskaradkid_mod_articles_list3,658,104,"организация детских праздников, детский день рождения",,,,,,1,1,no-url,,,0
maskaradkid_mod_articles_list3,657,104,"организация детских праздников, день рождения ребенка",,,,,,1,1,no-url,,,0
maskaradkid_mod_articles_list3,656,104,"детские праздники, детский праздник 23 февраля",,,,,,1,1,no-url,,,0
maskaradkid_mod_articles_list3,655,104,"детские праздники, масленица",,,,,,1,1,no-url,,,0
maskaradkid_mod_articles_list3,654,104,"детские праздники, дед мороз и снегурочка",,,,,,1,1,no-url,,,0
maskaradkid_mod_articles_list3,653,104,"детские праздники, новый год",,,,,,1,1,no-url,,,0
maskaradkid_mod_articles_list3,652,104,"детские праздники, новогодний праздник",,,,,,1,1,no-url,,,0
maskaradkid_mod_articles_list3,651,104,"детские праздники, детский новогодний праздник",,,,,,1,1,no-url,,,0
maskaradkid_mod_articles_list3,650,104,"детские праздники, детский праздник в новый год",,,,,,1,1,no-url,,,0
maskaradkid_mod_articles_list3,649,104,"детские праздники, детский праздник 8 марта",,,,,,1,1,no-url,,,0
maskaradkid_mod_articles_list3,648,104,"детские праздники, выпускной в школе",,,,,,1,1,no-url,,,0
maskaradkid_mod_articles_list3,647,104,"детские праздники, выпускной в детском саду",,,,,,1,1,no-url,,,0
maskaradkid_mod_articles_list3,646,104,"детские праздники, выпускной праздник",,,,,,1,1,no-url,,,0
maskaradkid_mod_articles_list3,645,104,"детские праздники, праздник в детском саду",,,,,,1,1,no-url,,,0
maskaradkid_mod_articles_list3,644,104,"детские праздники, детский праздник в Москве",,,,,,1,1,no-url,,,0
maskaradkid_mod_articles_list3,643,104,"детские праздники, детский сад праздник",,,,,,1,1,no-url,,,0
maskaradkid_mod_articles_list3,642,104,"детские праздники, детский день рождения",,,,,,1,1,no-url,,,0
maskaradkid_mod_articles_list3,641,104,"детские праздники, день рождения ребенка",,,,,,1,1,no-url,,,0
maskaradkid_mod_articles_list3,683,104,"проведение детских праздников, детский новогодний праздник",,,,,,1,1,no-url,,,0
maskaradkid_mod_articles_list3,684,104,"проведение детских праздников, новогодний праздник",,,,,,1,1,no-url,,,0
maskaradkid_mod_articles_list3,685,104,"проведение детских праздников, новый год",,,,,,1,1,no-url,,,0
maskaradkid_mod_articles_list3,686,104,"проведение детских праздников, дед мороз и снегурочка",,,,,,1,1,no-url,,,0
maskaradkid_mod_articles_list3,687,104,"проведение детских праздников, масленица",,,,,,1,1,no-url,,,0
maskaradkid_mod_articles_list3,688,104,"проведение детских праздников, детский праздник 23 февраля",,,,,,1,1,no-url,,,0
maskaradkid_mod_articles_list3,689,96,svadby.org,/partnery/list/art/m/1076/p/96/,,,,,0,1,other,,,0
maskaradkid_mod_articles_list3,692,96,futaji.com,http://www.futaji.com/index.php?show_aux_page=10,,,,,0,4,other,,,0
maskaradkid_mod_articles_list3,693,96,moscowflot.ru,http://www.moscowflot.ru/linki-prazdnik.php,,,,,0,6,other,,,0
maskaradkid_mod_articles_list3,694,96,grimery.ru,http://www.grimery.ru/show.html?id=67,,,,,0,7,other,,,0
maskaradkid_mod_articles_list3,695,96,plesir.ru,http://plesir.ru/topic/links/party-organization/2/,,,,,0,15,other,,,0
maskaradkid_mod_articles_list3,696,96,musheev.ru,http://www.musheev.ru/show.html?id=80,,,,,0,16,other,,,0
maskaradkid_mod_articles_list3,697,96,www.zahar-show.ru,http://www.zahar-show.ru/links/holiday5.htm,,,,,0,20,other,,,0
maskaradkid_mod_articles_list3,698,96,www.orange-cat.ru,http://www.orange-cat.ru/links/holiday3.htm,,,,,0,22,other,,,0
maskaradkid_mod_articles_list3,700,96,www.netglamou.ru,http://www.netglamou.ru/netglamou/partners/links_1150379405_2.html,,,,,0,26,other,,,0
maskaradkid_mod_articles_list3,702,96,www.vypusknye.ru,http://www.vypusknye.ru/vypusknye/friend/links_1150379405_3.html,,,,,0,28,other,,,0
maskaradkid_mod_articles_list3,704,96,www.clowns.su,http://www.clowns.su/collegi/links_1150379405_2.html,,,,,0,31,other,,,0
maskaradkid_mod_articles_list3,719,104,"проведение детского праздника, детский спектакль",,,,,,1,1,no-url,,,0
maskaradkid_mod_articles_list3,718,104,"организация детского праздника, детский спектакль",,,,,,1,1,no-url,,,0
maskaradkid_mod_articles_list3,717,104,"детский праздник, детский спектакль",,,,,,1,1,no-url,,,0
maskaradkid_mod_articles_list3,727,104,"организация детских праздников, детское представление",,,,,,1,1,no-url,,,0
maskaradkid_mod_articles_list3,726,104,"детские праздники, детское представление",,,,,,1,1,no-url,,,0
maskaradkid_mod_articles_list3,725,104,"проведение детских прадников, детский спектакль",,,,,,1,1,no-url,,,0
maskaradkid_mod_articles_list3,724,104,"организация детских праздников, детский спектакль",,,,,,1,1,no-url,,,0
maskaradkid_mod_articles_list3,723,104,"детские праздники, детский спектакль",,,,,,1,1,no-url,,,0
maskaradkid_mod_articles_list3,722,104,"проведение детского праздника, детское представление",,,,,,1,1,no-url,,,0
maskaradkid_mod_articles_list3,721,104,"организация детского праздника, детское представление",,,,,,1,1,no-url,,,0
maskaradkid_mod_articles_list3,720,104,"детский праздник, детское представление",,,,,,1,1,no-url,,,0
maskaradkid_mod_articles_list3,728,104,"проведение детских праздников, детское представление",,,,,,1,1,no-url,,,0
maskaradkid_mod_articles_list3,729,8,Спектакли по возрасту,,,,,,1,2,no-url,,,0
maskaradkid_mod_articles_list3,730,9,Детские услуги,,,articles_listing730_2.jpg,articles_listing730_1.jpg,articles_listing730.jpg,1,1,no-url,,,0
maskaradkid_mod_articles_list3,731,96,www.teplohodik.net,http://teplohodik.net/links.php?id=15648&cat=.,,,,,0,32,other,,,0
maskaradkid_mod_articles_list3,732,107,Герои,,,articles_listing732_2.jpg,,articles_listing732.jpg,1,1,no-url,,,0
maskaradkid_mod_articles_list3,733,107,Белоснежка и гном,,,articles_listing733_2.jpg,,articles_listing733.jpg,1,2,no-url,,,0
maskaradkid_mod_articles_list3,734,107,Питер Пен,,,articles_listing734_2.jpg,,articles_listing734.jpg,1,3,no-url,,,0
maskaradkid_mod_articles_list3,735,107,Питер,,,articles_listing735_2.jpg,,articles_listing735.jpg,1,4,no-url,,,0
maskaradkid_mod_articles_list3,736,107,Бой,,,articles_listing736_2.jpg,,articles_listing736.jpg,1,5,no-url,,,0
maskaradkid_mod_articles_list3,737,107,Круэлла Де Виль,,,articles_listing737_2.jpg,,articles_listing737.jpg,1,6,no-url,,,0
maskaradkid_mod_articles_list3,738,107,Внимание,,,articles_listing738_2.jpg,,articles_listing738.jpg,1,7,no-url,,,0
maskaradkid_mod_articles_list3,739,105,Дуэль,,,articles_listing739_2.jpg,articles_listing739_1.jpg,articles_listing739.jpg,1,1,no-url,,,0
maskaradkid_mod_articles_list3,740,105,Крюк и Гарри,,,articles_listing740_2.jpg,,articles_listing740.jpg,1,4,no-url,,,0
maskaradkid_mod_articles_list3,741,105,Танец,,,articles_listing741_2.jpg,,articles_listing741.jpg,1,5,no-url,,,0
maskaradkid_mod_articles_list3,742,105,Все вместе,,,articles_listing742_2.jpg,,articles_listing742.jpg,1,6,no-url,,,0
maskaradkid_mod_articles_list3,743,105,Игры,,,articles_listing743_2.jpg,,articles_listing743.jpg,1,7,no-url,,,0
maskaradkid_mod_articles_list3,744,106,Мушкетер,,,articles_listing744_2.jpg,,articles_listing744.jpg,1,1,no-url,,,0
maskaradkid_mod_articles_list3,745,106,Кардинал и МиЛеди,,,articles_listing745_2.jpg,,articles_listing745.jpg,1,2,no-url,,,0
maskaradkid_mod_articles_list3,746,106,Минует,,,articles_listing746_2.jpg,,articles_listing746.jpg,1,3,no-url,,,0
maskaradkid_mod_articles_list3,747,108,Анонс,,,articles_listing747_2.jpg,articles_listing747_1.jpg,articles_listing747.jpg,1,1,no-url,,,0
maskaradkid_mod_articles_list3,748,109,Анонс,,,articles_listing748_2.jpg,articles_listing748_1.jpg,articles_listing748.jpg,1,1,no-url,,,0
maskaradkid_mod_articles_list3,749,1,Три мушкетера,/detskii-prazdnik/tri-mushketera.html,,articles_listing749_2.jpg,articles_listing749_1.jpg,articles_listing749.jpg,0,40,show,,,0
maskaradkid_mod_articles_list3,750,1,Сказочный балаганчик,/detskii-prazdnik/balaganchik.html,,articles_listing750_2.jpg,articles_listing750_1.jpg,articles_listing750.jpg,1,29,show,,,0
maskaradkid_mod_articles_list3,751,108,Смета,,,,,,1,4,no-url,,,0
maskaradkid_mod_articles_list3,752,108,Сценарий,,,,,,1,3,no-url,,,0
maskaradkid_mod_articles_list3,753,111,Дед Мороз и Снегурочка,,,articles_listing753_2.jpg,,articles_listing753.jpg,1,1,no-url,,,0
maskaradkid_mod_articles_list3,754,111,Эльфы,,,articles_listing754_2.jpg,,articles_listing754.jpg,1,2,no-url,,,0
maskaradkid_mod_articles_list3,755,111,Лесные жители,,,articles_listing755_2.jpg,,articles_listing755.jpg,1,3,no-url,,,0
maskaradkid_mod_articles_list3,756,7,Эксклюзивные праздники,/detskie-prazdniki/exlusive.html,,articles_listing756_2.jpg,articles_listing756_1.jpg,articles_listing756.jpg,1,10,celebration,,,0
maskaradkid_mod_articles_list3,761,24,Пират,,,articles_listing761_2.jpg,,articles_listing761.jpg,1,1,no-url,,,0
maskaradkid_mod_articles_list3,762,24,Пираты,,,articles_listing762_2.jpg,,articles_listing762.jpg,1,3,no-url,,,0
maskaradkid_mod_articles_list3,763,24,Песня,,,articles_listing763_2.jpg,,articles_listing763.jpg,1,4,no-url,,,0
maskaradkid_mod_articles_list3,764,113,Мачеха и сестра,,,articles_listing764_2.jpg,,articles_listing764.jpg,1,1,no-url,,,0
maskaradkid_mod_articles_list3,765,113,Грим,,,articles_listing765_2.jpg,,articles_listing765.jpg,1,3,no-url,,,0
maskaradkid_mod_articles_list3,766,113,Танец с принцем,,,articles_listing766_2.jpg,,articles_listing766.jpg,1,4,no-url,,,0
maskaradkid_mod_articles_list3,767,113,Вторая сестрица,,,,,,0,5,no-url,,,0
maskaradkid_mod_articles_list3,768,112,Питер Пен,,,articles_listing768_2.jpg,,articles_listing768.jpg,1,1,no-url,,,0
maskaradkid_mod_articles_list3,769,112,Гномик,,,articles_listing769_2.jpg,,articles_listing769.jpg,1,3,no-url,,,0
maskaradkid_mod_articles_list3,770,112,Белоснежка,,,articles_listing770_2.jpg,,articles_listing770.jpg,1,4,no-url,,,0
maskaradkid_mod_articles_list3,771,112,Эльфы,,,articles_listing771_2.jpg,,articles_listing771.jpg,1,5,no-url,,,0
maskaradkid_mod_articles_list3,772,112,Креулла Де Виль,,,articles_listing772_2.jpg,,articles_listing772.jpg,1,6,no-url,,,0
maskaradkid_mod_articles_list3,773,114,Анонс,,,articles_listing773_2.jpg,articles_listing773_1.jpg,articles_listing773.jpg,1,1,no-url,,,0
maskaradkid_mod_articles_list3,774,114,Смета,,,,,,1,4,no-url,,,0
maskaradkid_mod_articles_list3,775,135,Новогодний экспресс,/detskii-prazdnik/exspress.html,,articles_listing775_2.jpg,articles_listing775_1.jpg,articles_listing775.jpg,1,1,show,,,0
maskaradkid_mod_articles_list3,776,96,den-rozhden.ru,http://www.den-rozhden.ru/?page=links&cat=2,,,,,0,33,other,,,0
maskaradkid_mod_articles_list3,777,11,Сотрудничество,,,articles_listing777_2.jpg,articles_listing777_1.jpg,articles_listing777.jpg,1,130,no-url,,,0
maskaradkid_mod_articles_list3,778,96,russiantur.ru,http://www.russiantur.ru/links-prazdnik.php,,,,,0,34,other,,,0
maskaradkid_mod_articles_list3,779,96,igorkorovin.ru,http://www.igorkorovin.ru/show.html?id=408,,,,,0,35,other,,,0
maskaradkid_mod_articles_list3,780,96,www.winterparty.ru,http://www.winterparty.ru/links/detskiy_nov_god1.htm,,,,,0,38,other,,,0
maskaradkid_mod_articles_list3,781,96,otprazdnui.ru,http://www.otprazdnui.ru/partners/1.htm,,,,,0,39,other,,,0
maskaradkid_mod_articles_list3,782,96,olimpik-show.ru,http://www.olimpik-show.ru/show.html?id=30,,,,,0,40,other,,,0
maskaradkid_mod_articles_list3,783,96,motocycl.ru,http://www.motocycl.ru/show.html?id=60,,,,,0,41,other,,,0
maskaradkid_mod_articles_list3,784,96,kingsyard.ru,http://www.kingsyard.ru/links-holy.php,,,,,0,42,other,,,0
maskaradkid_mod_articles_list3,785,96,dedmoroz-snegurochka.ru,/dimoheha1@yandex.ru,,,,,0,48,other,,,0
maskaradkid_mod_articles_list3,786,96,muzzona.ru,http://www.muzzona.ru/links/prazdnik4.htm,,,,,0,50,other,,,0
maskaradkid_mod_articles_list3,787,96,profsound.ru,http://www.profsound.ru/links/holiday12.htm,,,,,0,52,other,,,0
maskaradkid_mod_articles_list3,788,96,banket-moscow.ru,http://www.banket-moscow.ru/ssylki-prazdnik.php,,,,,0,53,other,,,0
maskaradkid_mod_articles_list3,789,96,izwoz.ru,http://www.izwoz.ru/show.html?id=566,,,,,0,54,other,,,0
maskaradkid_mod_articles_list3,790,96,sobytie.net,http://www.sobytie.net/?p=links,,,,,0,55,other,,,0
maskaradkid_mod_articles_list3,791,96,kinoakter.com,http://kinoakter.com/links/prazdnik1.htm,,,,,0,56,other,,,0
maskaradkid_mod_articles_list3,792,96,bstreet.ru,http://www.bstreet.ru/links/prazdnik1.htm,,,,,0,57,other,,,0
maskaradkid_mod_articles_list3,793,96,dedki.ru,http://dedki.ru/links/ded_moroz1.htm,,,,,0,65,other,,,0
maskaradkid_mod_articles_list3,794,96,annarai.ru,http://www.annarai.ru/links/detskie1.htm,,,,,0,66,other,,,0
maskaradkid_mod_articles_list3,795,96,elegance-kvartet,http://www.elegance-kvartet.ru/catalog/prazd_org/s3p1.html,,,,,0,69,other,,,0
maskaradkid_mod_articles_list3,796,96,elegance-show,http://www.elegance-show.ru/prazdnik/children01.php,,,,,0,70,other,,,0
maskaradkid_mod_articles_list3,797,96,piano-quartet,http://www.piano-quartet.ru/catalog/prazdnic15.htm,,,,,0,71,other,,,0
maskaradkid_mod_articles_list3,798,96,marutaev.ru,http://www.marutaev.ru/friends/prazd02.htm,,,,,0,75,other,,,0
maskaradkid_mod_articles_list3,799,96,duet-sharm,http://www.duet-sharm.ru/prazdnik/childr01.htm,,,,,0,76,other,,,0
maskaradkid_mod_articles_list3,800,96,kuzmicheva,http://www.kuzmicheva.ru/friends/prazd02.htm,,,,,0,79,other,,,0
maskaradkid_mod_articles_list3,801,96,zolotoyveter,http://www.zolotoyveter.com/catalog/children01.php,,,,,0,80,other,,,0
maskaradkid_mod_articles_list3,802,96,dream-prazdnik,http://www.dream-prazdnik.ru/topic/links_1148487856_8.html,,,,,0,81,other,,,0
maskaradkid_mod_articles_list3,803,96,убить,http://www.otprazdnui.ru/partners/1.htm,,,,,0,82,other,,,0
maskaradkid_mod_articles_list3,804,96,greetings.su,,,,,,0,83,no-url,,,0
maskaradkid_mod_articles_list3,805,96,spb-events.ru,http://www.spb-events.ru/thematic3.htm,,,,,0,87,other,,,0
maskaradkid_mod_articles_list3,806,96,fashionspace.ru,http://www.fashionspace.ru/links/link.php?id=12,,,,,0,94,other,,,0
maskaradkid_mod_articles_list3,807,96,nighttrust.ru,http://nighttrust.ru/cncat/house/child/,,,,,0,98,other,,,0
maskaradkid_mod_articles_list3,808,99,benata.ru,http://www.benata.ru/govorcvet5.html,,,,,0,1,other,,,0
maskaradkid_mod_articles_list3,809,96,musdom.ru,http://musdom.ru/links1.html,,,,,0,99,other,,,0
maskaradkid_mod_articles_list3,810,96,pozdrav.ru,http://www.pozdrav.ru/link/orgpraz-0.html,,,,,0,100,other,,,0
maskaradkid_mod_articles_list3,811,96,class-jazz.ru,http://class-jazz.ru/LinkE/links_1190640359_2.html,,,,,0,105,other,,,0
maskaradkid_mod_articles_list3,812,98,podarkov.com,http://www.podarkov.com/cat/univers0.php,,,,,0,1,other,,,0
maskaradkid_mod_articles_list3,813,96,anyparty.ru,http://www.anyparty.ru/links/cat/3/page/0,,,,,0,106,other,,,0
maskaradkid_mod_articles_list3,814,116,Часы кролика,,,articles_listing814_2.jpg,,articles_listing814.jpg,1,1,no-url,,,0
maskaradkid_mod_articles_list3,815,116,Декорация 4.5x2.5метра,,,articles_listing815_2.jpg,,articles_listing815.jpg,1,2,no-url,,,0
maskaradkid_mod_articles_list3,816,116,Гриб гусеницы,,,articles_listing816_2.jpg,,articles_listing816.jpg,1,4,no-url,,,0
maskaradkid_mod_articles_list3,817,116,Кальян гусеницы,,,articles_listing817_2.jpg,,articles_listing817.jpg,1,5,no-url,,,0
maskaradkid_mod_articles_list3,818,117,Анонс,,"Новый год, детский новогодний праздник, дед мороз и снегурочка, интерактивный спектакль",articles_listing818_2.jpg,articles_listing818_1.jpg,articles_listing818.jpg,1,1,no-url,,,0
maskaradkid_mod_articles_list3,819,117,Смета,,,,,,1,7,no-url,,,0
maskaradkid_mod_articles_list3,820,118,Анонс,,Новогодняя сказка Эльфов с Дедом Морозом и Снегурочкой,articles_listing820_2.jpg,articles_listing820_1.jpg,articles_listing820.jpg,1,1,no-url,,,0
maskaradkid_mod_articles_list3,821,118,Смета,,,,,,1,5,no-url,,"Интерактивный спектакль: Новогодняя сказка Эльфов и Деда Мороза Возраст детей: 4 - 12 лет Пол: мальчик или девочка Число актеров: от 2 до 7 Персонажи: Дед Мороз, Снегурочка, Ледниковая королева, гном Труссо, Эльфина Тил…",359
maskaradkid_mod_articles_list3,822,119,Шляпник,,,,articles_listing822_1.jpg,articles_listing822.jpg,1,1,no-url,,,0
maskaradkid_mod_articles_list3,823,119,Игра,,,,articles_listing823_1.jpg,articles_listing823.jpg,1,2,no-url,,,0
maskaradkid_mod_articles_list3,824,119,Король и Додо,,,,articles_listing824_1.jpg,articles_listing824.jpg,1,3,no-url,,,0
maskaradkid_mod_articles_list3,825,119,Чеширский кот,,,,articles_listing825_1.jpg,articles_listing825.jpg,1,4,no-url,,,0
maskaradkid_mod_articles_list3,826,119,Гусеница с кальяном,,,,articles_listing826_1.jpg,articles_listing826.jpg,1,5,no-url,,,0
maskaradkid_mod_articles_list3,827,119,Шляпник притаился,,,,articles_listing827_1.jpg,articles_listing827.jpg,1,6,no-url,,,0
maskaradkid_mod_articles_list3,828,119,Червовая королева,,,,articles_listing828_1.jpg,articles_listing828.jpg,1,7,no-url,,,0
maskaradkid_mod_articles_list3,829,119,Дети под грибом,,,,articles_listing829_1.jpg,articles_listing829.jpg,1,8,no-url,,,0
maskaradkid_mod_articles_list3,830,119,Королева и Роза,,,,articles_listing830_1.jpg,articles_listing830.jpg,1,9,no-url,,,0
maskaradkid_mod_articles_list3,831,119,Роза,,,,articles_listing831_1.jpg,articles_listing831.jpg,1,10,no-url,,,0
maskaradkid_mod_articles_list3,832,119,Внимание,,,,articles_listing832_1.jpg,articles_listing832.jpg,1,11,no-url,,,0
maskaradkid_mod_articles_list3,833,119,Все в тоннель,,,,articles_listing833_1.jpg,articles_listing833.jpg,1,12,no-url,,,0
maskaradkid_mod_articles_list3,834,119,В кругу,,,,articles_listing834_1.jpg,articles_listing834.jpg,1,13,no-url,,,0
maskaradkid_mod_articles_list3,835,119,Фея,,,,articles_listing835_1.jpg,articles_listing835.jpg,1,14,no-url,,,0
maskaradkid_mod_articles_list3,836,119,Полетели,,,,articles_listing836_1.jpg,articles_listing836.jpg,1,15,no-url,,,0
maskaradkid_mod_articles_list3,837,119,Фея и Чеширский кот,,,,articles_listing837_1.jpg,articles_listing837.jpg,1,16,no-url,,,0
maskaradkid_mod_articles_list3,838,119,Гусеница,,,,articles_listing838_1.jpg,articles_listing838.jpg,1,17,no-url,,,0
maskaradkid_mod_articles_list3,839,119,Птица Додо,,,,articles_listing839_1.jpg,articles_listing839.jpg,1,18,no-url,,,0
maskaradkid_mod_articles_list3,840,119,Чай для мартовского заяца,,,,articles_listing840_1.jpg,articles_listing840.jpg,1,19,no-url,,,0
maskaradkid_mod_articles_list3,841,119,Белый заяц и его часы,,,,articles_listing841_1.jpg,articles_listing841.jpg,1,20,no-url,,,0
maskaradkid_mod_articles_list3,842,119,Белый заяц,,,,articles_listing842_1.jpg,articles_listing842.jpg,1,21,no-url,,,0
maskaradkid_mod_articles_list3,843,119,Вредная королева,,,,articles_listing843_1.jpg,articles_listing843.jpg,1,22,no-url,,,0
maskaradkid_mod_articles_list3,844,119,Удивленный Шляпник,,,,articles_listing844_1.jpg,articles_listing844.jpg,1,23,no-url,,,0
maskaradkid_mod_articles_list3,845,119,Мартовский заяц,,,,articles_listing845_1.jpg,articles_listing845.jpg,1,24,no-url,,,0
maskaradkid_mod_articles_list3,846,119,Кто играет в крикет,,,,articles_listing846_1.jpg,articles_listing846.jpg,1,25,no-url,,,0
maskaradkid_mod_articles_list3,847,119,Додо бъет,,,,articles_listing847_1.jpg,articles_listing847.jpg,1,26,no-url,,,0
maskaradkid_mod_articles_list3,848,119,Король и пузыри,,,,articles_listing848_1.jpg,articles_listing848.jpg,1,27,no-url,,,0
maskaradkid_mod_articles_list3,849,119,Дуель с чайником,,,,articles_listing849_1.jpg,articles_listing849.jpg,1,28,no-url,,,0
maskaradkid_mod_articles_list3,850,119,Гусеница и пузыри,,,,articles_listing850_1.jpg,articles_listing850.jpg,1,29,no-url,,,0
maskaradkid_mod_articles_list3,851,119,Король,,,,articles_listing851_1.jpg,articles_listing851.jpg,1,30,no-url,,,0
maskaradkid_mod_articles_list3,852,119,Додо,,,,articles_listing852_1.jpg,articles_listing852.jpg,1,31,no-url,,,0
maskaradkid_mod_articles_list3,853,119,Королева Червей,,,,articles_listing853_1.jpg,articles_listing853.jpg,1,32,no-url,,,0
maskaradkid_mod_articles_list3,854,119,Вместе,,,,articles_listing854_1.jpg,articles_listing854.jpg,1,33,no-url,,,0
maskaradkid_mod_articles_list3,855,119,Все вместе,,,,articles_listing855_1.jpg,articles_listing855.jpg,1,34,no-url,,,0
maskaradkid_mod_articles_list3,856,119,Руки вверх,,,,articles_listing856_1.jpg,articles_listing856.jpg,1,35,no-url,,,0
maskaradkid_mod_articles_list3,857,7,Школьный клиенты,,,,,,1,50,no-url,,,0
maskaradkid_mod_articles_list3,858,50,Unite Bottling Group,,,articles_listing858_2.jpg,articles_listing858_1.jpg,articles_listing858.jpg,1,27,no-url,,,0
maskaradkid_mod_articles_list3,859,119,Гусеница,,,,articles_listing859_1.gif,articles_listing859.gif,1,36,no-url,,,0
maskaradkid_mod_articles_list3,860,53,На Рублевке,,,articles_listing860_2.jpg,articles_listing860_1.jpg,articles_listing860.jpg,1,1,no-url,,,0
maskaradkid_mod_articles_list3,861,96,supertamada.ru,http://www.supertamada.ru/links/holiday12.htm,,,,,0,109,other,,,0
maskaradkid_mod_articles_list3,862,114,Сценарий,,,,,,1,3,no-url,,,0
maskaradkid_mod_articles_list3,863,120,Анонс,,,articles_listing863_2.jpg,articles_listing863_1.jpg,articles_listing863.jpg,1,1,no-url,,,0
maskaradkid_mod_articles_list3,864,120,Сценарий,,,,,,1,2,no-url,,,0
maskaradkid_mod_articles_list3,865,120,Смета,,,,,,1,3,no-url,,,0
maskaradkid_mod_articles_list3,866,135,Новогоднее приключение Винни Пуха,/detskii-prazdnik/novogodnii-vinny-puh.html,,articles_listing866_2.jpg,articles_listing866_1.jpg,articles_listing866.jpg,1,2,show,,,0
maskaradkid_mod_articles_list3,867,109,Смета,,,,,,1,3,no-url,,,0
maskaradkid_mod_articles_list3,868,96,tamada-roman.ru,http://www.tamada-roman.ru/links/holiday9.htm,,,,,0,110,other,,,0
maskaradkid_mod_articles_list3,869,117,Сценарий,,,,,,1,2,no-url,,,0
maskaradkid_mod_articles_list3,870,122,Анонс,,,articles_listing870_2.jpg,articles_listing870_1.jpg,articles_listing870.jpg,1,1,no-url,,,0
maskaradkid_mod_articles_list3,871,122,Сценарий,,,,,,1,3,no-url,,,0
maskaradkid_mod_articles_list3,872,122,Смета,,,,,,1,4,no-url,,,0
maskaradkid_mod_articles_list3,873,135,Новый год с Питером Пеном,/detskii-prazdnik/novogodnii-piter-pen.html,,articles_listing873_2.jpg,articles_listing873_1.jpg,articles_listing873.jpg,1,8,show,,,0
maskaradkid_mod_articles_list3,874,96,yraprazdnik.ru,http://www.yraprazdnik.ru/links/prazdnik3.htm,,,,,0,111,other,,,0
maskaradkid_mod_articles_list3,875,96,sashabelov.ru,http://www.sashabelov.ru/links/holiday4.htm,,,,,0,113,other,,,0
maskaradkid_mod_articles_list3,876,96,rulev.com,http://rulev.com/recomend/benefits9.htm,,,,,0,114,other,,,0
maskaradkid_mod_articles_list3,877,102,delightstudio.ru,http://www.delightstudio.ru/links/links19.html,,,,,0,1,other,,,0
maskaradkid_mod_articles_list3,878,123,Анонс,,,articles_listing878_2.jpg,articles_listing878_1.jpg,articles_listing878.jpg,1,1,no-url,,,0
maskaradkid_mod_articles_list3,879,123,Сценарий,,,,,,1,2,no-url,,,0
maskaradkid_mod_articles_list3,880,123,Смета,,,,,,1,3,no-url,,,0
maskaradkid_mod_articles_list3,881,135,Новогодний ледниковый период,/detskii-prazdnik/novogodnii-ledn-period.html,,articles_listing881_2.jpg,articles_listing881_1.jpg,articles_listing881.jpg,1,9,show,,,0
maskaradkid_mod_articles_list3,883,96,przd.su,,,,,,0,115,no-url,,,0
maskaradkid_mod_articles_list3,884,124,Анонс,,,articles_listing884_2.jpg,articles_listing884_1.jpg,articles_listing884.jpg,1,1,no-url,,,0
maskaradkid_mod_articles_list3,885,135,Новогодняя Страна Чудес,/detskii-prazdnik/novogodnyaya-strana-chudes.html,,articles_listing885_2.jpg,articles_listing885_1.jpg,articles_listing885.jpg,1,7,show,,,0
maskaradkid_mod_articles_list3,886,124,Сценарий,,,,,,1,2,no-url,,,0
maskaradkid_mod_articles_list3,887,124,Смета,,,,,,1,3,no-url,,,0
maskaradkid_mod_articles_list3,888,125,Анонс,,,articles_listing888_2.jpg,articles_listing888_1.jpg,articles_listing888.jpg,1,1,no-url,,,0
maskaradkid_mod_articles_list3,889,135,Новый год с Симпсонами,/detskii-prazdnik/novoii-god-simpsons.html,,articles_listing889_2.jpg,articles_listing889_1.jpg,articles_listing889.jpg,1,4,show,,,0
maskaradkid_mod_articles_list3,890,125,Сценарий,,,,,,1,2,no-url,,,0
maskaradkid_mod_articles_list3,891,125,Смета,,,,,,1,3,no-url,,,0
maskaradkid_mod_articles_list3,892,103,kyliemania.ru,http://www.kyliemania.ru/links/fun17.htm,,,,,0,1,other,,,0
maskaradkid_mod_articles_list3,893,126,Анонс,,,articles_listing893_2.jpg,articles_listing893_1.jpg,articles_listing893.jpg,1,1,no-url,,,0
maskaradkid_mod_articles_list3,894,126,Сценарий,,,,,,1,2,no-url,,,0
maskaradkid_mod_articles_list3,895,126,Смета,,,,,,1,4,no-url,,,0
maskaradkid_mod_articles_list3,896,135,Новогодняя Золушка,/detskii-prazdnik/novogodnyaa-zolushka.html,,articles_listing896_2.jpg,articles_listing896_1.jpg,articles_listing896.jpg,1,5,show,,,0
maskaradkid_mod_articles_list3,897,96,marutaev.ru,http://marutaev.ru/friends/prazd02.htm,,,,,0,116,other,,,0
maskaradkid_mod_articles_list3,909,96,dedmoroz.lv,http://www.dedmoroz.lv/linkexchanger/index.php?category=все_категории&page=14,,,,,0,139,other,,,0
maskaradkid_mod_articles_list3,908,96,spb-events.ru,http://www.spb-events.ru/thematic3.htm,,,,,0,138,other,,,0
maskaradkid_mod_articles_list3,905,96,funhouse.ru,http://www.funhouse.ru/links-26.html,,,,,0,123,other,,,0
maskaradkid_mod_articles_list3,906,96,moscowsvadba.ru,http://moscowsvadba.ru/ssylki7.html,,,,,0,124,other,,,0
maskaradkid_mod_articles_list3,907,96,okvedu.ru,http://www.okvedu.ru/reference/,,,,,0,135,other,Вам нужен тамада на свадьбу? Тамада Константин поможет Вам в проведении свадебного торжества.,,0
maskaradkid_mod_articles_list3,904,96,tamada-smirnov.ru,http://www.tamada-smirnov.ru/lnk/links_1203766114_3.html,,,,,0,122,other,,,0
maskaradkid_mod_articles_list3,910,96,tamada.lv,http://www.tamada.lv/linkexchanger/index.php?category=все_категории&page=23,,,,,0,140,other,,,0
maskaradkid_mod_articles_list3,911,96,musicriders.com,http://www.musicriders.com/links9.html,,,,,0,141,other,,,0
maskaradkid_mod_articles_list3,912,127,Анонс,,,articles_listing912_2.jpg,articles_listing912_1.jpg,articles_listing912.jpg,1,1,no-url,,,0
maskaradkid_mod_articles_list3,913,127,Сценарий,,,,,,1,2,no-url,,,0
maskaradkid_mod_articles_list3,914,127,Смета,,,,,,1,3,no-url,,,0
maskaradkid_mod_articles_list3,915,135,Новогодний Золотой ключик,/detskii-prazdnik/novogodnii-zolotoi-klyuchik.html,,articles_listing915_2.jpg,articles_listing915_1.jpg,articles_listing915.jpg,1,3,show,,,0
maskaradkid_mod_articles_list3,916,118,Сценарий,,,,,,1,4,no-url,,"Сценарий: Оживление героев. Войдя в помещение праздника, дети увидят застывших ельфов, и лишь только героев коснется снежинка, они начнут поочередно оживать! Знакомство. Ожившие герои, танцем завлекают детей и знакомятс…",915
maskaradkid_mod_articles_list3,917,109,Сценарий,,,,,,1,2,no-url,,,0
maskaradkid_mod_articles_list3,918,128,Анонс,,,articles_listing918_2.jpg,articles_listing918_1.jpg,articles_listing918.jpg,1,1,no-url,,,0
maskaradkid_mod_articles_list3,919,96,wedding4you.ru,http://www.wedding4you.ru/sites/index.php,,,,,0,146,other,,,0
maskaradkid_mod_articles_list3,920,128,Сценарий,,,,,,1,2,no-url,,,0
maskaradkid_mod_articles_list3,921,96,funsvadba.com,http://www.funsvadba.com/ssylki9.html,,,,,0,147,other,,,0
maskaradkid_mod_articles_list3,922,128,Смета,,,,,,1,3,no-url,,,0
maskaradkid_mod_articles_list3,923,135,Новогодний Мадагаскар,/detskii-prazdnik/novoii-god-madagaskar.html,,articles_listing923_2.jpg,articles_listing923_1.jpg,articles_listing923.jpg,1,10,show,,,0
maskaradkid_mod_articles_list3,924,96,убить,,,,,,0,150,no-url,,,0
maskaradkid_mod_articles_list3,925,96,sveigo.ru,http://sveigo.ru/links.09.htm,,,,,0,163,other,,,0
maskaradkid_mod_articles_list3,926,96,Убить,,,,,,0,164,no-url,,,0
maskaradkid_mod_articles_list3,927,96,teplohod.net.ru,http://teplohod.net.ru/links.php?text=%EC%E0%F1%EA%E0%F0%E0%E4,,,,,0,167,other,,,0
maskaradkid_mod_articles_list3,928,103,narechena.org.ua,http://narechena.org.ua/dirlinks/links_1220102271_1.html,,,,,0,2,other,,,0
maskaradkid_mod_articles_list3,929,103,2sa.ru,http://www.2sa.ru/katalog/index.php?category=1205964108&page=16,,,,,0,4,other,,,0
maskaradkid_mod_articles_list3,930,96,Убить,,,,,,0,168,no-url,,,0
maskaradkid_mod_articles_list3,931,96,svadba-data.ru,http://svadba-data.ru/links/?id=15648&cat=,,,,,0,170,other,,,0
maskaradkid_mod_articles_list3,932,96,apipyai.ru,http://www.apipyai.ru/links.php?cat=1&page=9,,,,,0,172,other,,,0
maskaradkid_mod_articles_list3,933,96,Убить,,,,,,0,171,no-url,,,0
maskaradkid_mod_articles_list3,934,103,kmt2007.ru,http://www.kmt2007.ru/katalog/index.php?category=1204556761&page=2,,,,,0,5,other,,,0
maskaradkid_mod_articles_list3,936,96,www.yuk-art.ru,http://www.yuk-art.ru/pen/gm/g005.html,,,,,0,177,other,,,0
maskaradkid_mod_articles_list3,937,96,ny-traditions.ru,http://www.ny-traditions.ru/index.php?topic=links3,,,,,0,179,other,,,0
maskaradkid_mod_articles_list3,938,96,www.wedfilm.ru,http://www.wedfilm.ru/wedfilm/partners/links_1150379107_6.html,,,,,0,180,other,,,0
maskaradkid_mod_articles_list3,939,96,tamada-super.ru,http://www.tamada-super.ru/friend/svadba3.htm,,,,,0,181,other,,,0
maskaradkid_mod_articles_list3,940,96,rentsoundpro.ru,http://www.rentsoundpro.ru/links4you/prazdnik19.htm,,,,,0,182,other,,,0
maskaradkid_mod_articles_list3,941,96,marinastilist.ru,http://www.marinastilist.ru/index.php?px=68,,,,,0,190,other,,,0
maskaradkid_mod_articles_list3,942,96,okstudio.ru,http://okstudio.ru/links.php?id=15648&cat=,,,,,0,193,other,,,0
maskaradkid_mod_articles_list3,943,96,zolotov.com,,,,,,0,194,no-url,,,0
maskaradkid_mod_articles_list3,944,96,prazdnik4kids.ru,http://www.prazdnik4kids.ru/viplinks/vse_prazdnik13.htm,,,,,0,196,other,,,0
maskaradkid_mod_articles_list3,945,96,kreativ-media.ru,http://www.kreativ-media.ru/friends/holiday/4.php,,,,,0,199,other,,,0
maskaradkid_mod_articles_list3,946,96,attrax.ru,http://www.attrax.ru/allpartner/childrens2.htm,,,,,0,200,other,,,0
maskaradkid_mod_articles_list3,947,96,mgfoto.ru,http://mgfoto.ru/organizatory02.htm,,,,,0,204,other,,,0
maskaradkid_mod_articles_list3,948,96,orient-style.ru,,,,,,0,206,no-url,,,0
maskaradkid_mod_articles_list3,949,101,www.diving.hit.lv,http://www.diving.hit.lv/linkexchanger/index.php?category=все_категории&page=8,,,,,0,3,other,,,0
maskaradkid_mod_articles_list3,950,101,teatr.hit.lv,http://www.teatr.hit.lv/links/index.php?category=все_категории&page=5,,,,,0,4,other,,,0
maskaradkid_mod_articles_list3,952,103,novogodnieelki.ru,http://www.novogodnieelki.ru/ssylki1-6.html,,,,,0,12,other,,,0
maskaradkid_mod_articles_list3,953,103,shar-design.ru,http://www.shar-design.ru/blinks/children0.html,,,,,0,13,other,,,0
maskaradkid_mod_articles_list3,954,96,ruzima.ru,http://ruzima.ru/links/detskie1.htm,,,,,0,207,other,,,0
maskaradkid_mod_articles_list3,955,96,yournewyear.ru,http://www.yournewyear.ru/link/index.htm?part=11&page=1,,,,,0,209,other,,,0
maskaradkid_mod_articles_list3,956,96,s-trofimov.ru,http://www.s-trofimov.ru/links/index.php?actions=cat&id=20&page=2,,,,,0,210,other,,,0
maskaradkid_mod_articles_list3,957,96,jenih-i-nevesta.ru,http://jenih-i-nevesta.ru/tematiksait/wedding2.htm,,,,,0,211,other,,,0
maskaradkid_mod_articles_list3,958,96,carnevale.ru,http://www.carnevale.ru/usf/index.php?category=1189899265&page=32,,,,,0,218,other,,,0
maskaradkid_mod_articles_list3,959,96,www.prazd.info,,,,,,0,220,no-url,,,0
maskaradkid_mod_articles_list3,960,96,grand-servise.ru,http://grand-servise.ru/links/add_organizaciya2.htm,,,,,0,221,other,,,0
maskaradkid_mod_articles_list3,961,96,kurzyamov.ru,http://www.kurzyamov.ru/cat/holidays5.htm,,,,,0,223,other,,,0
maskaradkid_mod_articles_list3,962,96,bs-agency.ru,,,,,,0,225,no-url,,,0
maskaradkid_mod_articles_list3,963,96,agentstvo-yu.ru,http://www.agentstvo-yu.ru/mlinks/holiday2.htm,,,,,0,226,other,,,0
maskaradkid_mod_articles_list3,964,96,artstage.ru,,,,,,0,227,no-url,,,0
maskaradkid_mod_articles_list3,965,96,magicrings.ru,http://magicrings.ru/cat/holidays2.htm,,,,,0,232,other,,,0
maskaradkid_mod_articles_list3,966,96,franksinatra.ru,http://franksinatra.ru/cat/links_1216063814_6.html,,,,,0,233,other,,,0
maskaradkid_mod_articles_list3,967,96,na-prazdnik.com,http://www.na-prazdnik.com/item789.html,,,,,0,234,other,,,0
maskaradkid_mod_articles_list3,968,103,joker-rim.ru,http://www.joker-rim.ru/cat/holidays1.htm,,,,,0,17,other,,,0
maskaradkid_mod_articles_list3,969,103,avflower.com,http://avflower.com/l/marriage.php,,,,,0,18,other,,,0
maskaradkid_mod_articles_list3,970,96,avto-standart.ru,http://www.avto-standart.ru/pagelinks8-0.html,,,,,0,235,other,,,0
maskaradkid_mod_articles_list3,971,103,bah.ru,http://www.bah.ru/lnk-1-2.html,,,,,0,26,other,,,0
maskaradkid_mod_articles_list3,972,96,anshante.ru,http://www.anshante.ru/links/party_organization/page4/,,,,,0,238,other,,,0
maskaradkid_mod_articles_list3,973,96,kan-kan.ru,http://kan-kan.ru/view_cat.php?cat=1&page=2,,,,,0,239,other,,,0
maskaradkid_mod_articles_list3,974,96,3541555.ru,http://3541555.ru/le2/links_1204968319_1.html,,,,,0,240,other,,,0
maskaradkid_mod_articles_list3,975,96,piroff.ru,http://www.piroff.ru/partners-5.htm,,,,,0,243,other,,,0
maskaradkid_mod_articles_list3,980,98,karpovich.ru,http://www.karpovich.ru/wave/pr005.html,,,,,0,5,other,,,0
maskaradkid_mod_articles_list3,978,98,coronation.ru,http://www.coronation.ru/lorg_prazd_4.html,,,,,0,3,other,,,0
maskaradkid_mod_articles_list3,979,98,nevecta.ru,http://www.nevecta.ru/org_prazd_6.html,,,,,0,4,other,,,0
maskaradkid_mod_articles_list3,981,96,a-gerasimov.ru,http://a-gerasimov.ru/links/organizers2.htm,,,,,0,244,other,,,0
maskaradkid_mod_articles_list3,982,103,donnaflora.ru,http://www.donnaflora.ru/main.cgi?act=links&cat=128,,,,,0,27,other,,,0
maskaradkid_mod_articles_list3,985,96,fenix-m.ru,http://fenix-m.ru/linkt/,,,,,0,248,other,,,0
maskaradkid_mod_articles_list3,986,96,убить,,,,,,0,249,no-url,,,0
maskaradkid_mod_articles_list3,987,96,moscorp.ru,http://www.moscorp.ru/moscorp/sites/index.php,,,,,0,260,other,,,0
maskaradkid_mod_articles_list3,988,103,nefm.ru,http://www.nefm.ru/partners.htm,,,,,0,30,other,,,0
maskaradkid_mod_articles_list3,989,129,Анонс,,,articles_listing989_2.jpg,articles_listing989_1.jpg,articles_listing989.jpg,1,1,no-url,,,0
maskaradkid_mod_articles_list3,993,135,Новогодняя Белоснежка,/detskii-prazdnik/novogodnyaya-belosnezhka.html,,articles_listing993_2.jpg,articles_listing993_1.jpg,articles_listing993.jpg,1,6,show,,,0
maskaradkid_mod_articles_list3,992,129,Смета,,,,,,1,5,no-url,,,0
maskaradkid_mod_articles_list3,991,129,Сценарий,,,,,,1,4,no-url,,,0
maskaradkid_mod_articles_list3,999,96,show-music.ru,http://show-music.ru/links/holiday?&start=6,,,,,0,261,other,,,0
maskaradkid_mod_articles_list3,998,103,terradelluomo.ru,http://www.terradelluomo.ru/useful_urls40.htm,,,,,0,31,other,,,0
maskaradkid_mod_articles_list3,1000,130,Марти,,,,articles_listing1000_1.jpg,articles_listing1000.jpg,1,1,no-url,,,0
maskaradkid_mod_articles_list3,1001,130,Задумчивый Марти,,,,articles_listing1001_1.jpg,articles_listing1001.jpg,0,2,no-url,,,0
maskaradkid_mod_articles_list3,1002,130,Марти в вагоне,,,,articles_listing1002_1.jpg,articles_listing1002.jpg,1,3,no-url,,,0
maskaradkid_mod_articles_list3,1003,130,Зебра Марти,,,,articles_listing1003_1.jpg,articles_listing1003.jpg,0,4,no-url,,,0
maskaradkid_mod_articles_list3,1004,130,Мелман,,,,articles_listing1004_1.jpg,articles_listing1004.jpg,1,5,no-url,,,0
maskaradkid_mod_articles_list3,1005,130,Вредный Мелман,,,,articles_listing1005_1.jpg,articles_listing1005.jpg,0,6,no-url,,,0
maskaradkid_mod_articles_list3,1006,130,Жираф,,,,articles_listing1006_1.jpg,articles_listing1006.jpg,0,7,no-url,,,0
maskaradkid_mod_articles_list3,1007,130,Мелман в метро,,,,articles_listing1007_1.jpg,articles_listing1007.jpg,1,8,no-url,,,0
maskaradkid_mod_articles_list3,1008,130,Высокий Жираф,,,,articles_listing1008_1.jpg,articles_listing1008.jpg,0,9,no-url,,,0
maskaradkid_mod_articles_list3,1009,130,Пингвин,,,,articles_listing1009_1.jpg,articles_listing1009.jpg,0,10,no-url,,,0
maskaradkid_mod_articles_list3,1010,130,Целеустремленный пингвин,,,,articles_listing1010_1.jpg,articles_listing1010.jpg,1,11,no-url,,,0
maskaradkid_mod_articles_list3,1011,130,Пингвинчик,,,,articles_listing1011_1.jpg,articles_listing1011.jpg,0,12,no-url,,,0
maskaradkid_mod_articles_list3,1012,130,Мартин,,,,articles_listing1012_1.jpg,articles_listing1012.jpg,0,13,no-url,,,0
maskaradkid_mod_articles_list3,1013,130,Марти и пингвин,,,,articles_listing1013_1.jpg,articles_listing1013.jpg,0,14,no-url,,,0
maskaradkid_mod_articles_list3,1014,130,Жираф Мелман,,,,articles_listing1014_1.jpg,articles_listing1014.jpg,1,15,no-url,,,0
maskaradkid_mod_articles_list3,1015,96,mprazdnik.ru,http://www.mprazdnik.ru/links/celebrations_organisation/holiday_agency/?p=5,,,,,0,268,other,,,0
maskaradkid_mod_articles_list3,1016,96,livestage.ru,"http://catalog.livestage.ru/Home,%20family-0.html",,,,,0,269,other,,,0
maskaradkid_mod_articles_list3,1017,96,idealevent.ru,http://idealevent.ru/index.php?page=links&linkpage=3,,,,,0,270,other,,,0
maskaradkid_mod_articles_list3,1018,103,ifiori.ru,http://www.ifiori.ru/ifiori/links/?linkid=39219,,,,,0,34,other,,,0
maskaradkid_mod_articles_list3,1019,103,sg-shar.ru,http://www.holidaythis.ru/segment_partner_2.html,,,,,0,35,other,,,0
maskaradkid_mod_articles_list3,1020,96,weddingvideo.ru,http://www.weddingvideo.ru/links/index.php?idcat=11&p=3&rating=1,,,,,0,272,other,,,0
maskaradkid_mod_articles_list3,1021,96,zotovshow.ru,http://www.zotovshow.ru/ssylki21.html,,,,,0,273,other,,,0
maskaradkid_mod_articles_list3,1022,98,minsk-podarok.com,http://minsk-podarok.com/Poleznoe.html,,,,,0,10,other,,,0
maskaradkid_mod_articles_list3,1023,98,artzoom.ru,http://www.artzoom.ru/bee/pr/pr005.html,,,,,0,11,other,,,0
maskaradkid_mod_articles_list3,1024,103,adamieva.com.ua,http://www.adamieva.com.ua/sitelinks/links_1200131492_1.html,,,,,0,39,other,,,0
maskaradkid_mod_articles_list3,1025,96,убить,,,,,,0,274,no-url,,,0
maskaradkid_mod_articles_list3,1026,96,убить,,,,,,0,275,no-url,,,0
maskaradkid_mod_articles_list3,1027,98,goldturtle.ru,http://goldturtle.ru/links/60.html,,,,,0,13,other,,,0
maskaradkid_mod_articles_list3,1028,103,piroff-show.ru,http://www.piroff-show.ru/partners/1,,,,,0,40,other,,,0
maskaradkid_mod_articles_list3,1029,103,Убить,,,,,,0,42,no-url,,,0
maskaradkid_mod_articles_list3,1030,103,granpri-msk.ru,http://granpri-msk.ru/topic/links/party-organization/2/,,,,,0,46,other,,,0
maskaradkid_mod_articles_list3,1031,103,vashprazdnik.com,http://vashprazdnik.com/masters/partners/.,,,,,0,48,other,,,0
maskaradkid_mod_articles_list3,1032,96,swadba.by,http://www.swadba.byhttp://www.swadba.by/best.php?actions=cat&id=16,,,,,0,278,other,,,0
maskaradkid_mod_articles_list3,1033,96,framestudio.ru,http://framestudio.ru/links.shtml?id=15648&cat=.,,,,,0,280,other,,,0
maskaradkid_mod_articles_list3,1034,103,klonator.ru,http://klonator.ru/links/prazdnik1.htm,,,,,0,49,other,,,0
maskaradkid_mod_articles_list3,1035,98,newtoys.ru,http://www.newtoys.ru/links/podarks/lst_0/,,,,,0,14,other,,,0
maskaradkid_mod_articles_list3,1038,103,nat-florist.ru,http://www.nat-florist.ru/links/mainCat.asp?page=4&catID=12,,,,,0,50,other,,,0
maskaradkid_mod_articles_list3,1039,103,Убить,,,,,,0,51,no-url,,,0
maskaradkid_mod_articles_list3,1040,103,Убить,,,,,,0,52,no-url,,,0
maskaradkid_mod_articles_list3,1041,96,nighttrust.ru,http://www.nighttrust.ru/cncat/item90.html,,,,,0,281,other,,,0
maskaradkid_mod_articles_list3,1042,103,Убить,,,,,,0,53,no-url,,,0
maskaradkid_mod_articles_list3,1043,103,photospace.ru,http://www.photospace.ru/links/link.php?id=1058,,,,,0,59,other,,,0
maskaradkid_mod_articles_list3,1044,96,nevesta.info,http://www.nevesta.info/partners/,,,,,0,282,other,,,0
maskaradkid_mod_articles_list3,1045,96,svadba66.ru,http://www.svadba66.ru/partners,,,,,0,283,other,,,0
maskaradkid_mod_articles_list3,1046,96,jenimsya.ru,http://www.jenimsya.ru/exchange/tamada-4.html,,,,,0,284,other,,,0
maskaradkid_mod_articles_list3,1047,103,dmitrykalinin.ru,http://dmitrykalinin.ru/catalogue/prazdnik-2.html,,,,,0,60,other,,,0
maskaradkid_mod_articles_list3,1048,96,belleb.ru,http://www.anyparty.ru/links/cat/3/page/0,,,,,0,285,other,,,0
maskaradkid_mod_articles_list3,1049,96,vanilar.ru,http://www.vanilar.ru/links/link.php?id=1094,,,,,0,286,other,,,0
maskaradkid_mod_articles_list3,1050,102,vanilar.ru,http://www.vanilar.ru/links/link.php?id=1094,,,,,0,2,other,,,0
maskaradkid_mod_articles_list3,1051,102,futaji.ru,http://futaji.ru/index.php?show_aux_page=10,,,,,0,3,other,,,0
maskaradkid_mod_articles_list3,1052,103,убить,,,,,,0,61,no-url,,,0
maskaradkid_mod_articles_list3,1053,102,proprint.ru,http://www.proprint.ru/le2/index.php?category=1206576305&page=10,,,,,0,7,other,,,0
maskaradkid_mod_articles_list3,1054,96,artcatering.ru,http://www.artcatering.ru/useful_urls42.htm,,,,,0,287,other,,,0
maskaradkid_mod_articles_list3,1055,98,artjoke.ru,http://www.artjoke.ru/bee/pr005.html,,,,,0,15,other,,,0
maskaradkid_mod_articles_list3,1056,102,moswedding.ru,http://www.moswedding.ru/item181.html,,,,,0,8,other,,,0
maskaradkid_mod_articles_list3,1057,103,Убить,,,,,,0,62,no-url,,,0
maskaradkid_mod_articles_list3,1058,103,Убить,,,,,,0,63,no-url,,,0
maskaradkid_mod_articles_list3,1059,102,okfoto.ru,http://www.okfoto.ru/katalog/index.php?category=1205964108&page=8,,,,,0,9,other,,,0
maskaradkid_mod_articles_list3,1060,98,veleos.ru,http://www.veleos.ru/linki_dr.html,,,,,0,16,other,,,0
maskaradkid_mod_articles_list3,1061,102,ak-studio.ru,http://www.ak-studio.ru/link_izoart9.htm,,,,,0,10,other,,,0
maskaradkid_mod_articles_list3,1062,96,v-zags.com,http://v-zags.com/links/org6.htm,,,,,0,288,other,,,0
maskaradkid_mod_articles_list3,1063,103,Убить,,,,,,0,64,no-url,,,0
maskaradkid_mod_articles_list3,1064,98,tovaroved.biz,http://www.tovaroved.biz/archives/310,,,,,0,17,other,,,0
maskaradkid_mod_articles_list3,1065,97,jurconsul.ru,http://www.jurconsul.ru/useful_urls25.htm,,,,,0,1,other,,,0
maskaradkid_mod_articles_list3,1066,96,salon-izumi.ru,http://www.salon-izumi.ru/lnk/realty-1.html,,,,,0,289,other,,,0
maskaradkid_mod_articles_list3,1067,96,art-svadba.ru,http://www.art-svadba.ru/links/links_1174648569_2.html,,,,,0,290,other,,,0
maskaradkid_mod_articles_list3,1068,102,smv.od.ua,http://www.smv.od.ua/index_ssilki7.html,,,,,0,11,other,,,0
maskaradkid_mod_articles_list3,1069,131,Снежная планета! Декорация 4.5х2.5 метра,,,articles_listing1069_2.jpg,,articles_listing1069.jpg,1,1,no-url,,,0
maskaradkid_mod_articles_list3,1070,132,В пути! Декорация 4.5х2.5 метра,,,articles_listing1070_2.jpg,,articles_listing1070.jpg,1,1,no-url,,,0
maskaradkid_mod_articles_list3,1072,132,Дом Деда Мороза! Декорация 4.5х2.5 метра,,,articles_listing1072_2.jpg,,articles_listing1072.jpg,1,2,no-url,,,0
maskaradkid_mod_articles_list3,1073,103,yes.com.ua,http://yes.com.ua/catalog/link.19.37.html,,,,,0,69,other,,,0
maskaradkid_mod_articles_list3,1074,103,buket.net.ua,http://buket.net.ua/lp/links_1189583212_2.html,,,,,0,70,other,,,0
maskaradkid_mod_articles_list3,1075,98,darena.ru,http://www.darena.ru/catalog/1/4.htm,,,,,0,18,other,,,0
maskaradkid_mod_articles_list3,1076,102,stalker-next.ucoz.ru,http://stalker-next.ucoz.ru/dir/,,,,,0,12,other,,,0
maskaradkid_mod_articles_list3,1077,102,videostart.ru,http://www.videostart.ru/ss/wedd-0.html,,,,,0,15,other,,,0
maskaradkid_mod_articles_list3,1078,102,angeymaster.narod.ru,http://www.angeymaster.narod.ru/partners7.html,,,,,0,16,other,,,0
maskaradkid_mod_articles_list3,1079,98,confael.ru,http://www.confael.ru/content/files/ssss/con-deti.htm,,,,,0,24,other,,,0
maskaradkid_mod_articles_list3,1080,103,theklim.ru,http://www.theklim.ru/?page=links,,,,,0,72,other,,,0
maskaradkid_mod_articles_list3,1081,102,master-fo.spb.ru,http://www.master-fo.spb.ru/ssilki3.php,,,,,0,20,other,,,0
maskaradkid_mod_articles_list3,1082,102,nikolenko.ucoz.ru,http://nikolenko.ucoz.ru/dir/,,,,,0,21,other,,,0
maskaradkid_mod_articles_list3,1114,7,Индивидуальные праздники,/detskie-prazdniki/individualnye-prazdniki.html,,articles_listing1114_2.jpg,articles_listing1114_1.jpg,articles_listing1114.jpg,1,51,celebration,,,0
maskaradkid_mod_articles_list3,1083,102,futajist.com,http://www.futajist.com/links.php/lPath/4,,,,,0,22,other,,,0
maskaradkid_mod_articles_list3,1084,102,wedding-animation.ru,http://www.wedding-animation.ru/links.php/lPath/1,,,,,0,23,other,,,0
maskaradkid_mod_articles_list3,1085,102,light-n-shade.ru,http://www.light-n-shade.ru/catalog/cat/7/,,,,,0,32,other,,,0
maskaradkid_mod_articles_list3,1086,102,ritmstyle.ru,http://ritmstyle.ru/photosites/2.htm,,,,,0,33,other,,,0
maskaradkid_mod_articles_list3,1087,102,andrews-film.narod.ru,http://andrews-film.narod.ru/links3.html,,,,,0,34,other,,,0
maskaradkid_mod_articles_list3,1088,102,SurkovStudio.com,http://www.surkovstudio.com/links.php,,,,,0,35,other,,,0
maskaradkid_mod_articles_list3,1089,102,SurkovStudio.ucoz.ru,http://surkovstudio.ucoz.ru/dir/1-1-2,,,,,0,36,other,,,0
maskaradkid_mod_articles_list3,1090,102,raspberry.ucoz.ru,http://raspberry.ucoz.ru/dir/2-1-2,,,,,0,40,other,,,0
maskaradkid_mod_articles_list3,1092,98,vkaut.narod.ru,http://vkaut.narod.ru/linksHoliday_4.html,,,,,0,25,other,,,0
maskaradkid_mod_articles_list3,1096,50,Магистральнефтеоргсинтез,,,articles_listing1096_2.gif,articles_listing1096_1.gif,articles_listing1096.gif,1,28,no-url,,,0
maskaradkid_mod_articles_list3,1094,50,Jones Day,,,articles_listing1094_2.gif,articles_listing1094_1.gif,articles_listing1094.gif,1,22,no-url,,,0
maskaradkid_mod_articles_list3,1095,50,Департамент Социальной Защиты,,,articles_listing1095_2.gif,articles_listing1095_1.gif,articles_listing1095.gif,1,23,no-url,,,0
maskaradkid_mod_articles_list3,1097,50,Индезит,,,articles_listing1097_2.gif,articles_listing1097_1.gif,articles_listing1097.gif,1,17,no-url,,,0
maskaradkid_mod_articles_list3,1098,50,Медиа Бюро,,,articles_listing1098_2.gif,articles_listing1098_1.gif,articles_listing1098.gif,1,29,no-url,,,0
maskaradkid_mod_articles_list3,1099,50,Премьера мультфильма Нико. Путь к звездам в кинотеатре Художетсвенный,,,articles_listing1099_2.gif,articles_listing1099_1.gif,articles_listing1099.gif,1,18,no-url,,,0
maskaradkid_mod_articles_list3,1100,50,Фитнес центр Марк Аврелий,,,articles_listing1100_2.gif,articles_listing1100_1.gif,articles_listing1100.gif,1,26,no-url,,,0
maskaradkid_mod_articles_list3,1101,50,Центр социальной реабилитации для детей-инвалидов,,,,,,1,25,no-url,,,0
maskaradkid_mod_articles_list3,1102,50,Андрей Малахов и журнал Starhit,,,articles_listing1102_2.gif,articles_listing1102_1.jpg,articles_listing1102.jpg,1,1,no-url,,,0
maskaradkid_mod_articles_list3,1103,50,Первая московская гимназия,,,articles_listing1103_2.gif,articles_listing1103_1.gif,articles_listing1103.gif,1,30,no-url,,,0
maskaradkid_mod_articles_list3,1104,6,О примьере мультфильма Нико,,,articles_listing1104_2.gif,articles_listing1104_1.gif,articles_listing1104.gif,1,23,no-url,,,0
maskaradkid_mod_articles_list3,1105,101,sc-garmoniya.ru,http://sc-garmoniya.ru/catalog/item40.html.,,,,,0,10,other,,,0
maskaradkid_mod_articles_list3,1106,133,Анонс,,,articles_listing1106_2.jpg,articles_listing1106_1.jpg,articles_listing1106.jpg,1,1,no-url,,,0
maskaradkid_mod_articles_list3,1107,133,Сценарий,,,,,,1,2,no-url,,,0
maskaradkid_mod_articles_list3,1108,133,Смета,,,,,,1,3,no-url,,,0
maskaradkid_mod_articles_list3,1109,134,Анонс,,,articles_listing1109_2.jpg,articles_listing1109_1.jpg,articles_listing1109.jpg,1,1,no-url,,,0
maskaradkid_mod_articles_list3,1110,134,Сценарий,,,,,,1,3,no-url,,,0
maskaradkid_mod_articles_list3,1111,134,Смета,,,,,,1,4,no-url,,,0
maskaradkid_mod_articles_list3,1112,1,Полярный экспресс,/detskii-prazdnik/polyarnyi-ekspress.html,"детский праздник, детский интерактивный спектакль, поезд, сказка, организация детских праздников",articles_listing1112_2.jpg,articles_listing1112_1.jpg,articles_listing1112.jpg,1,1,show,,,0
maskaradkid_mod_articles_list3,1113,1,Мадагаскар,/detskii-prazdnik/madagaskar.html,,articles_listing1113_2.jpg,articles_listing1113_1.jpg,articles_listing1113.jpg,1,4,show,,,0
maskaradkid_mod_articles_list3,1115,102,foto-mixer.ru,http://foto-mixer.ru/links7.html,,,,,0,41,other,,,0
maskaradkid_mod_articles_list3,1116,102,bombcreator.ru,http://www.bombcreator.ru/links2,,,,,0,42,other,,,0
maskaradkid_mod_articles_list3,1117,8,Театрализованные игровые программы,,,articles_listing1117_2.jpg,articles_listing1117_1.jpg,articles_listing1117.jpg,1,3,no-url,,,0
maskaradkid_mod_articles_list3,1118,136,Веселое путешествие,,,,articles_listing1118_1.jpg,articles_listing1118.jpg,1,1,no-url,,,0
maskaradkid_mod_articles_list3,1119,136,Чуткий лев Алекс,,,,articles_listing1119_1.jpg,articles_listing1119.jpg,1,2,no-url,,,0
maskaradkid_mod_articles_list3,1120,136,Непроходимые джунгли,,,,articles_listing1120_1.jpg,articles_listing1120.jpg,1,3,no-url,,,0
maskaradkid_mod_articles_list3,1121,136,Учимся танцевать с Мэлвином и Джулией,,,,articles_listing1121_1.jpg,articles_listing1121.jpg,1,4,no-url,,,0
maskaradkid_mod_articles_list3,1122,136,Вечеринка в стиле Мадагаскар,,,,articles_listing1122_1.jpg,articles_listing1122.jpg,1,5,no-url,,,0
maskaradkid_mod_articles_list3,1123,136,Переплыть океан,,,,articles_listing1123_1.jpg,articles_listing1123.jpg,1,6,no-url,,,0
maskaradkid_mod_articles_list3,1124,139,Развлекательную,,,,,,0,1,no-url,,,0
maskaradkid_mod_articles_list3,1125,139,Познавательную,,,,,,1,2,no-url,,,0
maskaradkid_mod_articles_list3,1126,139,Образовательную,,,,,,1,4,no-url,,,0
maskaradkid_mod_articles_list3,1127,139,Развивающую,,,,,,1,5,no-url,,,0
maskaradkid_mod_articles_list3,1128,139,Подвижную,,,,,,1,11,no-url,,,0
maskaradkid_mod_articles_list3,1129,98,Аня,,,,,,0,26,no-url,,,0
maskaradkid_mod_articles_list3,1130,6,4 дня рождения и выпускной вечер в детском саду.,,,,,,1,24,no-url,,,0
maskaradkid_mod_articles_list3,1131,11,Благотворительность,,,,,,1,131,no-url,,,0
maskaradkid_mod_articles_list3,1132,140,Праздник для детей больных раком,,,articles_listing1132_2.jpg,articles_listing1132_1.jpg,,1,1,no-url,,,0
maskaradkid_mod_articles_list3,1133,140,Праздник ко дню знаний,,,articles_listing1133_2.jpg,articles_listing1133_1.jpg,,1,2,no-url,,,0
maskaradkid_mod_articles_list3,1134,143,Полярный экспресс,http://video.rutube.ru/240a7a5a62bb90f2521cd7199dbe2b1b,,,,,1,1,other,,,0
maskaradkid_mod_articles_list3,1135,143,Снежная планета,http://video.rutube.ru/60d5bf1408289c167a795192a20c956a,,,,,1,2,other,,,0
maskaradkid_mod_articles_list3,1136,143,Белоснежка и семь гномов,http://video.rutube.ru/945453e7d45cc4c828a2d6a3458be590,,,,,1,4,other,,,0
maskaradkid_mod_articles_list3,1137,143,Пираты Карибского моря,http://video.rutube.ru/d268027d034d8799fce98cb50e4dbdd3,,,,,1,5,other,,,0
maskaradkid_mod_articles_list3,1138,143,Ледниковый период,http://video.rutube.ru/2251a577b0a923fb2a784845c1fabb06,,,,,1,6,other,,,0
maskaradkid_mod_articles_list3,1139,143,Золушка,http://video.rutube.ru/56b69489d0634f49d5102c54465848b6,,,,,1,7,other,,,0
maskaradkid_mod_articles_list3,1140,143,Алиса в стране чудес,http://video.rutube.ru/8402d24c3123b280c5f253f49235a897,,,,,1,8,other,,,0
maskaradkid_mod_articles_list3,1141,144,Декорация 4.5х2.5 метра,,,articles_listing1141_2.jpg,articles_listing1141_1.jpg,articles_listing1141.jpg,1,1,no-url,,,0
maskaradkid_mod_articles_list3,1142,140,Новогодняя ёлка,,,articles_listing1142_2.jpg,articles_listing1142_1.jpg,,1,3,no-url,,,0
maskaradkid_mod_articles_list3,1143,6,Новогоднее мероприятие для детей сотрудников РАТИОФАРМ,,,articles_listing1143_2.jpg,articles_listing1143_1.jpg,,1,25,no-url,,,0
maskaradkid_mod_articles_list3,1144,50,Фармацевтический гигант «РАТИОФАРМ»,,,articles_listing1144_2.jpg,articles_listing1144_1.jpg,,1,6,no-url,,,0
maskaradkid_mod_articles_list3,1145,50,Кира Пластинина стиль,,,articles_listing1145_2.jpg,articles_listing1145_1.jpg,,1,4,no-url,,,0
maskaradkid_mod_articles_list3,1146,50,Российские Железные Дороги,,,articles_listing1146_2.jpg,articles_listing1146_1.jpg,,1,3,no-url,,,0
maskaradkid_mod_articles_list3,1147,50,Гипермаркет «МЕТРО Кэш энд Керри»,,,articles_listing1147_2.jpg,articles_listing1147_1.jpg,,1,5,no-url,,,0
maskaradkid_mod_articles_list3,1148,112,Вагончик,,,articles_listing1148_2.jpg,articles_listing1148_1.jpg,articles_listing1148.jpg,1,7,no-url,,,0
maskaradkid_mod_articles_list3,1149,1,Школа волшебниц Винкс,/detskii-prazdnik/winx.html,"Школа волшебниц Винкс, детский праздник Winx club",articles_listing1149_2.jpg,articles_listing1149_1.jpg,articles_listing1149.jpg,1,32,show,,,0
maskaradkid_mod_articles_list3,1150,145,Анонс,,"Школа волшебниц Винкс, детский праздник Winx club",articles_listing1150_2.jpg,articles_listing1150_1.jpg,articles_listing1150.jpg,1,1,no-url,,,0
maskaradkid_mod_articles_list3,1151,145,Сценарий,,,,,,0,4,no-url,,,0
maskaradkid_mod_articles_list3,1152,145,Смета,,,,,,1,5,no-url,,,0
maskaradkid_mod_articles_list3,1153,1,Мэри Поппинс,/detskii-prazdnik/mary-poppins.html,"Мэри Поппинс, организация детского праздника, няня, мисс совершенство",articles_listing1153_2.jpg,articles_listing1153_1.jpg,articles_listing1153.jpg,1,33,show,,,0
maskaradkid_mod_articles_list3,1154,146,Анонс,,"Мэри Поппинс, организация детского праздника, няня, мисс совершенство",articles_listing1154_2.jpg,articles_listing1154_1.jpg,articles_listing1154.jpg,1,1,no-url,,,0
maskaradkid_mod_articles_list3,1155,146,Сценарий,,,,,,0,2,no-url,,,0
maskaradkid_mod_articles_list3,1156,146,Смета,,,,,,1,3,no-url,,,0
