path,extension,size_bytes,bucket
admin/editor/editor/css/images/fck_anchor.gif,gif,184,admin
admin/editor/editor/css/images/fck_flashlogo.gif,gif,599,admin
admin/editor/editor/css/images/fck_hiddenfield.gif,gif,105,admin
admin/editor/editor/css/images/fck_pagebreak.gif,gif,54,admin
admin/editor/editor/dialog/common/images/locked.gif,gif,74,admin
admin/editor/editor/dialog/common/images/reset.gif,gif,104,admin
admin/editor/editor/dialog/common/images/unlocked.gif,gif,75,admin
admin/editor/editor/dialog/fck_about/logo_fckeditor.gif,gif,2044,admin
admin/editor/editor/dialog/fck_about/logo_fredck.gif,gif,920,admin
admin/editor/editor/dialog/fck_template/images/template1.gif,gif,375,admin
admin/editor/editor/dialog/fck_template/images/template2.gif,gif,333,admin
admin/editor/editor/dialog/fck_template/images/template3.gif,gif,422,admin
admin/editor/editor/filemanager/browser/default/images/ButtonArrow.gif,gif,138,admin
admin/editor/editor/filemanager/browser/default/images/Folder.gif,gif,128,admin
admin/editor/editor/filemanager/browser/default/images/Folder32.gif,gif,281,admin
admin/editor/editor/filemanager/browser/default/images/FolderOpened.gif,gif,132,admin
admin/editor/editor/filemanager/browser/default/images/FolderOpened32.gif,gif,264,admin
admin/editor/editor/filemanager/browser/default/images/FolderUp.gif,gif,132,admin
admin/editor/editor/filemanager/browser/default/images/icons/32/ai.gif,gif,1140,admin
admin/editor/editor/filemanager/browser/default/images/icons/32/avi.gif,gif,454,admin
admin/editor/editor/filemanager/browser/default/images/icons/32/bmp.gif,gif,709,admin
admin/editor/editor/filemanager/browser/default/images/icons/32/cs.gif,gif,224,admin
admin/editor/editor/filemanager/browser/default/images/icons/32/default.icon.gif,gif,177,admin
admin/editor/editor/filemanager/browser/default/images/icons/32/dll.gif,gif,258,admin
admin/editor/editor/filemanager/browser/default/images/icons/32/doc.gif,gif,260,admin
admin/editor/editor/filemanager/browser/default/images/icons/32/exe.gif,gif,170,admin
admin/editor/editor/filemanager/browser/default/images/icons/32/fla.gif,gif,946,admin
admin/editor/editor/filemanager/browser/default/images/icons/32/gif.gif,gif,704,admin
admin/editor/editor/filemanager/browser/default/images/icons/32/htm.gif,gif,1527,admin
admin/editor/editor/filemanager/browser/default/images/icons/32/html.gif,gif,1527,admin
admin/editor/editor/filemanager/browser/default/images/icons/32/jpg.gif,gif,463,admin
admin/editor/editor/filemanager/browser/default/images/icons/32/js.gif,gif,274,admin
admin/editor/editor/filemanager/browser/default/images/icons/32/mdb.gif,gif,274,admin
admin/editor/editor/filemanager/browser/default/images/icons/32/mp3.gif,gif,454,admin
admin/editor/editor/filemanager/browser/default/images/icons/32/pdf.gif,gif,567,admin
admin/editor/editor/filemanager/browser/default/images/icons/32/png.gif,gif,464,admin
admin/editor/editor/filemanager/browser/default/images/icons/32/ppt.gif,gif,254,admin
admin/editor/editor/filemanager/browser/default/images/icons/32/rdp.gif,gif,1493,admin
admin/editor/editor/filemanager/browser/default/images/icons/32/swf.gif,gif,725,admin
admin/editor/editor/filemanager/browser/default/images/icons/32/swt.gif,gif,724,admin
admin/editor/editor/filemanager/browser/default/images/icons/32/txt.gif,gif,213,admin
admin/editor/editor/filemanager/browser/default/images/icons/32/vsd.gif,gif,277,admin
admin/editor/editor/filemanager/browser/default/images/icons/32/xls.gif,gif,271,admin
admin/editor/editor/filemanager/browser/default/images/icons/32/xml.gif,gif,408,admin
admin/editor/editor/filemanager/browser/default/images/icons/32/zip.gif,gif,368,admin
admin/editor/editor/filemanager/browser/default/images/icons/ai.gif,gif,403,admin
admin/editor/editor/filemanager/browser/default/images/icons/avi.gif,gif,249,admin
admin/editor/editor/filemanager/browser/default/images/icons/bmp.gif,gif,126,admin
admin/editor/editor/filemanager/browser/default/images/icons/cs.gif,gif,128,admin
admin/editor/editor/filemanager/browser/default/images/icons/default.icon.gif,gif,113,admin
admin/editor/editor/filemanager/browser/default/images/icons/dll.gif,gif,132,admin
admin/editor/editor/filemanager/browser/default/images/icons/doc.gif,gif,140,admin
admin/editor/editor/filemanager/browser/default/images/icons/exe.gif,gif,109,admin
admin/editor/editor/filemanager/browser/default/images/icons/fla.gif,gif,382,admin
admin/editor/editor/filemanager/browser/default/images/icons/gif.gif,gif,125,admin
admin/editor/editor/filemanager/browser/default/images/icons/htm.gif,gif,621,admin
admin/editor/editor/filemanager/browser/default/images/icons/html.gif,gif,621,admin
admin/editor/editor/filemanager/browser/default/images/icons/jpg.gif,gif,125,admin
admin/editor/editor/filemanager/browser/default/images/icons/js.gif,gif,139,admin
admin/editor/editor/filemanager/browser/default/images/icons/mdb.gif,gif,146,admin
admin/editor/editor/filemanager/browser/default/images/icons/mp3.gif,gif,249,admin
admin/editor/editor/filemanager/browser/default/images/icons/pdf.gif,gif,230,admin
admin/editor/editor/filemanager/browser/default/images/icons/png.gif,gif,125,admin
admin/editor/editor/filemanager/browser/default/images/icons/ppt.gif,gif,139,admin
admin/editor/editor/filemanager/browser/default/images/icons/rdp.gif,gif,606,admin
admin/editor/editor/filemanager/browser/default/images/icons/swf.gif,gif,388,admin
admin/editor/editor/filemanager/browser/default/images/icons/swt.gif,gif,388,admin
admin/editor/editor/filemanager/browser/default/images/icons/txt.gif,gif,122,admin
admin/editor/editor/filemanager/browser/default/images/icons/vsd.gif,gif,136,admin
admin/editor/editor/filemanager/browser/default/images/icons/xls.gif,gif,138,admin
admin/editor/editor/filemanager/browser/default/images/icons/xml.gif,gif,231,admin
admin/editor/editor/filemanager/browser/default/images/icons/zip.gif,gif,235,admin
admin/editor/editor/filemanager/browser/default/images/spacer.gif,gif,43,admin
admin/editor/editor/images/anchor.gif,gif,184,admin
admin/editor/editor/images/arrow_ltr.gif,gif,49,admin
admin/editor/editor/images/arrow_rtl.gif,gif,49,admin
admin/editor/editor/images/smiley/msn/angel_smile.gif,gif,445,admin
admin/editor/editor/images/smiley/msn/angry_smile.gif,gif,453,admin
admin/editor/editor/images/smiley/msn/broken_heart.gif,gif,423,admin
admin/editor/editor/images/smiley/msn/cake.gif,gif,453,admin
admin/editor/editor/images/smiley/msn/confused_smile.gif,gif,322,admin
admin/editor/editor/images/smiley/msn/cry_smile.gif,gif,473,admin
admin/editor/editor/images/smiley/msn/devil_smile.gif,gif,444,admin
admin/editor/editor/images/smiley/msn/embaressed_smile.gif,gif,1077,admin
admin/editor/editor/images/smiley/msn/envelope.gif,gif,1030,admin
admin/editor/editor/images/smiley/msn/heart.gif,gif,1012,admin
admin/editor/editor/images/smiley/msn/kiss.gif,gif,978,admin
admin/editor/editor/images/smiley/msn/lightbulb.gif,gif,303,admin
admin/editor/editor/images/smiley/msn/omg_smile.gif,gif,342,admin
admin/editor/editor/images/smiley/msn/regular_smile.gif,gif,1036,admin
admin/editor/editor/images/smiley/msn/sad_smile.gif,gif,1039,admin
admin/editor/editor/images/smiley/msn/shades_smile.gif,gif,1059,admin
admin/editor/editor/images/smiley/msn/teeth_smile.gif,gif,1064,admin
admin/editor/editor/images/smiley/msn/thumbs_down.gif,gif,992,admin
admin/editor/editor/images/smiley/msn/thumbs_up.gif,gif,989,admin
admin/editor/editor/images/smiley/msn/tounge_smile.gif,gif,1055,admin
admin/editor/editor/images/smiley/msn/whatchutalkingabout_smile.gif,gif,1034,admin
admin/editor/editor/images/smiley/msn/wink_smile.gif,gif,1041,admin
admin/editor/editor/images/spacer.gif,gif,43,admin
admin/editor/editor/plugins/placeholder/placeholder.gif,gif,96,admin
admin/editor/editor/skins/default/fck_strip.gif,gif,4578,admin
admin/editor/editor/skins/default/images/toolbar.arrowright.gif,gif,53,admin
admin/editor/editor/skins/default/images/toolbar.buttonarrow.gif,gif,46,admin
admin/editor/editor/skins/default/images/toolbar.collapse.gif,gif,152,admin
admin/editor/editor/skins/default/images/toolbar.end.gif,gif,43,admin
admin/editor/editor/skins/default/images/toolbar.expand.gif,gif,152,admin
admin/editor/editor/skins/default/images/toolbar.separator.gif,gif,58,admin
admin/editor/editor/skins/default/images/toolbar.start.gif,gif,105,admin
admin/editor/editor/skins/office2003/fck_strip.gif,gif,9030,admin
admin/editor/editor/skins/office2003/images/toolbar.arrowright.gif,gif,53,admin
admin/editor/editor/skins/office2003/images/toolbar.bg.gif,gif,73,admin
admin/editor/editor/skins/office2003/images/toolbar.buttonarrow.gif,gif,46,admin
admin/editor/editor/skins/office2003/images/toolbar.collapse.gif,gif,152,admin
admin/editor/editor/skins/office2003/images/toolbar.end.gif,gif,124,admin
admin/editor/editor/skins/office2003/images/toolbar.expand.gif,gif,152,admin
admin/editor/editor/skins/office2003/images/toolbar.separator.gif,gif,67,admin
admin/editor/editor/skins/office2003/images/toolbar.start.gif,gif,99,admin
admin/editor/editor/skins/silver/fck_strip.gif,gif,4578,admin
admin/editor/editor/skins/silver/images/toolbar.arrowright.gif,gif,53,admin
admin/editor/editor/skins/silver/images/toolbar.buttonarrow.gif,gif,46,admin
admin/editor/editor/skins/silver/images/toolbar.buttonbg.gif,gif,829,admin
admin/editor/editor/skins/silver/images/toolbar.collapse.gif,gif,152,admin
admin/editor/editor/skins/silver/images/toolbar.end.gif,gif,43,admin
admin/editor/editor/skins/silver/images/toolbar.expand.gif,gif,152,admin
admin/editor/editor/skins/silver/images/toolbar.separator.gif,gif,58,admin
admin/editor/editor/skins/silver/images/toolbar.start.gif,gif,105,admin
admin/img/anchor.gif,gif,184,admin
admin/img/browse.png,png,240,admin
admin/img/deathmaster.gif,gif,3656,admin
admin/img/del.png,png,244,admin
admin/img/developer.gif,gif,2896,admin
admin/img/dir.gif,gif,128,admin
admin/img/edit.png,png,348,admin
admin/img/help/admin_module_edit.gif,gif,6253,admin
admin/img/help/admin_modules_list.gif,gif,8312,admin
admin/img/help/admin_user_edit.gif,gif,9652,admin
admin/img/help/manager.gif,gif,1161,admin
admin/img/help/module_page_list.gif,gif,2376,admin
admin/img/help/page_edit.gif,gif,6401,admin
admin/img/help/page_list.gif,gif,3785,admin
admin/img/help/page_module_edit.gif,gif,4134,admin
admin/img/help/page_modules_list.gif,gif,3018,admin
admin/img/index.png,png,972,admin
admin/img/insert.png,png,1017,admin
admin/img/item_dn.png,png,181,admin
admin/img/item_ltr.png,png,136,admin
admin/img/item_rtl.png,png,136,admin
admin/img/item_up.png,png,181,admin
admin/img/lf.gif,gif,66,admin
admin/img/list.gif,gif,869,admin
admin/img/logo.gif,gif,2428,admin
admin/img/logo1.gif,gif,5042,admin
admin/img/macronet.gif,gif,3478,admin
admin/img/mail.gif,gif,72,admin
admin/img/mail1.gif,gif,72,admin
admin/img/noselect.png,png,244,admin
admin/img/notice.png,png,308,admin
admin/img/nounique.png,png,973,admin
admin/img/options_arrow.gif,gif,85,admin
admin/img/options_bg.gif,gif,41,admin
admin/img/pix.gif,gif,43,admin
admin/img/price.gif,gif,460,admin
admin/img/print.gif,gif,270,admin
admin/img/printgrey.gif,gif,980,admin
admin/img/prop.png,png,279,admin
admin/img/question.png,png,292,admin
admin/img/select.png,png,246,admin
admin/img/unique.png,png,282,admin
admin/img/work.png,png,345,admin
favicon.ico,ico,894,favicon.ico
favicon1.ico,ico,2494,favicon1.ico
favicon2.ico,ico,894,favicon2.ico
files/file/music/masha.wma,wma,2091066,files
files/file/music/rozhdestvo.wma,wma,2664818,files
files/file/music/veronika.wma,wma,2234490,files
files/image/1.jpg,jpg,7176,files
files/image/1september_1.jpg,jpg,2594,files
files/image/1september_2.jpg,jpg,3226,files
files/image/1september_3.jpg,jpg,3078,files
files/image/1september_4.jpg,jpg,5058,files
files/image/Unite Bottling Group.jpg,jpg,29326,files
files/image/about.jpg,jpg,22065,files
files/image/about_big.jpg,jpg,32205,files
files/image/afisha_8_9_15_16_oktyabrya.jpg,jpg,218871,files
files/image/animals02.jpg,jpg,12217,files
files/image/art.jpg,jpg,13408,files
files/image/articles_listing383.jpg,jpg,9222,files
files/image/articles_listing392_1.jpg,jpg,10499,files
files/image/autumn1.jpg,jpg,8654,files
files/image/autumn1b.jpg,jpg,75747,files
files/image/autumn2.jpg,jpg,3805,files
files/image/autumn3.jpg,jpg,5388,files
files/image/banner/restoran.jpg,jpg,61440,files
files/image/buratino.jpg,jpg,21987,files
files/image/buratino01.jpg,jpg,8996,files
files/image/buratino1.jpg,jpg,7321,files
files/image/corp1.jpg,jpg,10446,files
files/image/corp2.jpg,jpg,21727,files
files/image/decor.jpg,jpg,20287,files
files/image/ded-moroz1.jpg,jpg,141369,files
files/image/ded-moroz1_1.jpg,jpg,25524,files
files/image/deti_birthday1.jpg,jpg,6416,files
files/image/deti_birthday2.jpg,jpg,4107,files
files/image/deti_birthday3.jpg,jpg,4787,files
files/image/deti_newyear1.jpg,jpg,8621,files
files/image/deti_newyear2.jpg,jpg,6662,files
files/image/deti_newyear3.jpg,jpg,7307,files
files/image/deti_newyear4.jpg,jpg,7302,files
files/image/deti_newyear5.jpg,jpg,7185,files
files/image/deti_newyear6.jpg,jpg,4312,files
files/image/detskie_prazdniki1.jpg,jpg,3973,files
files/image/detskie_prazdniki2.jpg,jpg,7604,files
files/image/elf/elf02.jpg,jpg,60885,files
files/image/elf/elf02_0.jpg,jpg,2244,files
files/image/elf/elf02_1.jpg,jpg,5919,files
files/image/elf/elf02_2.jpg,jpg,55924,files
files/image/fairy1.jpg,jpg,5164,files
files/image/fairy2.jpg,jpg,4805,files
files/image/fairy3.jpg,jpg,6610,files
files/image/fairy4.jpg,jpg,22641,files
files/image/fashion1.jpg,jpg,4746,files
files/image/fashion2.jpg,jpg,5270,files
files/image/film.jpg,jpg,20027,files
files/image/fire.jpg,jpg,4456,files
files/image/fokusi0.jpg,jpg,15357,files
files/image/fokusi1.jpg,jpg,9565,files
files/image/fokusi2.jpg,jpg,9407,files
files/image/gallery1.jpg,jpg,13348,files
files/image/gallery1b.jpg,jpg,110145,files
files/image/gallery2.jpg,jpg,14368,files
files/image/gallery2b.jpg,jpg,220656,files
files/image/gallery3.jpg,jpg,14906,files
files/image/gallery3b.jpg,jpg,214294,files
files/image/gallery4.jpg,jpg,14019,files
files/image/gallery4b.jpg,jpg,221462,files
files/image/gallery5.jpg,jpg,9391,files
files/image/gallery5b.jpg,jpg,86110,files
files/image/gallery6.jpg,jpg,14733,files
files/image/gallery6b.jpg,jpg,210628,files
files/image/halloween-fonar.jpg,jpg,34468,files
files/image/halloween1.gif,gif,18894,files
files/image/interaktiv01.jpg,jpg,121619,files
files/image/interaktiv01_1.jpg,jpg,6979,files
files/image/interaktiv02.jpg,jpg,51145,files
files/image/interaktiv02_1.jpg,jpg,4529,files
files/image/kinder1.jpg,jpg,44599,files
files/image/kindergarten1.jpg,jpg,4915,files
files/image/kindergarten10.jpg,jpg,8873,files
files/image/kindergarten11.jpg,jpg,6370,files
files/image/kindergarten2.jpg,jpg,5812,files
files/image/kindergarten3.jpg,jpg,6319,files
files/image/kindergarten4.jpg,jpg,6447,files
files/image/kindergarten5.jpg,jpg,7865,files
files/image/kindergarten6.jpg,jpg,7292,files
files/image/kindergarten7.jpg,jpg,6853,files
files/image/kindergarten8.jpg,jpg,5519,files
files/image/kindergarten9.jpg,jpg,7909,files
files/image/logo.gif,gif,2428,files
files/image/logo1.gif,gif,5042,files
files/image/logo_artlebedev.gif,gif,633,files
files/image/logo_bakulev.gif,gif,12047,files
files/image/logo_basf.gif,gif,1324,files
files/image/logo_bogemia_glass.gif,gif,4180,files
files/image/logo_dhl.gif,gif,628,files
files/image/logo_gymnasia1.gif,gif,12819,files
files/image/logo_novotel.gif,gif,8383,files
files/image/logo_parquet_hall.gif,gif,2498,files
files/image/logo_svrkrielty.gif,gif,2501,files
files/image/logo_uprava_umedv.gif,gif,4046,files
files/image/main_art1.jpg,jpg,0,files
files/image/mainart1.jpg,jpg,11221,files
files/image/mainart2.jpg,jpg,7020,files
files/image/malahov_starhit.jpg,jpg,11585,files
files/image/malahov_starhit1.jpg,jpg,161802,files
files/image/malahov_starhit2.jpg,jpg,172264,files
files/image/malahov_starhit3.jpg,jpg,155465,files
files/image/map.gif,gif,48077,files
files/image/map439x451.gif,gif,51733,files
files/image/maskarad.jpg,jpg,46437,files
files/image/maskarad_team.jpg,jpg,36218,files
files/image/merry1.jpg,jpg,7806,files
files/image/mitf2007.gif,gif,6296,files
files/image/newyear1.jpg,jpg,5659,files
files/image/newyear4.jpg,jpg,8641,files
files/image/newyear5.jpg,jpg,6733,files
files/image/novgod/interaktiv01.jpg,jpg,121619,files
files/image/novgod/interaktiv01_1.jpg,jpg,6979,files
files/image/novgod/interaktiv01_1_1.jpg,jpg,2842,files
files/image/novgod/interaktiv02.jpg,jpg,51145,files
files/image/novgod/interaktiv02_1.jpg,jpg,4529,files
files/image/organizatciay.jpg,jpg,8670,files
files/image/party(1).gif,gif,2582,files
files/image/party.gif,gif,3360,files
files/image/party1.jpg,jpg,5997,files
files/image/party3.jpg,jpg,4989,files
files/image/party4.jpg,jpg,4394,files
files/image/party5.jpg,jpg,5392,files
files/image/pic1.jpg,jpg,7164,files
files/image/pic2.jpg,jpg,6492,files
files/image/pic3.jpg,jpg,8091,files
files/image/pirat.jpg,jpg,5754,files
files/image/piraty/frozen4.jpg,jpg,172881,files
files/image/piraty/piraty01.jpg,jpg,91686,files
files/image/piraty/piraty02.jpg,jpg,86798,files
files/image/piraty/piraty02_1.jpg,jpg,5825,files
files/image/pressa_ezhiki.jpg,jpg,9860,files
files/image/salut00.jpg,jpg,6634,files
files/image/salut01.jpg,jpg,5270,files
files/image/salut02.jpg,jpg,6111,files
files/image/salut03.jpg,jpg,5736,files
files/image/shrek.jpg,jpg,10402,files
files/image/team1.jpg,jpg,8568,files
files/image/team2.jpg,jpg,5653,files
files/image/teatr_banner.jpg,jpg,32661,files
files/image/teatr_cheboxary1.jpg,jpg,76270,files
files/image/teatr_voronezh.jpg,jpg,113235,files
files/image/teatr_zolushka.jpg,jpg,82570,files
files/image/timeout.gif,gif,2846,files
files/image/truppa.jpg,jpg,186827,files
files/image/vinnipooh01.jpg,jpg,7704,files
files/image/vipusknoy01.jpg,jpg,2594,files
files/image/vipusknoy02.jpg,jpg,3078,files
files/image/vipusknoy03.jpg,jpg,5058,files
files/media/pirates_320.avi,avi,35639450,files
files/алиса.jpg,jpg,73583,files
img/afisha_8_9_15_16_oktyabrya2011.jpg,jpg,329922,img
img/afisha_8_9_15_16_oktyabrya2011banner.jpg,jpg,71248,img
img/afisha_8_9_15_16_oktyabrya2011hq.jpg,jpg,550917,img
img/background_baloon.gif,gif,1015,img
img/background_osen.gif,gif,16400,img
img/background_osen.png,png,30007,img
img/background_spring.jpg,jpg,707,img
img/background_winter.gif,gif,3828,img
img/background_winter1.gif,gif,1340,img
img/background_winter2.gif,gif,2997,img
img/balloons.gif,gif,257,img
img/banner88x31.gif,gif,2698,img
img/banner88x31.psd,psd,179717,img
img/book.gif,gif,1073,img
img/bullet.gif,gif,62,img
img/button_center_blue.gif,gif,148,img
img/button_center_red.gif,gif,148,img
img/button_left_blue.gif,gif,309,img
img/button_left_red.gif,gif,310,img
img/button_right_blue.gif,gif,307,img
img/button_right_red.gif,gif,308,img
img/child.gif,gif,1151,img
img/copyright.psd,psd,23245,img
img/copyright_full.psd,psd,466157,img
img/corp.gif,gif,1042,img
img/fairy1.jpg,jpg,2556,img
img/flake.jpg,jpg,1769,img
img/flower.gif,gif,1698,img
img/heart.gif,gif,1346,img
img/icon_mail.gif,gif,452,img
img/icon_price.gif,gif,480,img
img/icq.gif,gif,141,img
img/logo1.gif,gif,5042,img
img/logo_center.gif,gif,1267,img
img/logo_left.gif,gif,14937,img
img/logo_left1.gif,gif,14901,img
img/logo_left_old.gif,gif,14678,img
img/logo_right.gif,gif,22194,img
img/logo_right1.gif,gif,23473,img
img/logo_right_summer.gif,gif,23473,img
img/logo_right_winter.gif,gif,22194,img
img/main_bg.gif,gif,70,img
img/main_bg_blue.gif,gif,70,img
img/main_bg_green.gif,gif,64,img
img/main_bg_red.gif,gif,70,img
img/main_btm.gif,gif,178,img
img/main_btm_blue.gif,gif,178,img
img/main_btm_green.gif,gif,149,img
img/main_btm_red.gif,gif,178,img
img/main_top.gif,gif,178,img
img/main_top_blue.gif,gif,178,img
img/main_top_green.gif,gif,178,img
img/main_top_red.gif,gif,178,img
img/maskarad320x240.jpg,jpg,14336,img
img/maskarad32x32.gif,gif,1352,img
img/maskarad468x60.gif,gif,10289,img
img/newyear1.jpg,jpg,5659,img
img/party.gif,gif,3360,img
img/pixel.gif,gif,49,img
img/snow.gif,gif,568,img
img/title_b_blue.gif,gif,986,img
img/title_b_green.gif,gif,918,img
img/title_b_red.gif,gif,991,img
img/title_blue.gif,gif,712,img
img/title_btm_blue.gif,gif,186,img
img/title_btm_green.gif,gif,187,img
img/title_btm_red.gif,gif,186,img
img/title_green.gif,gif,960,img
img/title_red.gif,gif,609,img
img/tresure1.jpg,jpg,3798,img
img/u1.gif,gif,93,img
img/u2.gif,gif,93,img
img/u3.gif,gif,92,img
img/u4.gif,gif,92,img
pic/articles_listing1000.jpg,jpg,57307,pic
pic/articles_listing1000_1.jpg,jpg,5191,pic
pic/articles_listing1001.jpg,jpg,57479,pic
pic/articles_listing1001_1.jpg,jpg,5052,pic
pic/articles_listing1002.jpg,jpg,74818,pic
pic/articles_listing1002_1.jpg,jpg,6463,pic
pic/articles_listing1003.jpg,jpg,59856,pic
pic/articles_listing1003_1.jpg,jpg,5600,pic
pic/articles_listing1004.jpg,jpg,62331,pic
pic/articles_listing1004_1.jpg,jpg,5775,pic
pic/articles_listing1005.jpg,jpg,60316,pic
pic/articles_listing1005_1.jpg,jpg,5477,pic
pic/articles_listing1006.jpg,jpg,68614,pic
pic/articles_listing1006_1.jpg,jpg,6045,pic
pic/articles_listing1007.jpg,jpg,89398,pic
pic/articles_listing1007_1.jpg,jpg,8105,pic
pic/articles_listing1008.jpg,jpg,62827,pic
pic/articles_listing1008_1.jpg,jpg,5883,pic
pic/articles_listing1009.jpg,jpg,54156,pic
pic/articles_listing1009_1.jpg,jpg,5165,pic
pic/articles_listing1010.jpg,jpg,37311,pic
pic/articles_listing1010_1.jpg,jpg,4263,pic
pic/articles_listing1011.jpg,jpg,54729,pic
pic/articles_listing1011_1.jpg,jpg,5002,pic
pic/articles_listing1012.jpg,jpg,59324,pic
pic/articles_listing1012_1.jpg,jpg,4888,pic
pic/articles_listing1013.jpg,jpg,62718,pic
pic/articles_listing1013_1.jpg,jpg,5857,pic
pic/articles_listing1014.jpg,jpg,59776,pic
pic/articles_listing1014_1.jpg,jpg,5081,pic
pic/articles_listing1069.jpg,jpg,43269,pic
pic/articles_listing1069_2.jpg,jpg,3843,pic
pic/articles_listing1070.jpg,jpg,108080,pic
pic/articles_listing1070_2.jpg,jpg,6968,pic
pic/articles_listing1072.jpg,jpg,43269,pic
pic/articles_listing1072_2.jpg,jpg,3843,pic
pic/articles_listing1094.gif,gif,3303,pic
pic/articles_listing1094_1.gif,gif,3303,pic
pic/articles_listing1094_2.gif,gif,4488,pic
pic/articles_listing1095.gif,gif,35769,pic
pic/articles_listing1095_1.gif,gif,35769,pic
pic/articles_listing1095_2.gif,gif,8019,pic
pic/articles_listing1096.gif,gif,6272,pic
pic/articles_listing1096_1.gif,gif,6272,pic
pic/articles_listing1096_2.gif,gif,2627,pic
pic/articles_listing1097.gif,gif,1175,pic
pic/articles_listing1097_1.gif,gif,1175,pic
pic/articles_listing1097_2.gif,gif,2163,pic
pic/articles_listing1098.gif,gif,31865,pic
pic/articles_listing1098_1.gif,gif,31865,pic
pic/articles_listing1098_2.gif,gif,3253,pic
pic/articles_listing1099.gif,gif,18945,pic
pic/articles_listing1099_1.gif,gif,18945,pic
pic/articles_listing1099_2.gif,gif,9732,pic
pic/articles_listing1100.gif,gif,2556,pic
pic/articles_listing1100_1.gif,gif,2556,pic
pic/articles_listing1100_2.gif,gif,1694,pic
pic/articles_listing1102.jpg,jpg,11585,pic
pic/articles_listing1102_1.jpg,jpg,11585,pic
pic/articles_listing1102_2.gif,gif,9204,pic
pic/articles_listing1103.gif,gif,12819,pic
pic/articles_listing1103_1.gif,gif,12819,pic
pic/articles_listing1103_2.gif,gif,6649,pic
pic/articles_listing1104.gif,gif,18945,pic
pic/articles_listing1104_1.gif,gif,18945,pic
pic/articles_listing1104_2.gif,gif,9732,pic
pic/articles_listing1106.jpg,jpg,40725,pic
pic/articles_listing1106_1.jpg,jpg,40725,pic
pic/articles_listing1106_2.jpg,jpg,33833,pic
pic/articles_listing1109.jpg,jpg,8659,pic
pic/articles_listing1109_1.jpg,jpg,8659,pic
pic/articles_listing1109_2.jpg,jpg,6968,pic
pic/articles_listing1112.jpg,jpg,8659,pic
pic/articles_listing1112_1.jpg,jpg,8659,pic
pic/articles_listing1112_2.jpg,jpg,6968,pic
pic/articles_listing1113.jpg,jpg,10870,pic
pic/articles_listing1113_1.jpg,jpg,10870,pic
pic/articles_listing1113_2.jpg,jpg,8618,pic
pic/articles_listing1114.jpg,jpg,57515,pic
pic/articles_listing1114_1.jpg,jpg,57515,pic
pic/articles_listing1114_2.jpg,jpg,57515,pic
pic/articles_listing1117.jpg,jpg,4888,pic
pic/articles_listing1117_1.jpg,jpg,4888,pic
pic/articles_listing1117_2.jpg,jpg,4888,pic
pic/articles_listing1118.jpg,jpg,182754,pic
pic/articles_listing1118_1.jpg,jpg,13538,pic
pic/articles_listing1119.jpg,jpg,129768,pic
pic/articles_listing1119_1.jpg,jpg,10315,pic
pic/articles_listing1120.jpg,jpg,154628,pic
pic/articles_listing1120_1.jpg,jpg,12782,pic
pic/articles_listing1121.jpg,jpg,150658,pic
pic/articles_listing1121_1.jpg,jpg,10466,pic
pic/articles_listing1122.jpg,jpg,157558,pic
pic/articles_listing1122_1.jpg,jpg,12383,pic
pic/articles_listing1123.jpg,jpg,166732,pic
pic/articles_listing1123_1.jpg,jpg,11848,pic
pic/articles_listing1132_1.jpg,jpg,3656,pic
pic/articles_listing1132_2.jpg,jpg,3656,pic
pic/articles_listing1133_1.jpg,jpg,5870,pic
pic/articles_listing1133_2.jpg,jpg,5870,pic
pic/articles_listing1141.jpg,jpg,166090,pic
pic/articles_listing1141_1.jpg,jpg,9843,pic
pic/articles_listing1141_2.jpg,jpg,9843,pic
pic/articles_listing1142_1.jpg,jpg,3128,pic
pic/articles_listing1142_2.jpg,jpg,3128,pic
pic/articles_listing1143_1.jpg,jpg,24146,pic
pic/articles_listing1143_2.jpg,jpg,24146,pic
pic/articles_listing1144_1.jpg,jpg,24146,pic
pic/articles_listing1144_2.jpg,jpg,24146,pic
pic/articles_listing1145_1.jpg,jpg,3535,pic
pic/articles_listing1145_2.jpg,jpg,3535,pic
pic/articles_listing1146_1.jpg,jpg,1979,pic
pic/articles_listing1146_2.jpg,jpg,1979,pic
pic/articles_listing1147_1.jpg,jpg,4155,pic
pic/articles_listing1147_2.jpg,jpg,4155,pic
pic/articles_listing1148.jpg,jpg,74818,pic
pic/articles_listing1148_1.jpg,jpg,6463,pic
pic/articles_listing1148_2.jpg,jpg,6463,pic
pic/articles_listing1149.jpg,jpg,102748,pic
pic/articles_listing1149_1.jpg,jpg,7137,pic
pic/articles_listing1149_2.jpg,jpg,5811,pic
pic/articles_listing1150.jpg,jpg,7137,pic
pic/articles_listing1150_1.jpg,jpg,7137,pic
pic/articles_listing1150_2.jpg,jpg,5811,pic
pic/articles_listing1153.jpg,jpg,29919,pic
pic/articles_listing1153_1.jpg,jpg,29919,pic
pic/articles_listing1153_2.jpg,jpg,25657,pic
pic/articles_listing1154.jpg,jpg,29919,pic
pic/articles_listing1154_1.jpg,jpg,29919,pic
pic/articles_listing1154_2.jpg,jpg,25657,pic
pic/articles_listing1157.jpg,jpg,129383,pic
pic/articles_listing1157_1.jpg,jpg,6841,pic
pic/articles_listing1158.jpg,jpg,11273,pic
pic/articles_listing1158_1.jpg,jpg,11273,pic
pic/articles_listing1158_2.jpg,jpg,8964,pic
pic/articles_listing1159.jpg,jpg,105265,pic
pic/articles_listing1159_1.jpg,jpg,6040,pic
pic/articles_listing1159_2.jpg,jpg,6040,pic
pic/articles_listing1160.jpg,jpg,131557,pic
pic/articles_listing1160_1.jpg,jpg,9500,pic
pic/articles_listing1161.jpg,jpg,131583,pic
pic/articles_listing1161_1.jpg,jpg,9604,pic
pic/articles_listing1162.jpg,jpg,104884,pic
pic/articles_listing1162_1.jpg,jpg,8261,pic
pic/articles_listing1163.jpg,jpg,129535,pic
pic/articles_listing1163_1.jpg,jpg,9275,pic
pic/articles_listing1164.jpg,jpg,120244,pic
pic/articles_listing1164_1.jpg,jpg,7352,pic
pic/articles_listing1165.jpg,jpg,112686,pic
pic/articles_listing1165_1.jpg,jpg,6919,pic
pic/articles_listing1166.jpg,jpg,133810,pic
pic/articles_listing1166_1.jpg,jpg,8374,pic
pic/articles_listing1167.jpg,jpg,11273,pic
pic/articles_listing1167_1.jpg,jpg,11273,pic
pic/articles_listing1167_2.jpg,jpg,8964,pic
pic/articles_listing1170.jpg,jpg,136948,pic
pic/articles_listing1170_1.jpg,jpg,14646,pic
pic/articles_listing1171.jpg,jpg,136948,pic
pic/articles_listing1171_1.jpg,jpg,12019,pic
pic/articles_listing1171_2.jpg,jpg,14646,pic
pic/articles_listing1172.jpg,jpg,106002,pic
pic/articles_listing1172_1.jpg,jpg,8742,pic
pic/articles_listing1172_2.jpg,jpg,10942,pic
pic/articles_listing1173.jpg,jpg,108160,pic
pic/articles_listing1173_1.jpg,jpg,9531,pic
pic/articles_listing1173_2.jpg,jpg,11685,pic
pic/articles_listing1174.jpg,jpg,111969,pic
pic/articles_listing1174_1.jpg,jpg,9338,pic
pic/articles_listing1174_2.jpg,jpg,11485,pic
pic/articles_listing1175.jpg,jpg,55172,pic
pic/articles_listing1175_1.jpg,jpg,5678,pic
pic/articles_listing1175_2.jpg,jpg,6645,pic
pic/articles_listing1176.jpg,jpg,87131,pic
pic/articles_listing1176_1.jpg,jpg,8154,pic
pic/articles_listing1176_2.jpg,jpg,9887,pic
pic/articles_listing1177.jpg,jpg,136948,pic
pic/articles_listing1177_1.jpg,jpg,14646,pic
pic/articles_listing1177_2.jpg,jpg,12019,pic
pic/articles_listing1178.jpg,jpg,12019,pic
pic/articles_listing1178_1.jpg,jpg,12019,pic
pic/articles_listing1178_2.jpg,jpg,12019,pic
pic/articles_listing1182.jpg,jpg,146238,pic
pic/articles_listing1182_1.jpg,jpg,11520,pic
pic/articles_listing1183.jpg,jpg,144698,pic
pic/articles_listing1183_1.jpg,jpg,12794,pic
pic/articles_listing1184.jpg,jpg,125058,pic
pic/articles_listing1184_1.jpg,jpg,10787,pic
pic/articles_listing1185.jpg,jpg,114951,pic
pic/articles_listing1185_1.jpg,jpg,10706,pic
pic/articles_listing1186.jpg,jpg,160650,pic
pic/articles_listing1186_1.jpg,jpg,12337,pic
pic/articles_listing1187.jpg,jpg,132146,pic
pic/articles_listing1187_1.jpg,jpg,11630,pic
pic/articles_listing1188.jpg,jpg,10868,pic
pic/articles_listing1188_1.jpg,jpg,10868,pic
pic/articles_listing1188_2.jpg,jpg,10868,pic
pic/articles_listing1189.jpg,jpg,10868,pic
pic/articles_listing1189_1.jpg,jpg,10868,pic
pic/articles_listing1189_2.jpg,jpg,10868,pic
pic/articles_listing1192.jpg,jpg,131419,pic
pic/articles_listing1192_1.jpg,jpg,10868,pic
pic/articles_listing1192_2.jpg,jpg,10868,pic
pic/articles_listing1193.jpg,jpg,120545,pic
pic/articles_listing1193_1.jpg,jpg,11110,pic
pic/articles_listing1193_2.jpg,jpg,11110,pic
pic/articles_listing1194.jpg,jpg,105277,pic
pic/articles_listing1194_1.jpg,jpg,9485,pic
pic/articles_listing1194_2.jpg,jpg,9485,pic
pic/articles_listing1195.jpg,jpg,99770,pic
pic/articles_listing1195_1.jpg,jpg,10226,pic
pic/articles_listing1195_2.jpg,jpg,10226,pic
pic/articles_listing1196.jpg,jpg,115682,pic
pic/articles_listing1196_1.jpg,jpg,12014,pic
pic/articles_listing1196_2.jpg,jpg,12014,pic
pic/articles_listing1197.jpg,jpg,111837,pic
pic/articles_listing1197_1.jpg,jpg,9980,pic
pic/articles_listing1197_2.jpg,jpg,9980,pic
pic/articles_listing1198.jpg,jpg,107054,pic
pic/articles_listing1198_1.jpg,jpg,12001,pic
pic/articles_listing1198_2.jpg,jpg,12001,pic
pic/articles_listing1199.jpg,jpg,89072,pic
pic/articles_listing1199_1.jpg,jpg,12642,pic
pic/articles_listing1199_2.jpg,jpg,12642,pic
pic/articles_listing1200.jpg,jpg,137505,pic
pic/articles_listing1200_1.jpg,jpg,12912,pic
pic/articles_listing1200_2.jpg,jpg,12912,pic
pic/articles_listing1201.jpg,jpg,102786,pic
pic/articles_listing1201_1.jpg,jpg,11233,pic
pic/articles_listing1201_2.jpg,jpg,11233,pic
pic/articles_listing1202.jpg,jpg,131020,pic
pic/articles_listing1202_1.jpg,jpg,12861,pic
pic/articles_listing1202_2.jpg,jpg,12861,pic
pic/articles_listing1203.jpg,jpg,95713,pic
pic/articles_listing1203_1.jpg,jpg,11203,pic
pic/articles_listing1203_2.jpg,jpg,11203,pic
pic/articles_listing1205.jpg,jpg,129269,pic
pic/articles_listing1205_1.jpg,jpg,10624,pic
pic/articles_listing1205_2.jpg,jpg,10624,pic
pic/articles_listing1206.jpg,jpg,202224,pic
pic/articles_listing1206_1.jpg,jpg,12752,pic
pic/articles_listing1206_2.jpg,jpg,12752,pic
pic/articles_listing1207.jpg,jpg,109350,pic
pic/articles_listing1207_1.jpg,jpg,9860,pic
pic/articles_listing1207_2.jpg,jpg,9860,pic
pic/articles_listing1208.jpg,jpg,174038,pic
pic/articles_listing1208_1.jpg,jpg,15079,pic
pic/articles_listing1208_2.jpg,jpg,15079,pic
pic/articles_listing1209.jpg,jpg,116143,pic
pic/articles_listing1209_1.jpg,jpg,11598,pic
pic/articles_listing1209_2.jpg,jpg,11598,pic
pic/articles_listing1210.jpg,jpg,115636,pic
pic/articles_listing1210_1.jpg,jpg,11385,pic
pic/articles_listing1211.jpg,jpg,84937,pic
pic/articles_listing1211_1.jpg,jpg,9402,pic
pic/articles_listing1212.jpg,jpg,111833,pic
pic/articles_listing1212_1.jpg,jpg,10454,pic
pic/articles_listing1214.jpg,jpg,178380,pic
pic/articles_listing1214_1.jpg,jpg,13228,pic
pic/articles_listing1215.jpg,jpg,162160,pic
pic/articles_listing1215_1.jpg,jpg,13091,pic
pic/articles_listing1216.jpg,jpg,134048,pic
pic/articles_listing1216_1.jpg,jpg,11701,pic
pic/articles_listing1217.jpg,jpg,116750,pic
pic/articles_listing1217_1.jpg,jpg,11659,pic
pic/articles_listing1218.jpg,jpg,176271,pic
pic/articles_listing1218_1.jpg,jpg,12580,pic
pic/articles_listing1219.jpg,jpg,236948,pic
pic/articles_listing1219_1.jpg,jpg,81765,pic
pic/articles_listing1220.jpg,jpg,137276,pic
pic/articles_listing1220_1.jpg,jpg,10396,pic
pic/articles_listing1221.jpg,jpg,121297,pic
pic/articles_listing1221_1.jpg,jpg,10659,pic
pic/articles_listing1222.jpg,jpg,129951,pic
pic/articles_listing1222_1.jpg,jpg,11047,pic
pic/articles_listing1223.jpg,jpg,98278,pic
pic/articles_listing1223_1.jpg,jpg,11162,pic
pic/articles_listing1224.jpg,jpg,122919,pic
pic/articles_listing1224_1.jpg,jpg,10981,pic
pic/articles_listing1225.jpg,jpg,14012,pic
pic/articles_listing1225_1.jpg,jpg,14012,pic
pic/articles_listing1225_2.jpg,jpg,14012,pic
pic/articles_listing1228.jpg,jpg,14012,pic
pic/articles_listing1228_1.jpg,jpg,14012,pic
pic/articles_listing1228_2.jpg,jpg,11247,pic
pic/articles_listing1229.jpg,jpg,175923,pic
pic/articles_listing1229_1.jpg,jpg,11247,pic
pic/articles_listing1230.jpg,jpg,177330,pic
pic/articles_listing1230_1.jpg,jpg,12894,pic
pic/articles_listing1231.jpg,jpg,109596,pic
pic/articles_listing1231_1.jpg,jpg,9788,pic
pic/articles_listing1232.jpg,jpg,103718,pic
pic/articles_listing1232_1.jpg,jpg,8569,pic
pic/articles_listing1233.jpg,jpg,209645,pic
pic/articles_listing1233_1.jpg,jpg,15426,pic
pic/articles_listing1234.jpg,jpg,194440,pic
pic/articles_listing1234_1.jpg,jpg,13361,pic
pic/articles_listing1235.jpg,jpg,197250,pic
pic/articles_listing1235_1.jpg,jpg,15091,pic
pic/articles_listing1238.jpg,jpg,39460,pic
pic/articles_listing1238_1.jpg,jpg,39460,pic
pic/articles_listing1238_2.jpg,jpg,32253,pic
pic/articles_listing1239.jpg,jpg,39460,pic
pic/articles_listing1239_1.jpg,jpg,39460,pic
pic/articles_listing1239_2.jpg,jpg,39460,pic
pic/articles_listing1242.jpg,jpg,191143,pic
pic/articles_listing1242_1.jpg,jpg,32253,pic
pic/articles_listing1243.jpg,jpg,83835,pic
pic/articles_listing1243_1.jpg,jpg,20998,pic
pic/articles_listing1244.jpg,jpg,93032,pic
pic/articles_listing1244_1.jpg,jpg,23808,pic
pic/articles_listing1245.jpg,jpg,72264,pic
pic/articles_listing1245_1.jpg,jpg,23849,pic
pic/articles_listing1246.jpg,jpg,609303,pic
pic/articles_listing1246_1.jpg,jpg,33833,pic
pic/articles_listing1247.jpg,jpg,595006,pic
pic/articles_listing1247_1.jpg,jpg,32006,pic
pic/articles_listing1248.jpg,jpg,114593,pic
pic/articles_listing1248_1.jpg,jpg,30047,pic
pic/articles_listing1249.jpg,jpg,123750,pic
pic/articles_listing1249_1.jpg,jpg,33779,pic
pic/articles_listing1250.jpg,jpg,110959,pic
pic/articles_listing1250_1.jpg,jpg,28977,pic
pic/articles_listing1251.jpg,jpg,119894,pic
pic/articles_listing1251_1.jpg,jpg,25960,pic
pic/articles_listing1252.jpg,jpg,84263,pic
pic/articles_listing1252_1.jpg,jpg,26434,pic
pic/articles_listing1253.jpg,jpg,38223,pic
pic/articles_listing1253_1.jpg,jpg,38223,pic
pic/articles_listing1253_2.jpg,jpg,31719,pic
pic/articles_listing1254.jpg,jpg,38223,pic
pic/articles_listing1254_1.jpg,jpg,38223,pic
pic/articles_listing1254_2.jpg,jpg,38223,pic
pic/articles_listing1256.jpg,jpg,167253,pic
pic/articles_listing1256_1.jpg,jpg,31719,pic
pic/articles_listing1257.jpg,jpg,179108,pic
pic/articles_listing1257_1.jpg,jpg,35416,pic
pic/articles_listing1258.jpg,jpg,130172,pic
pic/articles_listing1258_1.jpg,jpg,32587,pic
pic/articles_listing1259.jpg,jpg,146710,pic
pic/articles_listing1259_1.jpg,jpg,27561,pic
pic/articles_listing1264.jpg,jpg,100642,pic
pic/articles_listing1264_1.jpg,jpg,16325,pic
pic/articles_listing1265.jpg,jpg,135880,pic
pic/articles_listing1265_1.jpg,jpg,26311,pic
pic/articles_listing1266.jpg,jpg,156712,pic
pic/articles_listing1266_1.jpg,jpg,28873,pic
pic/articles_listing1267.jpg,jpg,100529,pic
pic/articles_listing1267_1.jpg,jpg,23400,pic
pic/articles_listing1268.jpg,jpg,100642,pic
pic/articles_listing1268_1.jpg,jpg,19226,pic
pic/articles_listing1268_2.jpg,jpg,16325,pic
pic/articles_listing1269.jpg,jpg,19226,pic
pic/articles_listing1269_1.jpg,jpg,19226,pic
pic/articles_listing1269_2.jpg,jpg,19226,pic
pic/articles_listing1270.jpg,jpg,105947,pic
pic/articles_listing1270_1.jpg,jpg,25657,pic
pic/articles_listing1271.jpg,jpg,148818,pic
pic/articles_listing1271_1.jpg,jpg,26874,pic
pic/articles_listing1272.jpg,jpg,158924,pic
pic/articles_listing1272_1.jpg,jpg,27978,pic
pic/articles_listing1273.jpg,jpg,125141,pic
pic/articles_listing1273_1.jpg,jpg,26200,pic
pic/articles_listing1274.jpg,jpg,103687,pic
pic/articles_listing1274_1.jpg,jpg,24637,pic
pic/articles_listing1275.jpg,jpg,165024,pic
pic/articles_listing1275_1.jpg,jpg,26437,pic
pic/articles_listing1276.jpg,jpg,154528,pic
pic/articles_listing1276_1.jpg,jpg,26731,pic
pic/articles_listing1277.jpg,jpg,111564,pic
pic/articles_listing1277_1.jpg,jpg,27306,pic
pic/articles_listing1278.jpg,jpg,145817,pic
pic/articles_listing1278_1.jpg,jpg,26459,pic
pic/articles_listing1279.jpg,jpg,161089,pic
pic/articles_listing1279_1.jpg,jpg,28556,pic
pic/articles_listing1280.jpg,jpg,22465,pic
pic/articles_listing1280_2.jpg,jpg,22465,pic
pic/articles_listing1281.jpg,jpg,104460,pic
pic/articles_listing1281_2.jpg,jpg,104460,pic
pic/articles_listing1282.jpg,jpg,39988,pic
pic/articles_listing1282_2.jpg,jpg,39988,pic
pic/articles_listing1283.jpg,jpg,112545,pic
pic/articles_listing1283_2.jpg,jpg,112545,pic
pic/articles_listing1284.jpg,jpg,61459,pic
pic/articles_listing1284_2.jpg,jpg,61459,pic
pic/articles_listing1285.jpg,jpg,126151,pic
pic/articles_listing1285_2.jpg,jpg,126151,pic
pic/articles_listing1286.jpg,jpg,47470,pic
pic/articles_listing1286_2.jpg,jpg,47470,pic
pic/articles_listing1288.jpg,jpg,27382,pic
pic/articles_listing1288_1.jpg,jpg,27382,pic
pic/articles_listing1288_2.jpg,jpg,24452,pic
pic/articles_listing1289.jpg,jpg,27382,pic
pic/articles_listing1289_1.jpg,jpg,27382,pic
pic/articles_listing1289_2.jpg,jpg,27382,pic
pic/articles_listing1292.jpg,jpg,249995,pic
pic/articles_listing1292_1.jpg,jpg,34882,pic
pic/articles_listing1293.jpg,jpg,35090,pic
pic/articles_listing1293_1.jpg,jpg,33189,pic
pic/articles_listing1294.jpg,jpg,119054,pic
pic/articles_listing1294_1.jpg,jpg,26580,pic
pic/articles_listing1295.jpg,jpg,91394,pic
pic/articles_listing1295_1.jpg,jpg,32517,pic
pic/articles_listing1296.jpg,jpg,97658,pic
pic/articles_listing1296_1.jpg,jpg,27221,pic
pic/articles_listing1297.jpg,jpg,154301,pic
pic/articles_listing1297_1.jpg,jpg,39152,pic
pic/articles_listing1298.jpg,jpg,151833,pic
pic/articles_listing1298_1.jpg,jpg,32523,pic
pic/articles_listing1299.jpg,jpg,120760,pic
pic/articles_listing1299_1.jpg,jpg,28865,pic
pic/articles_listing1300.jpg,jpg,186730,pic
pic/articles_listing1300_1.jpg,jpg,43704,pic
pic/articles_listing1301.jpg,jpg,176588,pic
pic/articles_listing1301_1.jpg,jpg,29447,pic
pic/articles_listing1302.jpg,jpg,177165,pic
pic/articles_listing1302_1.jpg,jpg,30070,pic
pic/articles_listing1303.jpg,jpg,154349,pic
pic/articles_listing1303_1.jpg,jpg,36874,pic
pic/articles_listing1304.jpg,jpg,235637,pic
pic/articles_listing1304_1.jpg,jpg,35364,pic
pic/articles_listing1305.jpg,jpg,120819,pic
pic/articles_listing1305_1.jpg,jpg,27039,pic
pic/articles_listing1306.jpg,jpg,382401,pic
pic/articles_listing1306_1.jpg,jpg,65510,pic
pic/articles_listing1307.jpg,jpg,129344,pic
pic/articles_listing1307_1.jpg,jpg,36915,pic
pic/articles_listing1308.jpg,jpg,51601,pic
pic/articles_listing1308_1.jpg,jpg,24346,pic
pic/articles_listing1309.jpg,jpg,57883,pic
pic/articles_listing1309_1.jpg,jpg,26427,pic
pic/articles_listing1310.jpg,jpg,147871,pic
pic/articles_listing1310_1.jpg,jpg,28856,pic
pic/articles_listing1311.jpg,jpg,70122,pic
pic/articles_listing1311_1.jpg,jpg,20219,pic
pic/articles_listing1312.jpg,jpg,97652,pic
pic/articles_listing1312_1.jpg,jpg,30606,pic
pic/articles_listing1313.jpg,jpg,79181,pic
pic/articles_listing1313_1.jpg,jpg,31324,pic
pic/articles_listing1314.jpg,jpg,120446,pic
pic/articles_listing1314_1.jpg,jpg,26468,pic
pic/articles_listing1315.jpg,jpg,198266,pic
pic/articles_listing1315_1.jpg,jpg,38092,pic
pic/articles_listing1316.jpg,jpg,127168,pic
pic/articles_listing1316_1.jpg,jpg,31361,pic
pic/articles_listing1317.jpg,jpg,137388,pic
pic/articles_listing1317_1.jpg,jpg,35277,pic
pic/articles_listing1318.jpg,jpg,216934,pic
pic/articles_listing1318_1.jpg,jpg,36434,pic
pic/articles_listing1320.jpg,jpg,505115,pic
pic/articles_listing1320_1.jpg,jpg,30307,pic
pic/articles_listing1321.jpg,jpg,130261,pic
pic/articles_listing1321_1.jpg,jpg,27487,pic
pic/articles_listing1322.jpg,jpg,130264,pic
pic/articles_listing1322_1.jpg,jpg,29718,pic
pic/articles_listing1323.jpg,jpg,103846,pic
pic/articles_listing1323_1.jpg,jpg,25588,pic
pic/articles_listing1324.jpg,jpg,118502,pic
pic/articles_listing1324_1.jpg,jpg,27341,pic
pic/articles_listing1325.jpg,jpg,131815,pic
pic/articles_listing1325_1.jpg,jpg,30187,pic
pic/articles_listing1326.jpg,jpg,110429,pic
pic/articles_listing1326_1.jpg,jpg,25396,pic
pic/articles_listing1327.jpg,jpg,115632,pic
pic/articles_listing1327_1.jpg,jpg,24452,pic
pic/articles_listing1328.jpg,jpg,136948,pic
pic/articles_listing1328_1.jpg,jpg,14646,pic
pic/articles_listing1328_2.jpg,jpg,12019,pic
pic/articles_listing1331.jpg,jpg,117275,pic
pic/articles_listing1331_1.jpg,jpg,5744,pic
pic/articles_listing1331_2.jpg,jpg,5744,pic
pic/articles_listing1333.jpg,jpg,10656,pic
pic/articles_listing1333_1.jpg,jpg,10656,pic
pic/articles_listing1333_2.jpg,jpg,4422,pic
pic/articles_listing1336.jpg,jpg,82570,pic
pic/articles_listing1336_1.jpg,jpg,28599,pic
pic/articles_listing1336_2.jpg,jpg,24252,pic
pic/articles_listing1338.jpg,jpg,10870,pic
pic/articles_listing1338_1.jpg,jpg,10870,pic
pic/articles_listing1338_2.jpg,jpg,8618,pic
pic/articles_listing1339.jpg,jpg,136948,pic
pic/articles_listing1339_1.jpg,jpg,14646,pic
pic/articles_listing1339_2.jpg,jpg,12019,pic
pic/articles_listing1341_1.jpg,jpg,5744,pic
pic/articles_listing1341_2.jpg,jpg,5744,pic
pic/articles_listing1342.jpg,jpg,5744,pic
pic/articles_listing1342_1.jpg,jpg,5744,pic
pic/articles_listing1342_2.jpg,jpg,5744,pic
pic/articles_listing1347.jpg,jpg,65399,pic
pic/articles_listing1347_1.jpg,jpg,28603,pic
pic/articles_listing1348.jpg,jpg,10870,pic
pic/articles_listing1348_1.jpg,jpg,10870,pic
pic/articles_listing1348_2.jpg,jpg,8618,pic
pic/articles_listing1350.jpg,jpg,122504,pic
pic/articles_listing1350_1.jpg,jpg,21117,pic
pic/articles_listing1351.jpg,jpg,116686,pic
pic/articles_listing1351_1.jpg,jpg,21504,pic
pic/articles_listing1352.jpg,jpg,117577,pic
pic/articles_listing1352_1.jpg,jpg,21723,pic
pic/articles_listing1353.jpg,jpg,147130,pic
pic/articles_listing1353_1.jpg,jpg,26246,pic
pic/articles_listing1354.jpg,jpg,130605,pic
pic/articles_listing1354_1.jpg,jpg,24077,pic
pic/articles_listing1355.jpg,jpg,139213,pic
pic/articles_listing1355_1.jpg,jpg,23979,pic
pic/articles_listing1356.jpg,jpg,128575,pic
pic/articles_listing1356_1.jpg,jpg,24965,pic
pic/articles_listing1357.jpg,jpg,127891,pic
pic/articles_listing1357_1.jpg,jpg,24639,pic
pic/articles_listing1358.jpg,jpg,107908,pic
pic/articles_listing1358_1.jpg,jpg,22236,pic
pic/articles_listing1359.jpg,jpg,128065,pic
pic/articles_listing1359_1.jpg,jpg,23699,pic
pic/articles_listing1360.jpg,jpg,100776,pic
pic/articles_listing1360_1.jpg,jpg,19479,pic
pic/articles_listing1361.jpg,jpg,103276,pic
pic/articles_listing1361_1.jpg,jpg,20774,pic
pic/articles_listing1362.jpg,jpg,75212,pic
pic/articles_listing1362_1.jpg,jpg,17548,pic
pic/articles_listing1363.jpg,jpg,145832,pic
pic/articles_listing1363_1.jpg,jpg,24044,pic
pic/articles_listing1364.jpg,jpg,112216,pic
pic/articles_listing1364_1.jpg,jpg,21715,pic
pic/articles_listing1365.jpg,jpg,118143,pic
pic/articles_listing1365_1.jpg,jpg,24448,pic
pic/articles_listing1366.jpg,jpg,146818,pic
pic/articles_listing1366_1.jpg,jpg,25530,pic
pic/articles_listing1367.jpg,jpg,131834,pic
pic/articles_listing1367_1.jpg,jpg,24402,pic
pic/articles_listing1368.jpg,jpg,132154,pic
pic/articles_listing1368_1.jpg,jpg,25409,pic
pic/articles_listing1369.jpg,jpg,140440,pic
pic/articles_listing1369_1.jpg,jpg,24382,pic
pic/articles_listing1370.jpg,jpg,125473,pic
pic/articles_listing1370_1.jpg,jpg,25028,pic
pic/articles_listing1371.jpg,jpg,90195,pic
pic/articles_listing1371_1.jpg,jpg,19776,pic
pic/articles_listing1372.jpg,jpg,110600,pic
pic/articles_listing1372_1.jpg,jpg,22055,pic
pic/articles_listing1373.jpg,jpg,83107,pic
pic/articles_listing1373_1.jpg,jpg,21469,pic
pic/articles_listing1374.jpg,jpg,124582,pic
pic/articles_listing1374_1.jpg,jpg,26953,pic
pic/articles_listing1375.jpg,jpg,141619,pic
pic/articles_listing1375_1.jpg,jpg,27835,pic
pic/articles_listing1376.jpg,jpg,130846,pic
pic/articles_listing1376_1.jpg,jpg,28156,pic
pic/articles_listing1377.jpg,jpg,113195,pic
pic/articles_listing1377_1.jpg,jpg,26019,pic
pic/articles_listing1378.jpg,jpg,136948,pic
pic/articles_listing1378_1.jpg,jpg,12019,pic
pic/articles_listing1379.jpg,jpg,106002,pic
pic/articles_listing1379_1.jpg,jpg,8742,pic
pic/articles_listing1380.jpg,jpg,108160,pic
pic/articles_listing1380_1.jpg,jpg,9531,pic
pic/articles_listing1381.jpg,jpg,111969,pic
pic/articles_listing1381_1.jpg,jpg,9338,pic
pic/articles_listing1382.jpg,jpg,55172,pic
pic/articles_listing1382_1.jpg,jpg,5678,pic
pic/articles_listing1383.jpg,jpg,87131,pic
pic/articles_listing1383_1.jpg,jpg,8154,pic
pic/articles_listing1385.jpg,jpg,40504,pic
pic/articles_listing1385_1.jpg,jpg,65628,pic
pic/articles_listing1385_2.jpg,jpg,65628,pic
pic/articles_listing1388.jpg,jpg,174245,pic
pic/articles_listing1388_1.jpg,jpg,65628,pic
pic/articles_listing1389.jpg,jpg,95968,pic
pic/articles_listing1389_1.jpg,jpg,30785,pic
pic/articles_listing1390.jpg,jpg,112666,pic
pic/articles_listing1390_1.jpg,jpg,32376,pic
pic/articles_listing1391.jpg,jpg,157015,pic
pic/articles_listing1391_1.jpg,jpg,35021,pic
pic/articles_listing1392.jpg,jpg,229548,pic
pic/articles_listing1392_1.jpg,jpg,36185,pic
pic/articles_listing1393.jpg,jpg,139691,pic
pic/articles_listing1393_1.jpg,jpg,34297,pic
pic/articles_listing1394.jpg,jpg,119187,pic
pic/articles_listing1394_1.jpg,jpg,30684,pic
pic/articles_listing1395.jpg,jpg,140567,pic
pic/articles_listing1395_1.jpg,jpg,33708,pic
pic/articles_listing1396.jpg,jpg,139778,pic
pic/articles_listing1396_1.jpg,jpg,33407,pic
pic/articles_listing1397.jpg,jpg,40504,pic
pic/articles_listing1397_1.jpg,jpg,65628,pic
pic/articles_listing1397_2.jpg,jpg,65628,pic
pic/articles_listing1398.jpg,jpg,66714,pic
pic/articles_listing1398_1.jpg,jpg,66714,pic
pic/articles_listing1398_2.jpg,jpg,66714,pic
pic/articles_listing1401.jpg,jpg,38744,pic
pic/articles_listing1401_1.jpg,jpg,38744,pic
pic/articles_listing1401_2.jpg,jpg,38744,pic
pic/articles_listing1402.jpg,jpg,495307,pic
pic/articles_listing1402_1.jpg,jpg,66714,pic
pic/articles_listing1403.jpg,jpg,133479,pic
pic/articles_listing1403_1.jpg,jpg,32873,pic
pic/articles_listing1404.jpg,jpg,131974,pic
pic/articles_listing1404_1.jpg,jpg,32145,pic
pic/articles_listing1404_2.jpg,jpg,32145,pic
pic/articles_listing1405.jpg,jpg,104207,pic
pic/articles_listing1405_1.jpg,jpg,26913,pic
pic/articles_listing1406.jpg,jpg,96989,pic
pic/articles_listing1406_1.jpg,jpg,26597,pic
pic/articles_listing1407.jpg,jpg,100721,pic
pic/articles_listing1407_1.jpg,jpg,28826,pic
pic/articles_listing1408.jpg,jpg,108895,pic
pic/articles_listing1408_1.jpg,jpg,31722,pic
pic/articles_listing1409.jpg,jpg,136930,pic
pic/articles_listing1409_2.jpg,jpg,27448,pic
pic/articles_listing1410.jpg,jpg,153340,pic
pic/articles_listing1410_2.jpg,jpg,29055,pic
pic/articles_listing1411.jpg,jpg,141248,pic
pic/articles_listing1411_2.jpg,jpg,27896,pic
pic/articles_listing1412.jpg,jpg,110463,pic
pic/articles_listing1412_2.jpg,jpg,26805,pic
pic/articles_listing1413.jpg,jpg,405194,pic
pic/articles_listing1413_1.jpg,jpg,66631,pic
pic/articles_listing1414.jpg,jpg,468275,pic
pic/articles_listing1414_1.jpg,jpg,64084,pic
pic/articles_listing1415.jpg,jpg,404016,pic
pic/articles_listing1415_1.jpg,jpg,62999,pic
pic/articles_listing1416.jpg,jpg,293891,pic
pic/articles_listing1416_1.jpg,jpg,42502,pic
pic/articles_listing1417.jpg,jpg,304943,pic
pic/articles_listing1417_1.jpg,jpg,62476,pic
pic/articles_listing1419.jpg,jpg,341728,pic
pic/articles_listing1419_1.jpg,jpg,60787,pic
pic/articles_listing1420.jpg,jpg,266483,pic
pic/articles_listing1420_1.jpg,jpg,42455,pic
pic/articles_listing1421.jpg,jpg,48430,pic
pic/articles_listing1421_1.jpg,jpg,4801,pic
pic/articles_listing1421_2.jpg,jpg,3339,pic
pic/articles_listing1422.jpg,jpg,321896,pic
pic/articles_listing1422_1.jpg,jpg,60492,pic
pic/articles_listing1423.jpg,jpg,574353,pic
pic/articles_listing1423_1.jpg,jpg,75819,pic
pic/articles_listing1425.jpg,jpg,387266,pic
pic/articles_listing1425_1.jpg,jpg,54170,pic
pic/articles_listing1427.jpg,jpg,143129,pic
pic/articles_listing1427_1.jpg,jpg,13964,pic
pic/articles_listing1428.jpg,jpg,77558,pic
pic/articles_listing1428_1.jpg,jpg,8031,pic
pic/articles_listing1428_2.jpg,jpg,5235,pic
pic/articles_listing1429.jpg,jpg,67649,pic
pic/articles_listing1429_1.jpg,jpg,13964,pic
pic/articles_listing1429_2.jpg,jpg,5235,pic
pic/articles_listing1431.jpg,jpg,11379,pic
pic/articles_listing1431_1.jpg,jpg,6823,pic
pic/articles_listing1432.jpg,jpg,153766,pic
pic/articles_listing1432_1.jpg,jpg,6823,pic
pic/articles_listing1433.jpg,jpg,350169,pic
pic/articles_listing1433_1.jpg,jpg,59428,pic
pic/articles_listing1433_2.jpg,jpg,41124,pic
pic/articles_listing1434.jpg,jpg,420599,pic
pic/articles_listing1434_1.jpg,jpg,70070,pic
pic/articles_listing1434_2.jpg,jpg,46002,pic
pic/articles_listing1435.jpg,jpg,104207,pic
pic/articles_listing1435_1.jpg,jpg,26913,pic
pic/articles_listing1435_2.jpg,jpg,2945,pic
pic/articles_listing1436.jpg,jpg,350169,pic
pic/articles_listing1436_1.jpg,jpg,59428,pic
pic/articles_listing1436_2.jpg,jpg,41124,pic
pic/articles_listing1437.jpg,jpg,335123,pic
pic/articles_listing1437_1.jpg,jpg,56334,pic
pic/articles_listing1437_2.jpg,jpg,38773,pic
pic/articles_listing1438.jpg,jpg,513208,pic
pic/articles_listing1438_1.jpg,jpg,44825,pic
pic/articles_listing1438_2.jpg,jpg,69213,pic
pic/articles_listing1440.jpg,jpg,265697,pic
pic/articles_listing1440_1.jpg,jpg,50755,pic
pic/articles_listing1440_2.jpg,jpg,35007,pic
pic/articles_listing1441.jpg,jpg,239985,pic
pic/articles_listing1441_2.jpg,jpg,53928,pic
pic/articles_listing1442.jpg,jpg,223312,pic
pic/articles_listing1442_1.jpg,jpg,51218,pic
pic/articles_listing1442_2.jpg,jpg,51218,pic
pic/articles_listing1443.jpg,jpg,349211,pic
pic/articles_listing1443_1.jpg,jpg,69990,pic
pic/articles_listing1443_2.jpg,jpg,69990,pic
pic/articles_listing1444.jpg,jpg,307358,pic
pic/articles_listing1444_1.jpg,jpg,51465,pic
pic/articles_listing1444_2.jpg,jpg,51465,pic
pic/articles_listing1445.jpg,jpg,320750,pic
pic/articles_listing1445_1.jpg,jpg,64570,pic
pic/articles_listing1445_2.jpg,jpg,64570,pic
pic/articles_listing1446.jpg,jpg,452755,pic
pic/articles_listing1446_1.jpg,jpg,82359,pic
pic/articles_listing1446_2.jpg,jpg,82359,pic
pic/articles_listing1447.jpg,jpg,233327,pic
pic/articles_listing1447_1.jpg,jpg,48518,pic
pic/articles_listing1447_2.jpg,jpg,48518,pic
pic/articles_listing1448.jpg,jpg,368591,pic
pic/articles_listing1448_1.jpg,jpg,67193,pic
pic/articles_listing1448_2.jpg,jpg,67193,pic
pic/articles_listing1449.jpg,jpg,255028,pic
pic/articles_listing1449_1.jpg,jpg,60078,pic
pic/articles_listing1449_2.jpg,jpg,60078,pic
pic/articles_listing1450.jpg,jpg,264566,pic
pic/articles_listing1450_1.jpg,jpg,50545,pic
pic/articles_listing1450_2.jpg,jpg,50545,pic
pic/articles_listing1451.jpg,jpg,296494,pic
pic/articles_listing1451_1.jpg,jpg,50601,pic
pic/articles_listing1451_2.jpg,jpg,50601,pic
pic/articles_listing1452.jpg,jpg,336431,pic
pic/articles_listing1452_1.jpg,jpg,58862,pic
pic/articles_listing1453.jpg,jpg,316666,pic
pic/articles_listing1453_1.jpg,jpg,62010,pic
pic/articles_listing1454.jpg,jpg,189754,pic
pic/articles_listing1454_1.jpg,jpg,53219,pic
pic/articles_listing1455.jpg,jpg,322997,pic
pic/articles_listing1455_1.jpg,jpg,61990,pic
pic/articles_listing1456.jpg,jpg,207800,pic
pic/articles_listing1456_1.jpg,jpg,44450,pic
pic/articles_listing1457.jpg,jpg,298742,pic
pic/articles_listing1457_1.jpg,jpg,55918,pic
pic/articles_listing1458.jpg,jpg,244407,pic
pic/articles_listing1458_1.jpg,jpg,66282,pic
pic/articles_listing1458_2.jpg,jpg,66282,pic
pic/articles_listing1459.jpg,jpg,320874,pic
pic/articles_listing1459_1.jpg,jpg,65544,pic
pic/articles_listing1459_2.jpg,jpg,65544,pic
pic/articles_listing1460.jpg,jpg,218721,pic
pic/articles_listing1460_1.jpg,jpg,45902,pic
pic/articles_listing1460_2.jpg,jpg,45902,pic
pic/articles_listing1461_1.jpg,jpg,80181,pic
pic/articles_listing1462_1.jpg,jpg,55100,pic
pic/articles_listing1463.jpg,jpg,279143,pic
pic/articles_listing1463_1.jpg,jpg,50660,pic
pic/articles_listing1464.jpg,jpg,316666,pic
pic/articles_listing1464_1.jpg,jpg,62010,pic
pic/articles_listing1464_2.jpg,jpg,62010,pic
pic/articles_listing1465.jpg,jpg,414828,pic
pic/articles_listing1465_1.jpg,jpg,82909,pic
pic/articles_listing1465_2.jpg,jpg,82909,pic
pic/articles_listing1466.jpg,jpg,315216,pic
pic/articles_listing1466_1.jpg,jpg,70620,pic
pic/articles_listing1466_2.jpg,jpg,70620,pic
pic/articles_listing1467.jpg,jpg,414742,pic
pic/articles_listing1467_1.jpg,jpg,75839,pic
pic/articles_listing1467_2.jpg,jpg,75839,pic
pic/articles_listing1468.jpg,jpg,371090,pic
pic/articles_listing1468_1.jpg,jpg,69938,pic
pic/articles_listing1468_2.jpg,jpg,69938,pic
pic/articles_listing1469.jpg,jpg,303495,pic
pic/articles_listing1469_1.jpg,jpg,62661,pic
pic/articles_listing1469_2.jpg,jpg,62661,pic
pic/articles_listing1470.jpg,jpg,469470,pic
pic/articles_listing1470_1.jpg,jpg,84197,pic
pic/articles_listing1471.jpg,jpg,322033,pic
pic/articles_listing1471_1.jpg,jpg,63717,pic
pic/articles_listing1472.jpg,jpg,493805,pic
pic/articles_listing1472_1.jpg,jpg,68214,pic
pic/articles_listing1473.jpg,jpg,321615,pic
pic/articles_listing1473_1.jpg,jpg,59773,pic
pic/articles_listing1474.jpg,jpg,431868,pic
pic/articles_listing1474_1.jpg,jpg,67762,pic
pic/articles_listing1475.jpg,jpg,399659,pic
pic/articles_listing1475_1.jpg,jpg,72076,pic
pic/articles_listing1476.jpg,jpg,392884,pic
pic/articles_listing1476_1.jpg,jpg,66483,pic
pic/articles_listing1477.jpg,jpg,358801,pic
pic/articles_listing1477_1.jpg,jpg,64701,pic
pic/articles_listing1478.jpg,jpg,395317,pic
pic/articles_listing1478_1.jpg,jpg,63948,pic
pic/articles_listing1479.jpg,jpg,357382,pic
pic/articles_listing1479_1.jpg,jpg,66357,pic
pic/articles_listing1480.jpg,jpg,753214,pic
pic/articles_listing1480_1.jpg,jpg,80676,pic
pic/articles_listing1481.jpg,jpg,62626,pic
pic/articles_listing1481_1.jpg,jpg,62626,pic
pic/articles_listing1481_2.jpg,jpg,62626,pic
pic/articles_listing1482.jpg,jpg,62626,pic
pic/articles_listing1482_1.jpg,jpg,62626,pic
pic/articles_listing1482_2.jpg,jpg,62626,pic
pic/articles_listing1484.jpg,jpg,686942,pic
pic/articles_listing1484_1.jpg,jpg,85797,pic
pic/articles_listing1485.jpg,jpg,706465,pic
pic/articles_listing1485_1.jpg,jpg,90795,pic
pic/articles_listing1486.jpg,jpg,726667,pic
pic/articles_listing1486_1.jpg,jpg,91422,pic
pic/articles_listing1487.jpg,jpg,733700,pic
pic/articles_listing1487_1.jpg,jpg,89164,pic
pic/articles_listing1489.jpg,jpg,359758,pic
pic/articles_listing1489_1.jpg,jpg,65027,pic
pic/articles_listing1490.jpg,jpg,416315,pic
pic/articles_listing1490_1.jpg,jpg,69993,pic
pic/articles_listing1491.jpg,jpg,458948,pic
pic/articles_listing1491_1.jpg,jpg,65346,pic
pic/articles_listing1492.jpg,jpg,367786,pic
pic/articles_listing1492_1.jpg,jpg,76787,pic
pic/articles_listing1493.jpg,jpg,199924,pic
pic/articles_listing1493_1.jpg,jpg,50558,pic
pic/articles_listing1494.jpg,jpg,315055,pic
pic/articles_listing1494_1.jpg,jpg,66550,pic
pic/articles_listing1495.jpg,jpg,291819,pic
pic/articles_listing1495_1.jpg,jpg,55849,pic
pic/articles_listing1496.jpg,jpg,305186,pic
pic/articles_listing1496_1.jpg,jpg,66058,pic
pic/articles_listing1497.jpg,jpg,305611,pic
pic/articles_listing1497_1.jpg,jpg,62254,pic
pic/articles_listing1498.jpg,jpg,305611,pic
pic/articles_listing1498_1.jpg,jpg,62254,pic
pic/articles_listing1499.jpg,jpg,253534,pic
pic/articles_listing1499_1.jpg,jpg,58972,pic
pic/articles_listing160.jpg,jpg,306083,pic
pic/articles_listing160_1.jpg,jpg,47806,pic
pic/articles_listing18_1.jpg,jpg,16547,pic
pic/articles_listing18_2.jpg,jpg,13704,pic
pic/articles_listing19_1.jpg,jpg,10863,pic
pic/articles_listing19_2.jpg,jpg,8536,pic
pic/articles_listing1_1.jpg,jpg,25550,pic
pic/articles_listing1_2.jpg,jpg,25550,pic
pic/articles_listing20.jpg,jpg,322331,pic
pic/articles_listing20_1.jpg,jpg,63717,pic
pic/articles_listing20_2.jpg,jpg,63717,pic
pic/articles_listing21.jpg,jpg,5408,pic
pic/articles_listing21_1.jpg,jpg,5408,pic
pic/articles_listing21_2.jpg,jpg,4483,pic
pic/articles_listing22_1.jpg,jpg,7314,pic
pic/articles_listing22_2.jpg,jpg,7314,pic
pic/articles_listing23_1.jpg,jpg,49381,pic
pic/articles_listing23_2.jpg,jpg,49381,pic
pic/articles_listing24.jpg,jpg,6472,pic
pic/articles_listing248.jpg,jpg,53170,pic
pic/articles_listing248_1.jpg,jpg,6864,pic
pic/articles_listing24_1.jpg,jpg,6472,pic
pic/articles_listing24_2.jpg,jpg,6472,pic
pic/articles_listing25.jpg,jpg,9552,pic
pic/articles_listing250.jpg,jpg,46634,pic
pic/articles_listing250_1.jpg,jpg,6331,pic
pic/articles_listing254.jpg,jpg,51746,pic
pic/articles_listing254_1.jpg,jpg,6751,pic
pic/articles_listing255.jpg,jpg,263387,pic
pic/articles_listing255_1.jpg,jpg,55123,pic
pic/articles_listing259_1.jpg,jpg,8552,pic
pic/articles_listing25_1.gif,gif,4560,pic
pic/articles_listing25_1.jpg,jpg,9552,pic
pic/articles_listing25_2.jpg,jpg,9552,pic
pic/articles_listing26.jpg,jpg,7064,pic
pic/articles_listing260.jpg,jpg,7175,pic
pic/articles_listing260_1.jpg,jpg,7175,pic
pic/articles_listing260_2.jpg,jpg,7175,pic
pic/articles_listing261.jpg,jpg,3576,pic
pic/articles_listing261_1.jpg,jpg,3576,pic
pic/articles_listing26_1.jpg,jpg,7064,pic
pic/articles_listing26_2.jpg,jpg,7064,pic
pic/articles_listing27.jpg,jpg,174622,pic
pic/articles_listing271.jpg,jpg,75920,pic
pic/articles_listing271_1.jpg,jpg,23657,pic
pic/articles_listing272.jpg,jpg,102013,pic
pic/articles_listing272_1.jpg,jpg,26097,pic
pic/articles_listing273.jpg,jpg,61180,pic
pic/articles_listing273_1.jpg,jpg,21471,pic
pic/articles_listing274.jpg,jpg,119534,pic
pic/articles_listing274_1.jpg,jpg,25994,pic
pic/articles_listing275.jpg,jpg,75721,pic
pic/articles_listing275_1.jpg,jpg,24729,pic
pic/articles_listing276.jpg,jpg,110313,pic
pic/articles_listing276_1.jpg,jpg,25458,pic
pic/articles_listing277.jpg,jpg,76609,pic
pic/articles_listing277_1.jpg,jpg,25550,pic
pic/articles_listing278.jpg,jpg,57417,pic
pic/articles_listing278_1.jpg,jpg,20094,pic
pic/articles_listing279_1.jpg,jpg,24999,pic
pic/articles_listing27_1.jpg,jpg,39730,pic
pic/articles_listing27_2.jpg,jpg,39730,pic
pic/articles_listing28.jpg,jpg,44755,pic
pic/articles_listing280_1.jpg,jpg,26878,pic
pic/articles_listing281_1.jpg,jpg,26290,pic
pic/articles_listing282_1.jpg,jpg,24684,pic
pic/articles_listing283_1.jpg,jpg,36254,pic
pic/articles_listing284_1.jpg,jpg,31652,pic
pic/articles_listing285_1.jpg,jpg,27589,pic
pic/articles_listing286_1.jpg,jpg,26066,pic
pic/articles_listing287_1.jpg,jpg,33784,pic
pic/articles_listing288_1.jpg,jpg,32618,pic
pic/articles_listing289_1.jpg,jpg,34711,pic
pic/articles_listing28_1.jpg,jpg,44755,pic
pic/articles_listing28_2.jpg,jpg,32884,pic
pic/articles_listing290_1.jpg,jpg,24136,pic
pic/articles_listing291_1.jpg,jpg,25893,pic
pic/articles_listing292_1.jpg,jpg,23274,pic
pic/articles_listing293_1.jpg,jpg,31553,pic
pic/articles_listing294_1.jpg,jpg,25377,pic
pic/articles_listing295_1.jpg,jpg,28184,pic
pic/articles_listing296_1.jpg,jpg,29139,pic
pic/articles_listing297_1.jpg,jpg,28967,pic
pic/articles_listing298_1.jpg,jpg,26656,pic
pic/articles_listing299_1.jpg,jpg,31093,pic
pic/articles_listing2_1.jpg,jpg,23657,pic
pic/articles_listing2_2.jpg,jpg,23657,pic
pic/articles_listing300_1.jpg,jpg,4821,pic
pic/articles_listing301_1.jpg,jpg,26153,pic
pic/articles_listing302_1.jpg,jpg,23707,pic
pic/articles_listing303_1.jpg,jpg,25928,pic
pic/articles_listing304_1.jpg,jpg,33400,pic
pic/articles_listing305_1.jpg,jpg,23023,pic
pic/articles_listing306_1.jpg,jpg,27376,pic
pic/articles_listing307_1.jpg,jpg,28128,pic
pic/articles_listing308_1.jpg,jpg,32236,pic
pic/articles_listing309_1.jpg,jpg,34491,pic
pic/articles_listing310_1.jpg,jpg,30005,pic
pic/articles_listing311_1.jpg,jpg,23923,pic
pic/articles_listing312_1.jpg,jpg,23239,pic
pic/articles_listing313_1.jpg,jpg,29299,pic
pic/articles_listing314_1.jpg,jpg,25897,pic
pic/articles_listing315_1.jpg,jpg,21917,pic
pic/articles_listing316_1.jpg,jpg,24069,pic
pic/articles_listing318_1.jpg,jpg,4116,pic
pic/articles_listing319_1.jpg,jpg,4398,pic
pic/articles_listing320_1.jpg,jpg,5059,pic
pic/articles_listing321_1.jpg,jpg,29080,pic
pic/articles_listing322_1.jpg,jpg,5191,pic
pic/articles_listing323_1.jpg,jpg,4892,pic
pic/articles_listing324_1.jpg,jpg,5683,pic
pic/articles_listing325.jpg,jpg,9667,pic
pic/articles_listing325_1.jpg,jpg,9667,pic
pic/articles_listing325_2.jpg,jpg,9667,pic
pic/articles_listing326_1.jpg,jpg,5270,pic
pic/articles_listing327_1.jpg,jpg,6111,pic
pic/articles_listing328_1.jpg,jpg,5736,pic
pic/articles_listing329.jpg,jpg,39085,pic
pic/articles_listing329_1.jpg,jpg,3901,pic
pic/articles_listing330.jpg,jpg,110065,pic
pic/articles_listing330_1.jpg,jpg,7535,pic
pic/articles_listing331.jpg,jpg,67049,pic
pic/articles_listing331_1.jpg,jpg,7260,pic
pic/articles_listing332.jpg,jpg,176877,pic
pic/articles_listing332_1.jpg,jpg,9417,pic
pic/articles_listing333.jpg,jpg,176877,pic
pic/articles_listing333_1.jpg,jpg,9417,pic
pic/articles_listing334.jpg,jpg,54640,pic
pic/articles_listing334_1.jpg,jpg,4324,pic
pic/articles_listing336.jpg,jpg,39447,pic
pic/articles_listing336_1.jpg,jpg,4924,pic
pic/articles_listing337.jpg,jpg,162281,pic
pic/articles_listing337_1.jpg,jpg,15540,pic
pic/articles_listing338.jpg,jpg,68999,pic
pic/articles_listing338_1.jpg,jpg,12088,pic
pic/articles_listing339.jpg,jpg,140542,pic
pic/articles_listing339_1.jpg,jpg,13659,pic
pic/articles_listing340.jpg,jpg,133814,pic
pic/articles_listing340_1.jpg,jpg,27302,pic
pic/articles_listing341_1.jpg,jpg,9407,pic
pic/articles_listing342.jpg,jpg,47806,pic
pic/articles_listing342_1.jpg,jpg,47806,pic
pic/articles_listing342_2.jpg,jpg,47806,pic
pic/articles_listing343.jpg,jpg,21435,pic
pic/articles_listing343_1.jpg,jpg,6367,pic
pic/articles_listing344.jpg,jpg,23076,pic
pic/articles_listing344_1.jpg,jpg,6706,pic
pic/articles_listing345.jpg,jpg,19387,pic
pic/articles_listing345_1.jpg,jpg,4971,pic
pic/articles_listing346.jpg,jpg,23686,pic
pic/articles_listing346_1.jpg,jpg,7112,pic
pic/articles_listing347.jpg,jpg,160974,pic
pic/articles_listing347_1.jpg,jpg,32366,pic
pic/articles_listing348.jpg,jpg,39184,pic
pic/articles_listing348_1.jpg,jpg,7776,pic
pic/articles_listing349.jpg,jpg,38582,pic
pic/articles_listing349_1.jpg,jpg,8237,pic
pic/articles_listing35.jpg,jpg,130412,pic
pic/articles_listing350.jpg,jpg,52650,pic
pic/articles_listing350_1.jpg,jpg,9682,pic
pic/articles_listing351.jpg,jpg,45172,pic
pic/articles_listing351_1.jpg,jpg,45172,pic
pic/articles_listing351_2.jpg,jpg,3546,pic
pic/articles_listing352.jpg,jpg,102090,pic
pic/articles_listing352_1.jpg,jpg,28050,pic
pic/articles_listing353.jpg,jpg,113405,pic
pic/articles_listing353_1.jpg,jpg,26774,pic
pic/articles_listing354.jpg,jpg,99786,pic
pic/articles_listing354_1.jpg,jpg,27196,pic
pic/articles_listing355.jpg,jpg,114890,pic
pic/articles_listing355_1.jpg,jpg,27396,pic
pic/articles_listing356.jpg,jpg,90512,pic
pic/articles_listing356_1.jpg,jpg,24491,pic
pic/articles_listing357.jpg,jpg,38294,pic
pic/articles_listing357_1.jpg,jpg,38294,pic
pic/articles_listing357_2.jpg,jpg,31435,pic
pic/articles_listing358.jpg,jpg,6632,pic
pic/articles_listing358_1.jpg,jpg,6632,pic
pic/articles_listing358_2.jpg,jpg,6632,pic
pic/articles_listing359.jpg,jpg,55931,pic
pic/articles_listing359_1.jpg,jpg,7301,pic
pic/articles_listing359_2.jpg,jpg,8712,pic
pic/articles_listing35_1.jpg,jpg,13408,pic
pic/articles_listing35_2.jpg,jpg,8861,pic
pic/articles_listing360.jpg,jpg,14315,pic
pic/articles_listing360_1.jpg,jpg,14315,pic
pic/articles_listing361.jpg,jpg,9590,pic
pic/articles_listing361_1.jpg,jpg,9590,pic
pic/articles_listing362.jpg,jpg,11983,pic
pic/articles_listing362_1.jpg,jpg,11983,pic
pic/articles_listing363.jpg,jpg,7923,pic
pic/articles_listing363_1.jpg,jpg,7923,pic
pic/articles_listing364.jpg,jpg,8253,pic
pic/articles_listing364_1.jpg,jpg,8253,pic
pic/articles_listing365.jpg,jpg,9394,pic
pic/articles_listing365_1.jpg,jpg,9394,pic
pic/articles_listing366.jpg,jpg,7976,pic
pic/articles_listing366_1.jpg,jpg,7976,pic
pic/articles_listing367.jpg,jpg,7983,pic
pic/articles_listing367_1.jpg,jpg,7983,pic
pic/articles_listing368.jpg,jpg,9172,pic
pic/articles_listing368_1.jpg,jpg,9172,pic
pic/articles_listing369.jpg,jpg,18468,pic
pic/articles_listing369_1.jpg,jpg,10163,pic
pic/articles_listing36_1.jpg,jpg,6979,pic
pic/articles_listing36_2.jpg,jpg,9768,pic
pic/articles_listing37.jpg,jpg,409946,pic
pic/articles_listing370.jpg,jpg,17914,pic
pic/articles_listing370_1.jpg,jpg,9968,pic
pic/articles_listing371.jpg,jpg,18606,pic
pic/articles_listing371_1.jpg,jpg,10231,pic
pic/articles_listing372.gif,gif,1394,pic
pic/articles_listing372_1.gif,gif,1394,pic
pic/articles_listing372_1.jpg,jpg,1638,pic
pic/articles_listing372_2.gif,gif,1989,pic
pic/articles_listing372_2.jpg,jpg,1747,pic
pic/articles_listing373.gif,gif,628,pic
pic/articles_listing373_1.gif,gif,628,pic
pic/articles_listing373_1.jpg,jpg,1346,pic
pic/articles_listing373_2.gif,gif,822,pic
pic/articles_listing373_2.jpg,jpg,1507,pic
pic/articles_listing374.gif,gif,4180,pic
pic/articles_listing374_1.gif,gif,4180,pic
pic/articles_listing374_1.jpg,jpg,2619,pic
pic/articles_listing374_2.gif,gif,4797,pic
pic/articles_listing374_2.jpg,jpg,4288,pic
pic/articles_listing375.gif,gif,6296,pic
pic/articles_listing375_1.gif,gif,6296,pic
pic/articles_listing375_1.jpg,jpg,1610,pic
pic/articles_listing375_2.gif,gif,3083,pic
pic/articles_listing375_2.jpg,jpg,2102,pic
pic/articles_listing377.gif,gif,4046,pic
pic/articles_listing377_1.gif,gif,4046,pic
pic/articles_listing377_1.jpg,jpg,3761,pic
pic/articles_listing377_2.gif,gif,4046,pic
pic/articles_listing377_2.jpg,jpg,5330,pic
pic/articles_listing378.gif,gif,12047,pic
pic/articles_listing378_1.gif,gif,12047,pic
pic/articles_listing378_1.jpg,jpg,2062,pic
pic/articles_listing378_2.gif,gif,5852,pic
pic/articles_listing378_2.jpg,jpg,4186,pic
pic/articles_listing379.gif,gif,5515,pic
pic/articles_listing379_1.gif,gif,5515,pic
pic/articles_listing379_1.jpg,jpg,3083,pic
pic/articles_listing379_2.gif,gif,2109,pic
pic/articles_listing379_2.jpg,jpg,4864,pic
pic/articles_listing37_1.jpg,jpg,67497,pic
pic/articles_listing37_2.jpg,jpg,48892,pic
pic/articles_listing38.jpg,jpg,71798,pic
pic/articles_listing380.gif,gif,633,pic
pic/articles_listing380_1.gif,gif,633,pic
pic/articles_listing380_1.jpg,jpg,814,pic
pic/articles_listing380_2.gif,gif,633,pic
pic/articles_listing381.gif,gif,8383,pic
pic/articles_listing381_1.gif,gif,8383,pic
pic/articles_listing381_1.jpg,jpg,1713,pic
pic/articles_listing381_2.gif,gif,2305,pic
pic/articles_listing381_2.jpg,jpg,2508,pic
pic/articles_listing382.jpg,jpg,75985,pic
pic/articles_listing382_1.jpg,jpg,10116,pic
pic/articles_listing382_2.jpg,jpg,9006,pic
pic/articles_listing383.jpg,jpg,9006,pic
pic/articles_listing383_1.jpg,jpg,9006,pic
pic/articles_listing383_2.jpg,jpg,9006,pic
pic/articles_listing384.jpg,jpg,28886,pic
pic/articles_listing384_1.jpg,jpg,6885,pic
pic/articles_listing385.jpg,jpg,102953,pic
pic/articles_listing385_1.jpg,jpg,25930,pic
pic/articles_listing386.jpg,jpg,340034,pic
pic/articles_listing386_1.jpg,jpg,50306,pic
pic/articles_listing388.jpg,jpg,52935,pic
pic/articles_listing388_1.jpg,jpg,8886,pic
pic/articles_listing389.jpg,jpg,67595,pic
pic/articles_listing389_1.jpg,jpg,8788,pic
pic/articles_listing38_1.jpg,jpg,7435,pic
pic/articles_listing38_2.jpg,jpg,8403,pic
pic/articles_listing391.jpg,jpg,136161,pic
pic/articles_listing391_1.jpg,jpg,9706,pic
pic/articles_listing392.jpg,jpg,161802,pic
pic/articles_listing392_1.jpg,jpg,10499,pic
pic/articles_listing393.jpg,jpg,210687,pic
pic/articles_listing393_1.jpg,jpg,10164,pic
pic/articles_listing394.jpg,jpg,155465,pic
pic/articles_listing394_1.jpg,jpg,9860,pic
pic/articles_listing395.jpg,jpg,154295,pic
pic/articles_listing395_1.jpg,jpg,7900,pic
pic/articles_listing397.jpg,jpg,11585,pic
pic/articles_listing397_1.jpg,jpg,11585,pic
pic/articles_listing397_2.jpg,jpg,3021,pic
pic/articles_listing398.jpg,jpg,172264,pic
pic/articles_listing398_1.jpg,jpg,9222,pic
pic/articles_listing399.jpg,jpg,41122,pic
pic/articles_listing399_1.jpg,jpg,4367,pic
pic/articles_listing399_2.jpg,jpg,4367,pic
pic/articles_listing3_1.jpg,jpg,7704,pic
pic/articles_listing3_2.jpg,jpg,10704,pic
pic/articles_listing400.gif,gif,12605,pic
pic/articles_listing400.jpg,jpg,6099,pic
pic/articles_listing400_1.gif,gif,4307,pic
pic/articles_listing400_1.jpg,jpg,6099,pic
pic/articles_listing400_2.jpg,jpg,6099,pic
pic/articles_listing401.jpg,jpg,274225,pic
pic/articles_listing401_1.jpg,jpg,7995,pic
pic/articles_listing402.jpg,jpg,293705,pic
pic/articles_listing402_1.jpg,jpg,8458,pic
pic/articles_listing403.jpg,jpg,338659,pic
pic/articles_listing403_1.jpg,jpg,9705,pic
pic/articles_listing404.jpg,jpg,12794,pic
pic/articles_listing404_1.jpg,jpg,12794,pic
pic/articles_listing404_2.jpg,jpg,12794,pic
pic/articles_listing405.jpg,jpg,9006,pic
pic/articles_listing405_1.jpg,jpg,2668,pic
pic/articles_listing408.jpg,jpg,6034,pic
pic/articles_listing408_1.jpg,jpg,2460,pic
pic/articles_listing411.jpg,jpg,61990,pic
pic/articles_listing411_1.jpg,jpg,61990,pic
pic/articles_listing414.gif,gif,12605,pic
pic/articles_listing414.jpg,jpg,6099,pic
pic/articles_listing414_1.gif,gif,4307,pic
pic/articles_listing414_1.jpg,jpg,2385,pic
pic/articles_listing417.jpg,jpg,12832,pic
pic/articles_listing417_1.jpg,jpg,3125,pic
pic/articles_listing418.jpg,jpg,11534,pic
pic/articles_listing418_1.jpg,jpg,11534,pic
pic/articles_listing418_2.jpg,jpg,11534,pic
pic/articles_listing420.jpg,jpg,23657,pic
pic/articles_listing420_1.jpg,jpg,2396,pic
pic/articles_listing422.jpg,jpg,7704,pic
pic/articles_listing422_1.jpg,jpg,3091,pic
pic/articles_listing424.jpg,jpg,25550,pic
pic/articles_listing424_1.jpg,jpg,2944,pic
pic/articles_listing427.jpg,jpg,16547,pic
pic/articles_listing427_1.jpg,jpg,2842,pic
pic/articles_listing429.jpg,jpg,7064,pic
pic/articles_listing429_1.jpg,jpg,2263,pic
pic/articles_listing43.jpg,jpg,794759,pic
pic/articles_listing432.jpg,jpg,48713,pic
pic/articles_listing432_1.jpg,jpg,48713,pic
pic/articles_listing434.jpg,jpg,322331,pic
pic/articles_listing434_1.jpg,jpg,63717,pic
pic/articles_listing435.jpg,jpg,22641,pic
pic/articles_listing435_1.jpg,jpg,2771,pic
pic/articles_listing437.jpg,jpg,4965,pic
pic/articles_listing437_1.jpg,jpg,1843,pic
pic/articles_listing439.jpg,jpg,7314,pic
pic/articles_listing439_1.jpg,jpg,2425,pic
pic/articles_listing43_1.jpg,jpg,794759,pic
pic/articles_listing43_2.jpg,jpg,794759,pic
pic/articles_listing441.jpg,jpg,7785,pic
pic/articles_listing441_1.jpg,jpg,7785,pic
pic/articles_listing441_2.jpg,jpg,6397,pic
pic/articles_listing443.jpg,jpg,107076,pic
pic/articles_listing443_1.jpg,jpg,9263,pic
pic/articles_listing444.jpg,jpg,83074,pic
pic/articles_listing444_1.jpg,jpg,7750,pic
pic/articles_listing445.jpg,jpg,57293,pic
pic/articles_listing445_1.jpg,jpg,5175,pic
pic/articles_listing446.jpg,jpg,84067,pic
pic/articles_listing446_1.jpg,jpg,6814,pic
pic/articles_listing447.jpg,jpg,65691,pic
pic/articles_listing447_1.jpg,jpg,5495,pic
pic/articles_listing449.jpg,jpg,7175,pic
pic/articles_listing449_1.jpg,jpg,2276,pic
pic/articles_listing450.jpg,jpg,74993,pic
pic/articles_listing450_1.jpg,jpg,6680,pic
pic/articles_listing451.jpg,jpg,80222,pic
pic/articles_listing451_1.jpg,jpg,6934,pic
pic/articles_listing452.jpg,jpg,67568,pic
pic/articles_listing452_1.jpg,jpg,5941,pic
pic/articles_listing453.jpg,jpg,76940,pic
pic/articles_listing453_1.jpg,jpg,7113,pic
pic/articles_listing454.jpg,jpg,73496,pic
pic/articles_listing454_1.jpg,jpg,6982,pic
pic/articles_listing455.jpg,jpg,78550,pic
pic/articles_listing455_1.jpg,jpg,6817,pic
pic/articles_listing456.jpg,jpg,3021,pic
pic/articles_listing456_1.jpg,jpg,3021,pic
pic/articles_listing456_2.jpg,jpg,3021,pic
pic/articles_listing457.gif,gif,9620,pic
pic/articles_listing457_1.gif,gif,3827,pic
pic/articles_listing458.gif,gif,14443,pic
pic/articles_listing458_1.gif,gif,4792,pic
pic/articles_listing459.gif,gif,13251,pic
pic/articles_listing459_1.gif,gif,4418,pic
pic/articles_listing460.gif,gif,17835,pic
pic/articles_listing460_1.gif,gif,4830,pic
pic/articles_listing462.jpg,jpg,67236,pic
pic/articles_listing462_1.jpg,jpg,5597,pic
pic/articles_listing463.jpg,jpg,83998,pic
pic/articles_listing463_1.jpg,jpg,6578,pic
pic/articles_listing464.jpg,jpg,84333,pic
pic/articles_listing464_1.jpg,jpg,6367,pic
pic/articles_listing465.jpg,jpg,66254,pic
pic/articles_listing465_1.jpg,jpg,5879,pic
pic/articles_listing466.jpg,jpg,51771,pic
pic/articles_listing466_1.jpg,jpg,4940,pic
pic/articles_listing467.jpg,jpg,76144,pic
pic/articles_listing467_1.jpg,jpg,5811,pic
pic/articles_listing468.jpg,jpg,57167,pic
pic/articles_listing468_1.jpg,jpg,5076,pic
pic/articles_listing469.jpg,jpg,70230,pic
pic/articles_listing469_1.jpg,jpg,5727,pic
pic/articles_listing470.jpg,jpg,74470,pic
pic/articles_listing470_1.jpg,jpg,5694,pic
pic/articles_listing471.jpg,jpg,65524,pic
pic/articles_listing471_1.jpg,jpg,5343,pic
pic/articles_listing472.jpg,jpg,69079,pic
pic/articles_listing472_1.jpg,jpg,5324,pic
pic/articles_listing473.jpg,jpg,63454,pic
pic/articles_listing473_1.jpg,jpg,5847,pic
pic/articles_listing474.jpg,jpg,74019,pic
pic/articles_listing474_1.jpg,jpg,6179,pic
pic/articles_listing475.jpg,jpg,64277,pic
pic/articles_listing475_1.jpg,jpg,6737,pic
pic/articles_listing476.jpg,jpg,70085,pic
pic/articles_listing476_1.jpg,jpg,7406,pic
pic/articles_listing477.jpg,jpg,38816,pic
pic/articles_listing477_1.jpg,jpg,4338,pic
pic/articles_listing478.jpg,jpg,47792,pic
pic/articles_listing478_1.jpg,jpg,5184,pic
pic/articles_listing479.jpg,jpg,63455,pic
pic/articles_listing479_1.jpg,jpg,6551,pic
pic/articles_listing480.jpg,jpg,55874,pic
pic/articles_listing480_1.jpg,jpg,6378,pic
pic/articles_listing481.jpg,jpg,46353,pic
pic/articles_listing481_1.jpg,jpg,4997,pic
pic/articles_listing482.jpg,jpg,58443,pic
pic/articles_listing482_1.jpg,jpg,5833,pic
pic/articles_listing483.jpg,jpg,54053,pic
pic/articles_listing483_1.jpg,jpg,5847,pic
pic/articles_listing484.jpg,jpg,88925,pic
pic/articles_listing484_1.jpg,jpg,8551,pic
pic/articles_listing485.jpg,jpg,67479,pic
pic/articles_listing485_1.jpg,jpg,6516,pic
pic/articles_listing486.jpg,jpg,64035,pic
pic/articles_listing486_1.jpg,jpg,6291,pic
pic/articles_listing487.jpg,jpg,49821,pic
pic/articles_listing487_1.jpg,jpg,5184,pic
pic/articles_listing488.jpg,jpg,53501,pic
pic/articles_listing488_1.jpg,jpg,5281,pic
pic/articles_listing489.jpg,jpg,57696,pic
pic/articles_listing489_1.jpg,jpg,5690,pic
pic/articles_listing490.jpg,jpg,34017,pic
pic/articles_listing490_1.jpg,jpg,3818,pic
pic/articles_listing491.jpg,jpg,58204,pic
pic/articles_listing491_1.jpg,jpg,5725,pic
pic/articles_listing492.jpg,jpg,55127,pic
pic/articles_listing492_1.jpg,jpg,5108,pic
pic/articles_listing493.jpg,jpg,46103,pic
pic/articles_listing493_1.jpg,jpg,5290,pic
pic/articles_listing494.jpg,jpg,53720,pic
pic/articles_listing494_1.jpg,jpg,5565,pic
pic/articles_listing495.jpg,jpg,74680,pic
pic/articles_listing495_1.jpg,jpg,7045,pic
pic/articles_listing496.jpg,jpg,58915,pic
pic/articles_listing496_1.jpg,jpg,5667,pic
pic/articles_listing497.jpg,jpg,38682,pic
pic/articles_listing497_1.jpg,jpg,4025,pic
pic/articles_listing498.jpg,jpg,44806,pic
pic/articles_listing498_1.jpg,jpg,4730,pic
pic/articles_listing499.jpg,jpg,50964,pic
pic/articles_listing499_1.jpg,jpg,5095,pic
pic/articles_listing4_1.jpg,jpg,22641,pic
pic/articles_listing4_2.jpg,jpg,5367,pic
pic/articles_listing5.jpg,jpg,6034,pic
pic/articles_listing500.jpg,jpg,40730,pic
pic/articles_listing500_1.jpg,jpg,4367,pic
pic/articles_listing501.jpg,jpg,6416,pic
pic/articles_listing501_1.jpg,jpg,6416,pic
pic/articles_listing501_2.jpg,jpg,6416,pic
pic/articles_listing502.jpg,jpg,406486,pic
pic/articles_listing502_1.jpg,jpg,63534,pic
pic/articles_listing502_2.jpg,jpg,63534,pic
pic/articles_listing504.jpg,jpg,136977,pic
pic/articles_listing504_1.jpg,jpg,44291,pic
pic/articles_listing505.jpg,jpg,147115,pic
pic/articles_listing505_1.jpg,jpg,44048,pic
pic/articles_listing506.jpg,jpg,138356,pic
pic/articles_listing506_1.jpg,jpg,43475,pic
pic/articles_listing507.jpg,jpg,66697,pic
pic/articles_listing507_1.jpg,jpg,6607,pic
pic/articles_listing508.jpg,jpg,129648,pic
pic/articles_listing508_1.jpg,jpg,40908,pic
pic/articles_listing509.jpg,jpg,108422,pic
pic/articles_listing509_1.jpg,jpg,38830,pic
pic/articles_listing510.jpg,jpg,108526,pic
pic/articles_listing510_1.jpg,jpg,39186,pic
pic/articles_listing511.jpg,jpg,131337,pic
pic/articles_listing511_1.jpg,jpg,42779,pic
pic/articles_listing513.jpg,jpg,153666,pic
pic/articles_listing513_1.jpg,jpg,34728,pic
pic/articles_listing514.jpg,jpg,140308,pic
pic/articles_listing514_1.jpg,jpg,33536,pic
pic/articles_listing515.jpg,jpg,149410,pic
pic/articles_listing515_1.jpg,jpg,34937,pic
pic/articles_listing516.jpg,jpg,167311,pic
pic/articles_listing516_1.jpg,jpg,37008,pic
pic/articles_listing517.jpg,jpg,173055,pic
pic/articles_listing517_1.jpg,jpg,37350,pic
pic/articles_listing518.jpg,jpg,177742,pic
pic/articles_listing518_1.jpg,jpg,38619,pic
pic/articles_listing519.jpg,jpg,163761,pic
pic/articles_listing519_1.jpg,jpg,36877,pic
pic/articles_listing520.jpg,jpg,174622,pic
pic/articles_listing520_1.jpg,jpg,39730,pic
pic/articles_listing521.jpg,jpg,166708,pic
pic/articles_listing521_1.jpg,jpg,39269,pic
pic/articles_listing522.jpg,jpg,126365,pic
pic/articles_listing522_1.jpg,jpg,34294,pic
pic/articles_listing523.jpg,jpg,135896,pic
pic/articles_listing523_1.jpg,jpg,33798,pic
pic/articles_listing524.jpg,jpg,124241,pic
pic/articles_listing524_1.jpg,jpg,32398,pic
pic/articles_listing525.jpg,jpg,145478,pic
pic/articles_listing525_1.jpg,jpg,37655,pic
pic/articles_listing526.jpg,jpg,151096,pic
pic/articles_listing526_1.jpg,jpg,36178,pic
pic/articles_listing527.jpg,jpg,148467,pic
pic/articles_listing527_1.jpg,jpg,37064,pic
pic/articles_listing528.jpg,jpg,191538,pic
pic/articles_listing528_1.jpg,jpg,40884,pic
pic/articles_listing529.jpg,jpg,134425,pic
pic/articles_listing529_1.jpg,jpg,34643,pic
pic/articles_listing530.jpg,jpg,154728,pic
pic/articles_listing530_1.jpg,jpg,36039,pic
pic/articles_listing531.jpg,jpg,139259,pic
pic/articles_listing531_1.jpg,jpg,33977,pic
pic/articles_listing532.jpg,jpg,138620,pic
pic/articles_listing532_1.jpg,jpg,34275,pic
pic/articles_listing533.jpg,jpg,176942,pic
pic/articles_listing533_1.jpg,jpg,36409,pic
pic/articles_listing534.jpg,jpg,165284,pic
pic/articles_listing534_1.jpg,jpg,35852,pic
pic/articles_listing535.jpg,jpg,182735,pic
pic/articles_listing535_1.jpg,jpg,37014,pic
pic/articles_listing537.jpg,jpg,137282,pic
pic/articles_listing537_1.jpg,jpg,32025,pic
pic/articles_listing538.jpg,jpg,160342,pic
pic/articles_listing538_1.jpg,jpg,36406,pic
pic/articles_listing539.jpg,jpg,153188,pic
pic/articles_listing539_1.jpg,jpg,34074,pic
pic/articles_listing540.jpg,jpg,142273,pic
pic/articles_listing540_1.jpg,jpg,35076,pic
pic/articles_listing541.jpg,jpg,149104,pic
pic/articles_listing541_1.jpg,jpg,34310,pic
pic/articles_listing542.jpg,jpg,147877,pic
pic/articles_listing542_1.jpg,jpg,34238,pic
pic/articles_listing543.jpg,jpg,66856,pic
pic/articles_listing543_1.jpg,jpg,34883,pic
pic/articles_listing544.jpg,jpg,149877,pic
pic/articles_listing544_1.jpg,jpg,34163,pic
pic/articles_listing545.jpg,jpg,144810,pic
pic/articles_listing545_1.jpg,jpg,35497,pic
pic/articles_listing546.jpg,jpg,168770,pic
pic/articles_listing546_1.jpg,jpg,37412,pic
pic/articles_listing547.jpg,jpg,157956,pic
pic/articles_listing547_1.jpg,jpg,32929,pic
pic/articles_listing548.jpg,jpg,145681,pic
pic/articles_listing548_1.jpg,jpg,32430,pic
pic/articles_listing549.jpg,jpg,169583,pic
pic/articles_listing549_1.jpg,jpg,34528,pic
pic/articles_listing550.jpg,jpg,148176,pic
pic/articles_listing550_1.jpg,jpg,42156,pic
pic/articles_listing551.jpg,jpg,146284,pic
pic/articles_listing551_1.jpg,jpg,41372,pic
pic/articles_listing552.jpg,jpg,141873,pic
pic/articles_listing552_1.jpg,jpg,40743,pic
pic/articles_listing553.jpg,jpg,150922,pic
pic/articles_listing553_1.jpg,jpg,41966,pic
pic/articles_listing554.jpg,jpg,4977,pic
pic/articles_listing554_1.jpg,jpg,4977,pic
pic/articles_listing554_2.jpg,jpg,4977,pic
pic/articles_listing555.jpg,jpg,16334,pic
pic/articles_listing555_1.jpg,jpg,6678,pic
pic/articles_listing556.jpg,jpg,11419,pic
pic/articles_listing556_1.jpg,jpg,4997,pic
pic/articles_listing557.jpg,jpg,18062,pic
pic/articles_listing557_1.jpg,jpg,5642,pic
pic/articles_listing558.jpg,jpg,25706,pic
pic/articles_listing558_1.jpg,jpg,7014,pic
pic/articles_listing559.jpg,jpg,16888,pic
pic/articles_listing559_1.jpg,jpg,6382,pic
pic/articles_listing560.jpg,jpg,18307,pic
pic/articles_listing560_1.jpg,jpg,5973,pic
pic/articles_listing561.jpg,jpg,23119,pic
pic/articles_listing561_1.jpg,jpg,8013,pic
pic/articles_listing562.jpg,jpg,23196,pic
pic/articles_listing562_1.jpg,jpg,6148,pic
pic/articles_listing563.jpg,jpg,9444,pic
pic/articles_listing563_1.jpg,jpg,7965,pic
pic/articles_listing564.jpg,jpg,6035,pic
pic/articles_listing564_1.jpg,jpg,6035,pic
pic/articles_listing564_2.jpg,jpg,6035,pic
pic/articles_listing565.jpg,jpg,20516,pic
pic/articles_listing565_1.jpg,jpg,40007,pic
pic/articles_listing566.jpg,jpg,48404,pic
pic/articles_listing566_1.jpg,jpg,35367,pic
pic/articles_listing567.jpg,jpg,13746,pic
pic/articles_listing567_1.jpg,jpg,31246,pic
pic/articles_listing568.jpg,jpg,36218,pic
pic/articles_listing568_1.jpg,jpg,31768,pic
pic/articles_listing569.jpg,jpg,40352,pic
pic/articles_listing569_1.jpg,jpg,34669,pic
pic/articles_listing570.jpg,jpg,7276,pic
pic/articles_listing570_1.jpg,jpg,7276,pic
pic/articles_listing570_2.jpg,jpg,7276,pic
pic/articles_listing571.jpg,jpg,7874,pic
pic/articles_listing571_1.jpg,jpg,37119,pic
pic/articles_listing572.jpg,jpg,79479,pic
pic/articles_listing572_1.jpg,jpg,38199,pic
pic/articles_listing573.jpg,jpg,59023,pic
pic/articles_listing573_1.jpg,jpg,38693,pic
pic/articles_listing574.jpg,jpg,93032,pic
pic/articles_listing574_1.jpg,jpg,41890,pic
pic/articles_listing575.jpg,jpg,7439,pic
pic/articles_listing575_1.jpg,jpg,7439,pic
pic/articles_listing575_2.jpg,jpg,7439,pic
pic/articles_listing576.jpg,jpg,42517,pic
pic/articles_listing576_1.jpg,jpg,36674,pic
pic/articles_listing577.jpg,jpg,43594,pic
pic/articles_listing577_1.jpg,jpg,37365,pic
pic/articles_listing578.jpg,jpg,52011,pic
pic/articles_listing578_1.jpg,jpg,41924,pic
pic/articles_listing579.jpg,jpg,61304,pic
pic/articles_listing579_1.jpg,jpg,42618,pic
pic/articles_listing580.jpg,jpg,6889,pic
pic/articles_listing580_1.jpg,jpg,6889,pic
pic/articles_listing581.jpg,jpg,16176,pic
pic/articles_listing581_1.jpg,jpg,8272,pic
pic/articles_listing584.jpg,jpg,10932,pic
pic/articles_listing584_1.jpg,jpg,10932,pic
pic/articles_listing584_2.jpg,jpg,8972,pic
pic/articles_listing585.jpg,jpg,10932,pic
pic/articles_listing585_1.jpg,jpg,10932,pic
pic/articles_listing585_2.jpg,jpg,10932,pic
pic/articles_listing588.jpg,jpg,57296,pic
pic/articles_listing588_1.jpg,jpg,9201,pic
pic/articles_listing589.jpg,jpg,53537,pic
pic/articles_listing589_1.jpg,jpg,8754,pic
pic/articles_listing590.jpg,jpg,53115,pic
pic/articles_listing590_1.jpg,jpg,7111,pic
pic/articles_listing5_1.jpg,jpg,6034,pic
pic/articles_listing5_2.jpg,jpg,6034,pic
pic/articles_listing6_1.jpg,jpg,5062,pic
pic/articles_listing6_2.jpg,jpg,33814,pic
pic/articles_listing7.jpg,jpg,7785,pic
pic/articles_listing732.jpg,jpg,88886,pic
pic/articles_listing732_2.jpg,jpg,37559,pic
pic/articles_listing733.jpg,jpg,78939,pic
pic/articles_listing733_2.jpg,jpg,37065,pic
pic/articles_listing734.jpg,jpg,76733,pic
pic/articles_listing734_2.jpg,jpg,35481,pic
pic/articles_listing735.jpg,jpg,86769,pic
pic/articles_listing735_2.jpg,jpg,54423,pic
pic/articles_listing736.jpg,jpg,94056,pic
pic/articles_listing736_2.jpg,jpg,37235,pic
pic/articles_listing737.jpg,jpg,90936,pic
pic/articles_listing737_2.jpg,jpg,38159,pic
pic/articles_listing738.jpg,jpg,96555,pic
pic/articles_listing738_2.jpg,jpg,38265,pic
pic/articles_listing739.jpg,jpg,92599,pic
pic/articles_listing739_1.jpg,jpg,37203,pic
pic/articles_listing739_2.jpg,jpg,37203,pic
pic/articles_listing740.jpg,jpg,99211,pic
pic/articles_listing740_2.jpg,jpg,40041,pic
pic/articles_listing741.jpg,jpg,95046,pic
pic/articles_listing741_2.jpg,jpg,38099,pic
pic/articles_listing742.jpg,jpg,103236,pic
pic/articles_listing742_2.jpg,jpg,39005,pic
pic/articles_listing743.jpg,jpg,106010,pic
pic/articles_listing743_2.jpg,jpg,40907,pic
pic/articles_listing744.jpg,jpg,70740,pic
pic/articles_listing744_2.jpg,jpg,35869,pic
pic/articles_listing745.jpg,jpg,85542,pic
pic/articles_listing745_2.jpg,jpg,37717,pic
pic/articles_listing746.jpg,jpg,82846,pic
pic/articles_listing746_2.jpg,jpg,36535,pic
pic/articles_listing747.jpg,jpg,41935,pic
pic/articles_listing747_1.jpg,jpg,41935,pic
pic/articles_listing747_2.jpg,jpg,37559,pic
pic/articles_listing748.jpg,jpg,39106,pic
pic/articles_listing748_1.jpg,jpg,39106,pic
pic/articles_listing748_2.jpg,jpg,35869,pic
pic/articles_listing749.jpg,jpg,39106,pic
pic/articles_listing749_1.jpg,jpg,39106,pic
pic/articles_listing749_2.jpg,jpg,35869,pic
pic/articles_listing750.jpg,jpg,88886,pic
pic/articles_listing750_1.jpg,jpg,41935,pic
pic/articles_listing750_2.jpg,jpg,37559,pic
pic/articles_listing753.jpg,jpg,111564,pic
pic/articles_listing753_2.jpg,jpg,8465,pic
pic/articles_listing754.jpg,jpg,174622,pic
pic/articles_listing754_2.jpg,jpg,39730,pic
pic/articles_listing755.jpg,jpg,166708,pic
pic/articles_listing755_2.jpg,jpg,39269,pic
pic/articles_listing756.jpg,jpg,66062,pic
pic/articles_listing756_1.jpg,jpg,8361,pic
pic/articles_listing756_2.jpg,jpg,6724,pic
pic/articles_listing757.jpg,jpg,104920,pic
pic/articles_listing757_2.jpg,jpg,63726,pic
pic/articles_listing758.jpg,jpg,103027,pic
pic/articles_listing758_2.jpg,jpg,43256,pic
pic/articles_listing760.jpg,jpg,115800,pic
pic/articles_listing760_2.jpg,jpg,64754,pic
pic/articles_listing761.jpg,jpg,77520,pic
pic/articles_listing761_2.jpg,jpg,27724,pic
pic/articles_listing762.jpg,jpg,122454,pic
pic/articles_listing762_2.jpg,jpg,61360,pic
pic/articles_listing763.jpg,jpg,110041,pic
pic/articles_listing763_2.jpg,jpg,58080,pic
pic/articles_listing764.jpg,jpg,96626,pic
pic/articles_listing764_2.jpg,jpg,43638,pic
pic/articles_listing765.jpg,jpg,99109,pic
pic/articles_listing765_2.jpg,jpg,44580,pic
pic/articles_listing766.jpg,jpg,88044,pic
pic/articles_listing766_2.jpg,jpg,43079,pic
pic/articles_listing768.jpg,jpg,86769,pic
pic/articles_listing768_2.jpg,jpg,54423,pic
pic/articles_listing769.jpg,jpg,78074,pic
pic/articles_listing769_2.jpg,jpg,42950,pic
pic/articles_listing770.jpg,jpg,77410,pic
pic/articles_listing770_2.jpg,jpg,42215,pic
pic/articles_listing771.jpg,jpg,150001,pic
pic/articles_listing771_2.jpg,jpg,34943,pic
pic/articles_listing772.jpg,jpg,112865,pic
pic/articles_listing772_2.jpg,jpg,42689,pic
pic/articles_listing773.jpg,jpg,9481,pic
pic/articles_listing773_1.jpg,jpg,9481,pic
pic/articles_listing773_2.jpg,jpg,7369,pic
pic/articles_listing775.jpg,jpg,9481,pic
pic/articles_listing775_1.jpg,jpg,9481,pic
pic/articles_listing775_2.jpg,jpg,7369,pic
pic/articles_listing777.jpg,jpg,4548,pic
pic/articles_listing777_1.jpg,jpg,4548,pic
pic/articles_listing777_2.jpg,jpg,4548,pic
pic/articles_listing7_1.jpg,jpg,7785,pic
pic/articles_listing7_2.jpg,jpg,6397,pic
pic/articles_listing81.gif,gif,3717,pic
pic/articles_listing814.jpg,jpg,115054,pic
pic/articles_listing814_2.jpg,jpg,7081,pic
pic/articles_listing815.jpg,jpg,115731,pic
pic/articles_listing815_2.jpg,jpg,9251,pic
pic/articles_listing816.jpg,jpg,68973,pic
pic/articles_listing816_2.jpg,jpg,6999,pic
pic/articles_listing817.jpg,jpg,72593,pic
pic/articles_listing817_2.jpg,jpg,4767,pic
pic/articles_listing818.jpg,jpg,5408,pic
pic/articles_listing818_1.jpg,jpg,5408,pic
pic/articles_listing818_2.jpg,jpg,4483,pic
pic/articles_listing81_1.gif,gif,3717,pic
pic/articles_listing81_2.gif,gif,3717,pic
pic/articles_listing820.jpg,jpg,39730,pic
pic/articles_listing820_1.jpg,jpg,39730,pic
pic/articles_listing820_2.jpg,jpg,39730,pic
pic/articles_listing822.jpg,jpg,93668,pic
pic/articles_listing822_1.jpg,jpg,35612,pic
pic/articles_listing823.jpg,jpg,98504,pic
pic/articles_listing823_1.jpg,jpg,37614,pic
pic/articles_listing824.jpg,jpg,92542,pic
pic/articles_listing824_1.jpg,jpg,35548,pic
pic/articles_listing825.jpg,jpg,96171,pic
pic/articles_listing825_1.jpg,jpg,36900,pic
pic/articles_listing826.jpg,jpg,136848,pic
pic/articles_listing826_1.jpg,jpg,41048,pic
pic/articles_listing827.jpg,jpg,94183,pic
pic/articles_listing827_1.jpg,jpg,35632,pic
pic/articles_listing828.jpg,jpg,95240,pic
pic/articles_listing828_1.jpg,jpg,36959,pic
pic/articles_listing829.jpg,jpg,119979,pic
pic/articles_listing829_1.jpg,jpg,39394,pic
pic/articles_listing830.jpg,jpg,106333,pic
pic/articles_listing830_1.jpg,jpg,38260,pic
pic/articles_listing831.jpg,jpg,106413,pic
pic/articles_listing831_1.jpg,jpg,37780,pic
pic/articles_listing832.jpg,jpg,116568,pic
pic/articles_listing832_1.jpg,jpg,40053,pic
pic/articles_listing833.jpg,jpg,102160,pic
pic/articles_listing833_1.jpg,jpg,37856,pic
pic/articles_listing834.jpg,jpg,157948,pic
pic/articles_listing834_1.jpg,jpg,45317,pic
pic/articles_listing835.jpg,jpg,92803,pic
pic/articles_listing835_1.jpg,jpg,36087,pic
pic/articles_listing836.jpg,jpg,111395,pic
pic/articles_listing836_1.jpg,jpg,38273,pic
pic/articles_listing837.jpg,jpg,87601,pic
pic/articles_listing837_1.jpg,jpg,35506,pic
pic/articles_listing838.jpg,jpg,109073,pic
pic/articles_listing838_1.jpg,jpg,37581,pic
pic/articles_listing839.jpg,jpg,95549,pic
pic/articles_listing839_1.jpg,jpg,35020,pic
pic/articles_listing840.jpg,jpg,76887,pic
pic/articles_listing840_1.jpg,jpg,33741,pic
pic/articles_listing841.jpg,jpg,84325,pic
pic/articles_listing841_1.jpg,jpg,34196,pic
pic/articles_listing842.jpg,jpg,77493,pic
pic/articles_listing842_1.jpg,jpg,32413,pic
pic/articles_listing843.jpg,jpg,87881,pic
pic/articles_listing843_1.jpg,jpg,36672,pic
pic/articles_listing844.jpg,jpg,87650,pic
pic/articles_listing844_1.jpg,jpg,34605,pic
pic/articles_listing845.jpg,jpg,84377,pic
pic/articles_listing845_1.jpg,jpg,33516,pic
pic/articles_listing846.jpg,jpg,90074,pic
pic/articles_listing846_1.jpg,jpg,36089,pic
pic/articles_listing847.jpg,jpg,103254,pic
pic/articles_listing847_1.jpg,jpg,35653,pic
pic/articles_listing848.jpg,jpg,97714,pic
pic/articles_listing848_1.jpg,jpg,36167,pic
pic/articles_listing849.jpg,jpg,261053,pic
pic/articles_listing849_1.jpg,jpg,52551,pic
pic/articles_listing850.jpg,jpg,104868,pic
pic/articles_listing850_1.jpg,jpg,37528,pic
pic/articles_listing851.jpg,jpg,92724,pic
pic/articles_listing851_1.jpg,jpg,35684,pic
pic/articles_listing852.jpg,jpg,83427,pic
pic/articles_listing852_1.jpg,jpg,34127,pic
pic/articles_listing853.jpg,jpg,91605,pic
pic/articles_listing853_1.jpg,jpg,35125,pic
pic/articles_listing854.jpg,jpg,108547,pic
pic/articles_listing854_1.jpg,jpg,38060,pic
pic/articles_listing855.jpg,jpg,128276,pic
pic/articles_listing855_1.jpg,jpg,41578,pic
pic/articles_listing856.jpg,jpg,124478,pic
pic/articles_listing856_1.jpg,jpg,39593,pic
pic/articles_listing858.jpg,jpg,29326,pic
pic/articles_listing858_1.jpg,jpg,29326,pic
pic/articles_listing858_2.jpg,jpg,2858,pic
pic/articles_listing859.gif,gif,231674,pic
pic/articles_listing859_1.gif,gif,15729,pic
pic/articles_listing860.jpg,jpg,6979,pic
pic/articles_listing860_1.jpg,jpg,6979,pic
pic/articles_listing860_2.jpg,jpg,6979,pic
pic/articles_listing863.jpg,jpg,12108,pic
pic/articles_listing863_1.jpg,jpg,12108,pic
pic/articles_listing863_2.jpg,jpg,9236,pic
pic/articles_listing866.jpg,jpg,12108,pic
pic/articles_listing866_1.jpg,jpg,12108,pic
pic/articles_listing866_2.jpg,jpg,9236,pic
pic/articles_listing870.jpg,jpg,13167,pic
pic/articles_listing870_1.jpg,jpg,13167,pic
pic/articles_listing870_2.jpg,jpg,10146,pic
pic/articles_listing873.jpg,jpg,13167,pic
pic/articles_listing873_1.jpg,jpg,13167,pic
pic/articles_listing873_2.jpg,jpg,10146,pic
pic/articles_listing878.jpg,jpg,10397,pic
pic/articles_listing878_1.jpg,jpg,10397,pic
pic/articles_listing878_2.jpg,jpg,8341,pic
pic/articles_listing881.jpg,jpg,10397,pic
pic/articles_listing881_1.jpg,jpg,10397,pic
pic/articles_listing881_2.jpg,jpg,8341,pic
pic/articles_listing884.jpg,jpg,7843,pic
pic/articles_listing884_1.jpg,jpg,7843,pic
pic/articles_listing884_2.jpg,jpg,6624,pic
pic/articles_listing885.jpg,jpg,7843,pic
pic/articles_listing885_1.jpg,jpg,7843,pic
pic/articles_listing885_2.jpg,jpg,6624,pic
pic/articles_listing888.jpg,jpg,8561,pic
pic/articles_listing888_1.jpg,jpg,8561,pic
pic/articles_listing888_2.jpg,jpg,6924,pic
pic/articles_listing889.jpg,jpg,8561,pic
pic/articles_listing889_1.jpg,jpg,8561,pic
pic/articles_listing889_2.jpg,jpg,6924,pic
pic/articles_listing893.jpg,jpg,7480,pic
pic/articles_listing893_1.jpg,jpg,7480,pic
pic/articles_listing893_2.jpg,jpg,6033,pic
pic/articles_listing896.jpg,jpg,7480,pic
pic/articles_listing896_1.jpg,jpg,7480,pic
pic/articles_listing896_2.jpg,jpg,6033,pic
pic/articles_listing912.jpg,jpg,12642,pic
pic/articles_listing912_1.jpg,jpg,12642,pic
pic/articles_listing912_2.jpg,jpg,9816,pic
pic/articles_listing915.jpg,jpg,58622,pic
pic/articles_listing915_1.jpg,jpg,12642,pic
pic/articles_listing915_2.jpg,jpg,9816,pic
pic/articles_listing918.jpg,jpg,10870,pic
pic/articles_listing918_1.jpg,jpg,10870,pic
pic/articles_listing918_2.jpg,jpg,8618,pic
pic/articles_listing923.jpg,jpg,10870,pic
pic/articles_listing923_1.jpg,jpg,10870,pic
pic/articles_listing923_2.jpg,jpg,8618,pic
pic/articles_listing94.gif,gif,4046,pic
pic/articles_listing94_1.gif,gif,4046,pic
pic/articles_listing94_2.gif,gif,4046,pic
pic/articles_listing989.jpg,jpg,10081,pic
pic/articles_listing989_1.jpg,jpg,10081,pic
pic/articles_listing989_2.jpg,jpg,7747,pic
pic/articles_listing993.jpg,jpg,10081,pic
pic/articles_listing993_1.jpg,jpg,10081,pic
pic/articles_listing993_2.jpg,jpg,7747,pic
pic/articles_menu201.jpg,jpg,259612,pic
pic/articles_menu37.jpg,jpg,5305,pic
pic/banner88x31.gif,gif,2698,pic
pic/decor.jpg,jpg,494387,pic
pic/decor1.jpg,jpg,77320,pic
pic/gallery_listing1.jpg,jpg,47380,pic
pic/gallery_listing10.jpg,jpg,69134,pic
pic/gallery_listing100.jpg,jpg,76609,pic
pic/gallery_listing100_1.jpg,jpg,25550,pic
pic/gallery_listing101.jpg,jpg,65331,pic
pic/gallery_listing101_1.jpg,jpg,22329,pic
pic/gallery_listing102.jpg,jpg,110313,pic
pic/gallery_listing102_1.jpg,jpg,25458,pic
pic/gallery_listing103.jpg,jpg,102013,pic
pic/gallery_listing103_1.jpg,jpg,26097,pic
pic/gallery_listing104.jpg,jpg,105067,pic
pic/gallery_listing104_1.jpg,jpg,28173,pic
pic/gallery_listing105.jpg,jpg,111761,pic
pic/gallery_listing105_1.jpg,jpg,29983,pic
pic/gallery_listing106.jpg,jpg,102090,pic
pic/gallery_listing106_1.jpg,jpg,28050,pic
pic/gallery_listing107.jpg,jpg,97216,pic
pic/gallery_listing107_1.jpg,jpg,26347,pic
pic/gallery_listing108.jpg,jpg,113405,pic
pic/gallery_listing108_1.jpg,jpg,26774,pic
pic/gallery_listing109.jpg,jpg,99786,pic
pic/gallery_listing109_1.jpg,jpg,27196,pic
pic/gallery_listing10_1.jpg,jpg,8291,pic
pic/gallery_listing11.jpg,jpg,93715,pic
pic/gallery_listing110.jpg,jpg,114890,pic
pic/gallery_listing110_1.jpg,jpg,27396,pic
pic/gallery_listing111.jpg,jpg,90512,pic
pic/gallery_listing111_1.jpg,jpg,24491,pic
pic/gallery_listing112.jpg,jpg,125667,pic
pic/gallery_listing112_1.jpg,jpg,8335,pic
pic/gallery_listing113.jpg,jpg,118115,pic
pic/gallery_listing113_1.jpg,jpg,8091,pic
pic/gallery_listing114.jpg,jpg,63498,pic
pic/gallery_listing114_1.jpg,jpg,10212,pic
pic/gallery_listing115.jpg,jpg,97386,pic
pic/gallery_listing115_1.jpg,jpg,9031,pic
pic/gallery_listing116.jpg,jpg,136797,pic
pic/gallery_listing116_1.jpg,jpg,9863,pic
pic/gallery_listing117.jpg,jpg,57262,pic
pic/gallery_listing117_1.jpg,jpg,9215,pic
pic/gallery_listing118.gif,gif,213738,pic
pic/gallery_listing118.jpg,jpg,135467,pic
pic/gallery_listing118_1.gif,gif,14154,pic
pic/gallery_listing118_1.jpg,jpg,11466,pic
pic/gallery_listing119.gif,gif,206961,pic
pic/gallery_listing119.jpg,jpg,123717,pic
pic/gallery_listing119_1.gif,gif,13648,pic
pic/gallery_listing119_1.jpg,jpg,10222,pic
pic/gallery_listing11_1.jpg,jpg,10826,pic
pic/gallery_listing12.jpg,jpg,71103,pic
pic/gallery_listing120.gif,gif,213203,pic
pic/gallery_listing120.jpg,jpg,122774,pic
pic/gallery_listing120_1.gif,gif,13971,pic
pic/gallery_listing120_1.jpg,jpg,9707,pic
pic/gallery_listing121.gif,gif,212043,pic
pic/gallery_listing121.jpg,jpg,160853,pic
pic/gallery_listing121_1.gif,gif,13757,pic
pic/gallery_listing121_1.jpg,jpg,11657,pic
pic/gallery_listing122.gif,gif,202467,pic
pic/gallery_listing122.jpg,jpg,124329,pic
pic/gallery_listing122_1.gif,gif,13916,pic
pic/gallery_listing122_1.jpg,jpg,10287,pic
pic/gallery_listing123.gif,gif,197968,pic
pic/gallery_listing123.jpg,jpg,106456,pic
pic/gallery_listing123_1.gif,gif,13054,pic
pic/gallery_listing123_1.jpg,jpg,9392,pic
pic/gallery_listing124.gif,gif,181796,pic
pic/gallery_listing124.jpg,jpg,73937,pic
pic/gallery_listing124_1.gif,gif,12209,pic
pic/gallery_listing124_1.jpg,jpg,5933,pic
pic/gallery_listing125.gif,gif,185914,pic
pic/gallery_listing125.jpg,jpg,86539,pic
pic/gallery_listing125_1.gif,gif,13233,pic
pic/gallery_listing125_1.jpg,jpg,7229,pic
pic/gallery_listing126.gif,gif,195277,pic
pic/gallery_listing126.jpg,jpg,116498,pic
pic/gallery_listing126_1.gif,gif,12463,pic
pic/gallery_listing126_1.jpg,jpg,9271,pic
pic/gallery_listing127.gif,gif,208712,pic
pic/gallery_listing127.jpg,jpg,118109,pic
pic/gallery_listing127_1.gif,gif,13839,pic
pic/gallery_listing127_1.jpg,jpg,8924,pic
pic/gallery_listing128.gif,gif,192921,pic
pic/gallery_listing128.jpg,jpg,104596,pic
pic/gallery_listing128_1.gif,gif,12794,pic
pic/gallery_listing128_1.jpg,jpg,8857,pic
pic/gallery_listing129.gif,gif,208448,pic
pic/gallery_listing129.jpg,jpg,125097,pic
pic/gallery_listing129_1.gif,gif,13401,pic
pic/gallery_listing129_1.jpg,jpg,9432,pic
pic/gallery_listing12_1.jpg,jpg,8945,pic
pic/gallery_listing13.jpg,jpg,61819,pic
pic/gallery_listing130.gif,gif,184804,pic
pic/gallery_listing130.jpg,jpg,86471,pic
pic/gallery_listing130_1.gif,gif,12555,pic
pic/gallery_listing130_1.jpg,jpg,7075,pic
pic/gallery_listing131.gif,gif,209513,pic
pic/gallery_listing131.jpg,jpg,114514,pic
pic/gallery_listing131_1.gif,gif,13850,pic
pic/gallery_listing131_1.jpg,jpg,9497,pic
pic/gallery_listing132.gif,gif,209798,pic
pic/gallery_listing132.jpg,jpg,108766,pic
pic/gallery_listing132_1.gif,gif,13976,pic
pic/gallery_listing132_1.jpg,jpg,8659,pic
pic/gallery_listing133.gif,gif,208701,pic
pic/gallery_listing133.jpg,jpg,108538,pic
pic/gallery_listing133_1.gif,gif,13968,pic
pic/gallery_listing133_1.jpg,jpg,8953,pic
pic/gallery_listing134.gif,gif,195091,pic
pic/gallery_listing134.jpg,jpg,99757,pic
pic/gallery_listing134_1.gif,gif,13337,pic
pic/gallery_listing134_1.jpg,jpg,8543,pic
pic/gallery_listing135.gif,gif,201977,pic
pic/gallery_listing135.jpg,jpg,100501,pic
pic/gallery_listing135_1.gif,gif,13365,pic
pic/gallery_listing135_1.jpg,jpg,8368,pic
pic/gallery_listing136.gif,gif,167319,pic
pic/gallery_listing136.jpg,jpg,68420,pic
pic/gallery_listing136_1.gif,gif,12057,pic
pic/gallery_listing136_1.jpg,jpg,5934,pic
pic/gallery_listing137.gif,gif,161957,pic
pic/gallery_listing137.jpg,jpg,70419,pic
pic/gallery_listing137_1.gif,gif,10406,pic
pic/gallery_listing137_1.jpg,jpg,5863,pic
pic/gallery_listing138.gif,gif,190178,pic
pic/gallery_listing138.jpg,jpg,93997,pic
pic/gallery_listing138_1.gif,gif,11797,pic
pic/gallery_listing138_1.jpg,jpg,7011,pic
pic/gallery_listing139.gif,gif,203806,pic
pic/gallery_listing139.jpg,jpg,123866,pic
pic/gallery_listing139_1.gif,gif,13730,pic
pic/gallery_listing139_1.jpg,jpg,10677,pic
pic/gallery_listing13_1.jpg,jpg,7767,pic
pic/gallery_listing14.jpg,jpg,54343,pic
pic/gallery_listing140.gif,gif,197865,pic
pic/gallery_listing140.jpg,jpg,95716,pic
pic/gallery_listing140_1.gif,gif,13132,pic
pic/gallery_listing140_1.jpg,jpg,7858,pic
pic/gallery_listing141.gif,gif,204367,pic
pic/gallery_listing141.jpg,jpg,109630,pic
pic/gallery_listing141_1.gif,gif,13412,pic
pic/gallery_listing141_1.jpg,jpg,8975,pic
pic/gallery_listing142.gif,gif,200960,pic
pic/gallery_listing142.jpg,jpg,120466,pic
pic/gallery_listing142_1.gif,gif,13437,pic
pic/gallery_listing142_1.jpg,jpg,9933,pic
pic/gallery_listing143.gif,gif,214356,pic
pic/gallery_listing143.jpg,jpg,103433,pic
pic/gallery_listing143_1.gif,gif,13887,pic
pic/gallery_listing143_1.jpg,jpg,8987,pic
pic/gallery_listing144.gif,gif,215353,pic
pic/gallery_listing144.jpg,jpg,129592,pic
pic/gallery_listing144_1.gif,gif,14640,pic
pic/gallery_listing144_1.jpg,jpg,10410,pic
pic/gallery_listing145.gif,gif,206427,pic
pic/gallery_listing145.jpg,jpg,102032,pic
pic/gallery_listing145_1.gif,gif,13718,pic
pic/gallery_listing145_1.jpg,jpg,8748,pic
pic/gallery_listing146.gif,gif,211319,pic
pic/gallery_listing146.jpg,jpg,111948,pic
pic/gallery_listing146_1.gif,gif,13828,pic
pic/gallery_listing146_1.jpg,jpg,9198,pic
pic/gallery_listing147.jpg,jpg,116355,pic
pic/gallery_listing147_1.gif,gif,12332,pic
pic/gallery_listing147_1.jpg,jpg,8625,pic
pic/gallery_listing148.jpg,jpg,106969,pic
pic/gallery_listing148_1.gif,gif,17772,pic
pic/gallery_listing148_1.jpg,jpg,9720,pic
pic/gallery_listing149.jpg,jpg,109080,pic
pic/gallery_listing149_1.gif,gif,12533,pic
pic/gallery_listing149_1.jpg,jpg,8428,pic
pic/gallery_listing14_1.jpg,jpg,6915,pic
pic/gallery_listing15.jpg,jpg,214294,pic
pic/gallery_listing150.jpg,jpg,144843,pic
pic/gallery_listing150_1.gif,gif,13982,pic
pic/gallery_listing150_1.jpg,jpg,8035,pic
pic/gallery_listing151.jpg,jpg,124636,pic
pic/gallery_listing151_1.gif,gif,14314,pic
pic/gallery_listing151_1.jpg,jpg,8772,pic
pic/gallery_listing152.jpg,jpg,95459,pic
pic/gallery_listing152_1.gif,gif,12603,pic
pic/gallery_listing152_1.jpg,jpg,7490,pic
pic/gallery_listing153.jpg,jpg,91139,pic
pic/gallery_listing153_1.gif,gif,12912,pic
pic/gallery_listing153_1.jpg,jpg,8447,pic
pic/gallery_listing154.jpg,jpg,116938,pic
pic/gallery_listing154_1.gif,gif,14087,pic
pic/gallery_listing154_1.jpg,jpg,9659,pic
pic/gallery_listing155.jpg,jpg,114721,pic
pic/gallery_listing155_1.gif,gif,13647,pic
pic/gallery_listing155_1.jpg,jpg,9367,pic
pic/gallery_listing156.jpg,jpg,91802,pic
pic/gallery_listing156_1.gif,gif,11253,pic
pic/gallery_listing156_1.jpg,jpg,7788,pic
pic/gallery_listing157.jpg,jpg,95380,pic
pic/gallery_listing157_1.gif,gif,12542,pic
pic/gallery_listing157_1.jpg,jpg,7438,pic
pic/gallery_listing158.jpg,jpg,106475,pic
pic/gallery_listing158_1.gif,gif,13330,pic
pic/gallery_listing158_1.jpg,jpg,8233,pic
pic/gallery_listing159.jpg,jpg,114095,pic
pic/gallery_listing159_1.gif,gif,13475,pic
pic/gallery_listing159_1.jpg,jpg,9350,pic
pic/gallery_listing15_1.jpg,jpg,14906,pic
pic/gallery_listing16.jpg,jpg,110145,pic
pic/gallery_listing160.jpg,jpg,111493,pic
pic/gallery_listing160_1.gif,gif,12433,pic
pic/gallery_listing160_1.jpg,jpg,9215,pic
pic/gallery_listing161.jpg,jpg,116206,pic
pic/gallery_listing161_1.gif,gif,13140,pic
pic/gallery_listing161_1.jpg,jpg,9549,pic
pic/gallery_listing162.jpg,jpg,107292,pic
pic/gallery_listing162_1.gif,gif,12978,pic
pic/gallery_listing162_1.jpg,jpg,8339,pic
pic/gallery_listing163.jpg,jpg,77329,pic
pic/gallery_listing163_1.gif,gif,11449,pic
pic/gallery_listing163_1.jpg,jpg,7088,pic
pic/gallery_listing164.jpg,jpg,111825,pic
pic/gallery_listing164_1.gif,gif,14006,pic
pic/gallery_listing164_1.jpg,jpg,8750,pic
pic/gallery_listing165.jpg,jpg,105404,pic
pic/gallery_listing165_1.gif,gif,13454,pic
pic/gallery_listing165_1.jpg,jpg,7830,pic
pic/gallery_listing166.jpg,jpg,116468,pic
pic/gallery_listing166_1.gif,gif,14410,pic
pic/gallery_listing166_1.jpg,jpg,9501,pic
pic/gallery_listing167.jpg,jpg,101034,pic
pic/gallery_listing167_1.gif,gif,13465,pic
pic/gallery_listing167_1.jpg,jpg,8232,pic
pic/gallery_listing168.jpg,jpg,105248,pic
pic/gallery_listing168_1.gif,gif,13122,pic
pic/gallery_listing168_1.jpg,jpg,8320,pic
pic/gallery_listing169.jpg,jpg,93059,pic
pic/gallery_listing169_1.gif,gif,13573,pic
pic/gallery_listing169_1.jpg,jpg,7291,pic
pic/gallery_listing16_1.jpg,jpg,13348,pic
pic/gallery_listing17.jpg,jpg,220656,pic
pic/gallery_listing170.jpg,jpg,74702,pic
pic/gallery_listing170_1.gif,gif,12540,pic
pic/gallery_listing170_1.jpg,jpg,5412,pic
pic/gallery_listing171.jpg,jpg,89837,pic
pic/gallery_listing171_1.gif,gif,12523,pic
pic/gallery_listing171_1.jpg,jpg,7090,pic
pic/gallery_listing172.jpg,jpg,84736,pic
pic/gallery_listing172_1.gif,gif,12435,pic
pic/gallery_listing172_1.jpg,jpg,6789,pic
pic/gallery_listing173.jpg,jpg,98988,pic
pic/gallery_listing173_1.gif,gif,13479,pic
pic/gallery_listing173_1.jpg,jpg,7629,pic
pic/gallery_listing174.jpg,jpg,89984,pic
pic/gallery_listing174_1.gif,gif,12756,pic
pic/gallery_listing174_1.jpg,jpg,6945,pic
pic/gallery_listing175.jpg,jpg,105849,pic
pic/gallery_listing175_1.gif,gif,12839,pic
pic/gallery_listing175_1.jpg,jpg,7583,pic
pic/gallery_listing176.jpg,jpg,66443,pic
pic/gallery_listing176_1.gif,gif,11688,pic
pic/gallery_listing176_1.jpg,jpg,5324,pic
pic/gallery_listing177.jpg,jpg,96586,pic
pic/gallery_listing177_1.gif,gif,13240,pic
pic/gallery_listing177_1.jpg,jpg,7566,pic
pic/gallery_listing178.jpg,jpg,103227,pic
pic/gallery_listing178_1.gif,gif,12901,pic
pic/gallery_listing178_1.jpg,jpg,8100,pic
pic/gallery_listing179.jpg,jpg,81692,pic
pic/gallery_listing179_1.gif,gif,12864,pic
pic/gallery_listing179_1.jpg,jpg,6491,pic
pic/gallery_listing17_1.jpg,jpg,14368,pic
pic/gallery_listing18.jpg,jpg,221462,pic
pic/gallery_listing180.jpg,jpg,69721,pic
pic/gallery_listing180_1.gif,gif,10475,pic
pic/gallery_listing180_1.jpg,jpg,5351,pic
pic/gallery_listing181.jpg,jpg,136961,pic
pic/gallery_listing181_1.gif,gif,13781,pic
pic/gallery_listing181_1.jpg,jpg,10628,pic
pic/gallery_listing182.jpg,jpg,41901,pic
pic/gallery_listing182_1.jpg,jpg,13073,pic
pic/gallery_listing183.jpg,jpg,98516,pic
pic/gallery_listing183_1.jpg,jpg,8219,pic
pic/gallery_listing184.jpg,jpg,46762,pic
pic/gallery_listing184_1.jpg,jpg,9828,pic
pic/gallery_listing185.jpg,jpg,59257,pic
pic/gallery_listing185_1.jpg,jpg,10304,pic
pic/gallery_listing186.jpg,jpg,48388,pic
pic/gallery_listing186_1.jpg,jpg,9371,pic
pic/gallery_listing187.jpg,jpg,108874,pic
pic/gallery_listing187_1.jpg,jpg,29242,pic
pic/gallery_listing188.jpg,jpg,105067,pic
pic/gallery_listing188_1.jpg,jpg,28173,pic
pic/gallery_listing189.jpg,jpg,108694,pic
pic/gallery_listing189_1.jpg,jpg,8866,pic
pic/gallery_listing18_1.jpg,jpg,14019,pic
pic/gallery_listing19.jpg,jpg,86110,pic
pic/gallery_listing190.jpg,jpg,121619,pic
pic/gallery_listing190_1.jpg,jpg,6979,pic
pic/gallery_listing191.jpg,jpg,51145,pic
pic/gallery_listing191_1.jpg,jpg,4529,pic
pic/gallery_listing193.jpg,jpg,23392,pic
pic/gallery_listing193_1.jpg,jpg,7200,pic
pic/gallery_listing195.jpg,jpg,20906,pic
pic/gallery_listing195_1.jpg,jpg,6486,pic
pic/gallery_listing196.jpg,jpg,26327,pic
pic/gallery_listing196_1.jpg,jpg,7473,pic
pic/gallery_listing197.jpg,jpg,23692,pic
pic/gallery_listing197_1.jpg,jpg,7229,pic
pic/gallery_listing19_1.jpg,jpg,9391,pic
pic/gallery_listing1_1.jpg,jpg,5682,pic
pic/gallery_listing2.jpg,jpg,55285,pic
pic/gallery_listing20.jpg,jpg,210628,pic
pic/gallery_listing200.jpg,jpg,33442,pic
pic/gallery_listing200_1.jpg,jpg,8615,pic
pic/gallery_listing201.jpg,jpg,25945,pic
pic/gallery_listing201_1.jpg,jpg,8378,pic
pic/gallery_listing202.jpg,jpg,22616,pic
pic/gallery_listing202_1.jpg,jpg,6804,pic
pic/gallery_listing20_1.jpg,jpg,14733,pic
pic/gallery_listing25.jpg,jpg,128427,pic
pic/gallery_listing25_1.jpg,jpg,11204,pic
pic/gallery_listing26.jpg,jpg,136984,pic
pic/gallery_listing26_1.jpg,jpg,11421,pic
pic/gallery_listing27.jpg,jpg,147407,pic
pic/gallery_listing27_1.jpg,jpg,11622,pic
pic/gallery_listing28.jpg,jpg,126172,pic
pic/gallery_listing28_1.jpg,jpg,10544,pic
pic/gallery_listing29.jpg,jpg,134179,pic
pic/gallery_listing29_1.jpg,jpg,10658,pic
pic/gallery_listing2_1.jpg,jpg,6620,pic
pic/gallery_listing3.jpg,jpg,68677,pic
pic/gallery_listing30.jpg,jpg,131360,pic
pic/gallery_listing30_1.jpg,jpg,10913,pic
pic/gallery_listing31.jpg,jpg,109145,pic
pic/gallery_listing31_1.jpg,jpg,10090,pic
pic/gallery_listing32.jpg,jpg,120904,pic
pic/gallery_listing32_1.jpg,jpg,10383,pic
pic/gallery_listing33.jpg,jpg,94091,pic
pic/gallery_listing33_1.jpg,jpg,8528,pic
pic/gallery_listing34.jpg,jpg,124483,pic
pic/gallery_listing34_1.jpg,jpg,10833,pic
pic/gallery_listing35.jpg,jpg,136404,pic
pic/gallery_listing35_1.jpg,jpg,10906,pic
pic/gallery_listing36.jpg,jpg,161291,pic
pic/gallery_listing36_1.jpg,jpg,10022,pic
pic/gallery_listing37.jpg,jpg,125986,pic
pic/gallery_listing37_1.jpg,jpg,9050,pic
pic/gallery_listing38.jpg,jpg,129250,pic
pic/gallery_listing38_1.jpg,jpg,9635,pic
pic/gallery_listing39.jpg,jpg,136369,pic
pic/gallery_listing39_1.jpg,jpg,10558,pic
pic/gallery_listing3_1.jpg,jpg,8042,pic
pic/gallery_listing4.jpg,jpg,54410,pic
pic/gallery_listing40.jpg,jpg,135575,pic
pic/gallery_listing40_1.jpg,jpg,9903,pic
pic/gallery_listing41.jpg,jpg,133885,pic
pic/gallery_listing41_1.jpg,jpg,10100,pic
pic/gallery_listing42.jpg,jpg,131195,pic
pic/gallery_listing42_1.jpg,jpg,10467,pic
pic/gallery_listing43.jpg,jpg,110126,pic
pic/gallery_listing43_1.jpg,jpg,8370,pic
pic/gallery_listing44.jpg,jpg,127994,pic
pic/gallery_listing44_1.jpg,jpg,9297,pic
pic/gallery_listing45.jpg,jpg,149547,pic
pic/gallery_listing45_1.jpg,jpg,10735,pic
pic/gallery_listing46.jpg,jpg,138241,pic
pic/gallery_listing46_1.jpg,jpg,10011,pic
pic/gallery_listing47.jpg,jpg,139638,pic
pic/gallery_listing47_1.jpg,jpg,10332,pic
pic/gallery_listing4_1.jpg,jpg,7321,pic
pic/gallery_listing5.jpg,jpg,51135,pic
pic/gallery_listing5_1.jpg,jpg,6199,pic
pic/gallery_listing6.jpg,jpg,54318,pic
pic/gallery_listing6_1.jpg,jpg,6196,pic
pic/gallery_listing7.jpg,jpg,49807,pic
pic/gallery_listing7_1.jpg,jpg,5901,pic
pic/gallery_listing8.jpg,jpg,59997,pic
pic/gallery_listing8_1.jpg,jpg,6798,pic
pic/gallery_listing9.jpg,jpg,55191,pic
pic/gallery_listing92.jpg,jpg,118033,pic
pic/gallery_listing92_1.jpg,jpg,24927,pic
pic/gallery_listing93.jpg,jpg,61180,pic
pic/gallery_listing93_1.jpg,jpg,21471,pic
pic/gallery_listing94.jpg,jpg,119534,pic
pic/gallery_listing94_1.jpg,jpg,25994,pic
pic/gallery_listing95.jpg,jpg,75721,pic
pic/gallery_listing95_1.jpg,jpg,24729,pic
pic/gallery_listing96.jpg,jpg,75920,pic
pic/gallery_listing96_1.jpg,jpg,23657,pic
pic/gallery_listing97.jpg,jpg,108874,pic
pic/gallery_listing97_1.jpg,jpg,29242,pic
pic/gallery_listing98.jpg,jpg,141369,pic
pic/gallery_listing98_1.jpg,jpg,33063,pic
pic/gallery_listing99.jpg,jpg,57417,pic
pic/gallery_listing99_1.jpg,jpg,20094,pic
pic/gallery_listing9_1.jpg,jpg,6533,pic
pic/gallery_menu15.jpg,jpg,8886,pic
pic/gallery_menu15_1.jpg,jpg,2059,pic
pic/listing1.jpg,jpg,25550,pic
pic/listing18.jpg,jpg,16547,pic
pic/listing18_1.jpg,jpg,2842,pic
pic/listing19.jpg,jpg,10863,pic
pic/listing19_1.jpg,jpg,2380,pic
pic/listing1_1.jpg,jpg,2944,pic
pic/listing2.jpg,jpg,23657,pic
pic/listing20.jpg,jpg,10435,pic
pic/listing20_1.jpg,jpg,2535,pic
pic/listing21.jpg,jpg,6979,pic
pic/listing21_1.jpg,jpg,2842,pic
pic/listing22.jpg,jpg,7314,pic
pic/listing22_1.jpg,jpg,2425,pic
pic/listing23.jpg,jpg,49381,pic
pic/listing23_1.jpg,jpg,2983,pic
pic/listing26.jpg,jpg,9828,pic
pic/listing26_1.jpg,jpg,2577,pic
pic/listing27.jpg,jpg,25524,pic
pic/listing27_1.jpg,jpg,2779,pic
pic/listing28_1.jpg,jpg,2059,pic
pic/listing2_1.jpg,jpg,2396,pic
pic/listing3.jpg,jpg,7704,pic
pic/listing3_1.jpg,jpg,3091,pic
pic/listing4.jpg,jpg,22641,pic
pic/listing4_1.jpg,jpg,2771,pic
pic/listing5.jpg,jpg,7066,pic
pic/listing5_1.jpg,jpg,1961,pic
pic/listing6.jpg,jpg,5062,pic
pic/listing6_1.jpg,jpg,3465,pic
pic/listing7.jpg,jpg,6036,pic
pic/listing7_1.jpg,jpg,2008,pic
pic/maskarad320x240.jpg,jpg,14336,pic
pic/maskarad32x32.gif,gif,1352,pic
pic/maskarad468x60.gif,gif,10289,pic
pic/orders_users.jpg,jpg,157402,pic
pic/orders_users221.jpg,jpg,25236,pic
pic/orders_users221_1.jpg,jpg,3881,pic
pic/orders_users_1.jpg,jpg,7034,pic
pic/pixel.gif,gif,49,pic
pic/Сказки Востока_1.jpg,jpg,63534,pic
pic/Сказки Востока_2.jpg,jpg,69820,pic
pic/Смурфы гл_2.jpg,jpg,67497,pic
pic/Смурфы гл_3.jpg,jpg,63045,pic
pic/грим главн.jpg,jpg,4799,pic
pic/грим главн1.jpg,jpg,48430,pic
pic/грим главн130.jpg,jpg,32884,pic
pic/грим главн170.jpg,jpg,4899,pic
pic/стол гримера 2.jpg,jpg,75829,pic
templates/images/arrow.gif,gif,51,templates
templates/images/balloons.gif,gif,257,templates
templates/images/bg-photo.gif,gif,6506,templates
templates/images/border-b.gif,gif,49,templates
templates/images/border-bl.gif,gif,51,templates
templates/images/border-br.gif,gif,51,templates
templates/images/border-l.gif,gif,49,templates
templates/images/border-r.gif,gif,49,templates
templates/images/border-t.gif,gif,49,templates
templates/images/border-tl.gif,gif,51,templates
templates/images/border-tr.gif,gif,51,templates
templates/images/bullet1.jpg,jpg,696,templates
templates/images/button_price.jpg,jpg,1814,templates
templates/images/button_sub1.jpg,jpg,2869,templates
templates/images/convert.jpg,jpg,2921,templates
templates/images/dizmsakaraad3x1024kontent_30.jpg,jpg,1696,templates
templates/images/fg_sub1.jpg,jpg,5026,templates
templates/images/fg_sub1_bg.jpg,jpg,1968,templates
templates/images/fg_sub1_photo1.jpg,jpg,5457,templates
templates/images/fg_sub1_photo2.jpg,jpg,5983,templates
templates/images/fg_sub1_photo3.jpg,jpg,6079,templates
templates/images/fg_sub1_photo4.jpg,jpg,5584,templates
templates/images/fg_sub1_photo4_1.jpg,jpg,13751,templates
templates/images/fg_sub1_photo5.jpg,jpg,5608,templates
templates/images/fg_sub1_photo5_1.jpg,jpg,11915,templates
templates/images/fg_sub1_photo6.jpg,jpg,4855,templates
templates/images/fg_sub1_photo6_1.jpg,jpg,13067,templates
templates/images/fg_sub1_photo7.jpg,jpg,11642,templates
templates/images/ico1.jpg,jpg,592,templates
templates/images/ico2.jpg,jpg,499,templates
templates/images/ico3.jpg,jpg,677,templates
templates/images/leftm.jpg,jpg,6354,templates
templates/images/lightbox/lightbox-blank.gif,gif,43,templates
templates/images/lightbox/lightbox-btn-close.gif,gif,428,templates
templates/images/lightbox/lightbox-btn-next.gif,gif,146,templates
templates/images/lightbox/lightbox-btn-prev.gif,gif,145,templates
templates/images/lightbox/lightbox-ico-loading.gif,gif,3990,templates
templates/images/lm_0.jpg,jpg,715,templates
templates/images/lm_1.jpg,jpg,3651,templates
templates/images/lm_2.jpg,jpg,9641,templates
templates/images/lm_2b.jpg,jpg,486,templates
templates/images/lm_3.jpg,jpg,20665,templates
templates/images/lm_bg.jpg,jpg,1575,templates
templates/images/lr_1.jpg,jpg,11257,templates
templates/images/lr_2.jpg,jpg,598,templates
templates/images/lr_2_1.jpg,jpg,379,templates
templates/images/lr_2_2.jpg,jpg,463,templates
templates/images/lr_3.jpg,jpg,27851,templates
templates/images/lr_bg.jpg,jpg,1754,templates
templates/images/m1.jpg,jpg,3705,templates
templates/images/m10.jpg,jpg,4656,templates
templates/images/m10_1.jpg,jpg,5091,templates
templates/images/m1_1.jpg,jpg,4112,templates
templates/images/m2.jpg,jpg,2307,templates
templates/images/m2_1.jpg,jpg,2566,templates
templates/images/m3.jpg,jpg,2540,templates
templates/images/m3_1.jpg,jpg,2844,templates
templates/images/m4.jpg,jpg,3176,templates
templates/images/m4_1.jpg,jpg,3507,templates
templates/images/m5.jpg,jpg,4507,templates
templates/images/m5_1.jpg,jpg,4901,templates
templates/images/m6.jpg,jpg,3865,templates
templates/images/m6_1.jpg,jpg,4179,templates
templates/images/m7.jpg,jpg,4259,templates
templates/images/m7_1.jpg,jpg,4553,templates
templates/images/m8.jpg,jpg,4656,templates
templates/images/m8_1.jpg,jpg,5091,templates
templates/images/m8_1old.jpg,jpg,3229,templates
templates/images/m8_old.jpg,jpg,2894,templates
templates/images/m9.jpg,jpg,3710,templates
templates/images/m9_1.jpg,jpg,3864,templates
templates/images/m9_1old.jpg,jpg,3471,templates
templates/images/m9old.jpg,jpg,3168,templates
templates/images/mm-02.jpg,jpg,1837,templates
templates/images/mm.jpg,jpg,2055,templates
templates/images/mmm.jpg,jpg,3086,templates
templates/images/mmm1.jpg,jpg,3176,templates
templates/images/mp3.gif,gif,1071,templates
templates/images/p.gif,gif,49,templates
templates/images/ph_g.jpg,jpg,5143,templates
templates/images/photo1.jpg,jpg,13922,templates
templates/images/photo2.jpg,jpg,7320,templates
templates/images/photo3.jpg,jpg,7395,templates
templates/images/photo4.jpg,jpg,7900,templates
templates/images/pixel.gif,gif,49,templates
templates/images/prazd_sub1_1.jpg,jpg,12277,templates
templates/images/prazd_sub1_2.jpg,jpg,9333,templates
templates/images/prazd_sub1_3.jpg,jpg,21588,templates
templates/images/prazd_sub1_4.jpg,jpg,3243,templates
templates/images/prazd_sub1_bg.jpg,jpg,1210,templates
templates/images/punktir_h.gif,gif,44,templates
templates/images/punktir_v.gif,gif,36,templates
templates/images/rm_1.jpg,jpg,3433,templates
templates/images/shadow.jpg,jpg,954,templates
templates/images/shadow1.jpg,jpg,649,templates
templates/images/sources/voter.psd,psd,80723,templates
templates/images/sp1.jpg,jpg,66533,templates
templates/images/sp2.jpg,jpg,47623,templates
templates/images/spbg.jpg,jpg,331,templates
templates/images/stora_01.png,png,54705,templates
templates/images/stora_01_5456653.png,png,55961,templates
templates/images/stora_01_5456653_old.png,png,18778,templates
templates/images/stora_01_old.png,png,34570,templates
templates/images/stora_01_old1.png,png,61986,templates
templates/images/stora_01_old_5458668.png,png,18687,templates
templates/images/sub3_but1.jpg,jpg,2795,templates
templates/images/sub3_but2.jpg,jpg,4081,templates
templates/images/top.jpg,jpg,230669,templates
templates/images/top1.jpg,jpg,163261,templates
templates/images/top_old.jpg,jpg,454858,templates
templates/images/vk.gif,gif,579,templates
templates/images/z_left.jpg,jpg,1218,templates
templates/images/z_right.jpg,jpg,976,templates
templates/images/z_right0.jpg,jpg,1096,templates
voter.psd,psd,80723,voter.psd
